transaction_id,user_id,product_id,timestamp,quantity
1,260,15,2026-05-22 05:04:23,5
2,293,68,2026-06-28 11:35:33,3
3,28,29,2026-06-02 02:05:29,5
4,33,1,2026-05-14 13:24:05,3
5,130,99,2026-05-08 00:50:28,3
6,177,42,2026-05-06 08:38:41,1
7,299,96,2026-06-05 12:33:36,2
8,81,49,2026-06-15 10:04:04,2
9,301,72,2026-07-14 14:55:01,3
10,41,51,2026-07-17 09:07:03,1
11,265,3,2026-06-08 08:21:58,1
12,196,74,2026-06-05 09:21:57,5
13,246,91,2026-06-25 20:41:57,4
14,177,15,2026-06-03 00:51:17,1
15,202,22,2026-07-11 12:16:37,5
16,279,89,2026-07-23 00:16:47,3
17,53,56,2026-07-15 16:51:08,1
18,150,56,2026-06-20 21:13:50,4
19,314,11,2026-06-02 03:15:51,3
20,449,44,2026-05-16 05:21:41,3
21,472,22,2026-05-02 03:02:16,5
22,381,15,2026-06-15 05:27:35,5
23,121,100,2026-05-28 15:09:52,3
24,438,83,2026-07-12 20:14:05,2
25,143,14,2026-05-08 22:18:03,3
26,123,23,2026-06-22 04:45:08,2
27,461,98,2026-06-27 08:30:28,1
28,110,99,2026-06-24 16:17:16,4
29,281,97,2026-06-18 10:39:35,5
30,272,88,2026-07-23 10:29:47,5
31,386,82,2026-06-24 08:18:08,3
32,378,41,2026-05-09 08:49:02,4
33,39,61,2026-06-06 15:28:50,3
34,484,36,2026-06-21 03:10:08,1
35,217,65,2026-05-01 21:56:16,3
36,280,58,2026-04-28 08:41:32,1
37,225,37,2026-05-02 03:51:26,1
38,369,77,2026-06-12 22:36:53,4
39,280,75,2026-06-17 12:42:42,1
40,273,74,2026-06-26 23:57:08,2
41,200,78,2026-06-09 21:21:25,5
42,95,8,2026-06-07 10:51:21,1
43,492,44,2026-07-03 01:32:13,1
44,303,83,2026-05-11 11:09:09,1
45,152,91,2026-06-06 05:06:42,4
46,314,67,2026-06-22 22:00:38,2
47,223,48,2026-07-22 20:00:31,3
48,237,53,2026-07-08 21:41:41,3
49,410,77,2026-04-29 19:04:53,3
50,38,43,2026-05-03 21:16:33,5
51,410,50,2026-05-22 07:10:17,3
52,436,85,2026-07-21 16:59:33,5
53,94,43,2026-05-02 14:58:28,5
54,399,19,2026-07-22 17:14:06,3
55,194,84,2026-07-01 12:38:14,4
56,81,77,2026-07-02 12:45:50,1
57,194,72,2026-05-31 06:47:15,3
58,493,17,2026-06-28 18:32:43,5
59,55,83,2026-06-28 19:20:12,4
60,306,47,2026-04-26 11:32:28,3
61,194,24,2026-05-15 12:09:58,3
62,465,63,2026-05-13 08:27:56,2
63,87,20,2026-05-02 04:52:07,3
64,479,13,2026-06-13 00:03:49,5
65,446,68,2026-04-28 09:01:08,3
66,465,80,2026-05-07 10:25:39,5
67,229,20,2026-05-10 11:07:28,2
68,419,99,2026-06-24 08:48:42,2
69,435,57,2026-04-28 22:52:18,4
70,223,87,2026-07-03 13:49:02,2
71,270,79,2026-05-22 08:59:28,4
72,142,69,2026-05-17 22:21:50,3
73,491,61,2026-07-21 11:28:26,2
74,225,87,2026-06-19 02:14:04,4
75,280,99,2026-05-22 01:38:12,4
76,302,68,2026-06-04 08:36:41,2
77,498,26,2026-07-11 12:07:49,5
78,87,33,2026-04-29 18:38:55,4
79,227,71,2026-05-04 16:06:45,5
80,77,37,2026-05-02 20:30:15,2
81,167,58,2026-07-21 14:34:38,5
82,93,56,2026-05-03 14:46:09,2
83,498,58,2026-07-19 14:23:52,3
84,16,54,2026-04-29 21:09:31,4
85,302,48,2026-05-17 14:27:49,4
86,48,48,2026-05-16 12:16:27,1
87,199,13,2026-07-15 04:29:00,3
88,482,19,2026-05-08 01:41:29,1
89,174,61,2026-07-01 07:01:35,2
90,460,91,2026-06-09 06:10:00,4
91,370,1,2026-07-21 15:51:43,1
92,11,33,2026-05-15 15:34:23,2
93,328,94,2026-06-22 19:51:16,5
94,256,15,2026-07-09 01:40:27,3
95,144,39,2026-05-06 12:59:18,1
96,146,54,2026-06-25 17:55:35,5
97,278,9,2026-05-05 11:22:43,4
98,358,69,2026-04-26 07:21:29,5
99,344,31,2026-07-03 11:23:26,2
100,183,55,2026-04-24 20:42:22,5
101,217,31,2026-06-19 02:48:14,4
102,115,86,2026-06-28 14:06:52,1
103,314,47,2026-05-01 06:45:55,5
104,326,65,2026-07-10 01:32:04,5
105,332,3,2026-06-01 14:53:03,4
106,26,82,2026-06-01 06:33:35,3
107,156,96,2026-04-26 06:54:29,3
108,479,9,2026-05-28 04:30:32,2
109,442,85,2026-06-24 17:00:21,1
110,468,75,2026-07-05 02:10:15,3
111,83,6,2026-05-28 21:58:38,5
112,210,83,2026-05-11 17:02:54,4
113,422,62,2026-06-25 01:06:44,2
114,492,18,2026-04-30 20:05:45,4
115,21,38,2026-05-14 06:48:07,1
116,482,26,2026-07-19 17:06:08,1
117,197,40,2026-06-13 17:59:30,4
118,496,70,2026-06-09 16:09:45,3
119,21,97,2026-06-26 12:26:54,2
120,174,46,2026-07-17 09:59:22,1
121,394,43,2026-05-21 05:42:07,1
122,486,48,2026-06-06 03:13:53,4
123,448,57,2026-07-20 13:43:03,4
124,210,24,2026-06-11 21:17:54,4
125,225,67,2026-05-20 14:33:55,1
126,438,55,2026-05-02 08:58:27,4
127,361,24,2026-06-16 16:06:30,3
128,200,14,2026-05-02 11:38:06,3
129,398,38,2026-05-24 11:14:53,4
130,361,92,2026-06-05 01:59:00,2
131,418,57,2026-05-28 20:13:29,4
132,25,94,2026-07-18 04:23:40,3
133,369,56,2026-05-21 08:49:17,1
134,45,86,2026-06-25 14:34:22,4
135,223,66,2026-07-11 11:45:00,2
136,18,19,2026-07-16 02:36:14,5
137,410,57,2026-04-28 02:08:54,2
138,39,31,2026-07-09 07:08:00,3
139,222,50,2026-06-18 18:50:12,1
140,362,20,2026-06-29 15:23:25,4
141,226,48,2026-06-06 19:30:52,1
142,343,18,2026-06-15 02:47:31,3
143,242,41,2026-06-26 18:38:50,3
144,153,15,2026-04-27 05:26:36,2
145,300,67,2026-06-01 06:48:25,5
146,72,34,2026-07-08 22:51:33,3
147,426,58,2026-05-15 13:02:47,5
148,174,89,2026-07-22 16:36:42,4
149,124,16,2026-05-07 21:19:52,1
150,275,23,2026-07-20 23:08:06,4
151,52,88,2026-07-15 19:16:06,3
152,401,45,2026-07-02 14:24:37,1
153,329,70,2026-05-22 21:39:15,3
154,99,92,2026-07-02 14:27:52,2
155,483,47,2026-06-13 02:32:52,2
156,75,26,2026-07-10 14:42:28,2
157,144,64,2026-04-27 06:18:26,3
158,332,74,2026-05-30 12:41:11,4
159,488,71,2026-05-07 07:26:59,5
160,52,9,2026-05-24 17:45:38,4
161,433,93,2026-06-10 04:25:53,5
162,249,99,2026-06-03 11:06:37,5
163,44,17,2026-05-25 11:47:20,1
164,273,60,2026-06-29 17:49:47,5
165,213,17,2026-07-18 22:51:23,5
166,384,76,2026-05-12 09:03:57,2
167,261,65,2026-07-22 03:10:28,1
168,77,67,2026-05-09 13:36:46,3
169,103,21,2026-05-26 00:54:54,2
170,214,67,2026-07-20 14:23:22,3
171,47,33,2026-05-13 18:28:39,5
172,168,17,2026-06-24 09:28:07,3
173,369,69,2026-05-03 18:45:54,5
174,385,22,2026-06-21 04:04:29,5
175,97,22,2026-06-27 16:01:11,5
176,434,78,2026-05-27 11:46:18,5
177,25,4,2026-05-02 14:19:26,1
178,385,99,2026-06-19 17:02:07,3
179,392,27,2026-07-08 04:12:18,5
180,252,80,2026-06-25 18:01:06,1
181,299,81,2026-06-16 16:20:55,3
182,385,39,2026-06-10 14:24:14,2
183,489,88,2026-06-03 03:19:31,3
184,276,10,2026-06-30 13:38:49,1
185,99,57,2026-06-04 01:31:47,4
186,281,27,2026-05-27 17:46:02,5
187,91,41,2026-07-17 08:28:00,3
188,442,45,2026-06-02 10:08:17,2
189,461,48,2026-06-13 17:03:06,5
190,63,41,2026-05-18 04:21:04,4
191,75,35,2026-06-07 08:41:44,2
192,90,13,2026-04-29 14:58:47,3
193,234,79,2026-06-04 07:23:08,2
194,100,42,2026-06-19 19:10:10,3
195,118,98,2026-05-10 04:21:21,4
196,309,60,2026-06-12 03:15:19,3
197,299,3,2026-05-03 10:53:26,4
198,303,59,2026-05-18 01:59:58,2
199,350,46,2026-04-29 10:26:34,1
200,172,64,2026-06-21 17:22:50,4
201,174,69,2026-04-25 12:06:57,1
202,260,18,2026-07-19 09:19:55,3
203,438,47,2026-07-07 20:58:34,4
204,224,6,2026-06-02 14:29:02,1
205,340,72,2026-05-13 14:38:27,3
206,332,37,2026-05-01 20:24:09,4
207,303,58,2026-07-07 22:15:06,5
208,171,80,2026-06-29 18:30:17,5
209,72,17,2026-05-04 02:20:43,4
210,228,44,2026-06-17 20:54:12,3
211,458,19,2026-05-14 00:53:58,5
212,306,52,2026-06-12 06:19:37,1
213,28,5,2026-05-08 00:22:44,3
214,488,61,2026-06-14 03:11:38,4
215,94,78,2026-07-20 10:12:31,5
216,89,42,2026-06-23 05:36:48,3
217,102,51,2026-06-23 13:36:40,3
218,356,44,2026-06-12 23:11:26,5
219,319,63,2026-07-02 12:32:40,5
220,187,61,2026-07-12 21:53:37,1
221,225,43,2026-06-29 03:08:37,1
222,252,75,2026-05-24 14:00:08,1
223,358,61,2026-05-20 11:47:30,5
224,345,30,2026-07-03 18:02:42,1
225,350,62,2026-05-11 06:22:58,5
226,379,93,2026-06-23 21:09:00,4
227,93,88,2026-05-18 05:25:12,1
228,343,90,2026-05-05 09:08:10,2
229,11,57,2026-05-25 04:01:03,4
230,95,53,2026-06-30 18:02:36,2
231,249,65,2026-07-08 22:52:38,5
232,285,95,2026-07-04 08:01:51,1
233,427,18,2026-06-14 01:40:50,2
234,336,42,2026-06-28 00:09:41,4
235,316,49,2026-05-25 04:09:27,2
236,279,69,2026-05-27 22:44:27,5
237,218,87,2026-07-08 15:55:39,3
238,365,62,2026-05-13 09:04:08,2
239,170,72,2026-05-23 16:36:52,2
240,186,99,2026-05-22 18:29:22,2
241,418,91,2026-06-11 04:31:15,3
242,289,45,2026-06-18 03:05:30,3
243,176,16,2026-06-19 09:21:32,5
244,232,51,2026-07-13 04:01:07,3
245,468,19,2026-05-22 21:51:53,1
246,176,92,2026-05-02 09:12:46,3
247,269,84,2026-05-19 14:37:07,4
248,131,26,2026-07-14 02:19:42,5
249,166,72,2026-07-01 07:15:28,3
250,87,14,2026-06-23 11:41:33,5
251,146,32,2026-04-29 15:21:11,5
252,137,82,2026-05-17 07:36:34,1
253,60,53,2026-05-26 18:42:03,4
254,60,88,2026-07-08 13:04:34,2
255,4,71,2026-05-10 01:05:25,4
256,393,61,2026-06-10 01:35:48,2
257,459,37,2026-05-25 21:26:09,3
258,388,8,2026-07-21 20:42:27,1
259,392,74,2026-05-17 06:10:24,5
260,446,93,2026-07-16 06:28:51,1
261,109,54,2026-07-19 08:50:27,2
262,21,51,2026-07-10 05:08:32,4
263,115,96,2026-07-18 09:38:44,3
264,22,2,2026-05-23 16:21:55,5
265,361,14,2026-05-27 05:45:56,3
266,276,83,2026-06-16 11:02:34,5
267,296,18,2026-07-16 08:10:26,5
268,283,35,2026-05-13 10:20:39,1
269,205,21,2026-07-04 16:41:32,4
270,389,33,2026-07-03 11:30:58,2
271,9,95,2026-05-27 10:35:21,3
272,339,87,2026-07-07 05:39:28,2
273,109,79,2026-07-16 20:01:37,4
274,258,66,2026-05-26 13:11:08,1
275,244,86,2026-05-03 23:19:28,2
276,89,62,2026-05-26 03:06:27,2
277,5,34,2026-05-31 22:51:15,2
278,271,97,2026-05-20 15:12:10,3
279,189,75,2026-07-03 21:29:58,5
280,7,34,2026-06-27 04:15:13,3
281,419,31,2026-04-30 17:49:16,1
282,282,40,2026-05-10 05:13:41,4
283,416,65,2026-07-23 08:03:14,3
284,418,16,2026-06-25 17:21:58,3
285,225,79,2026-05-16 03:40:37,2
286,83,62,2026-05-09 14:00:33,4
287,452,78,2026-05-30 23:40:12,4
288,425,71,2026-07-22 08:01:55,4
289,459,69,2026-07-11 13:50:41,2
290,462,32,2026-06-29 18:22:21,5
291,479,11,2026-06-14 17:34:49,4
292,317,91,2026-05-29 20:04:51,1
293,337,15,2026-04-30 16:58:04,5
294,303,26,2026-06-19 07:33:09,5
295,94,22,2026-05-26 13:37:50,5
296,269,15,2026-06-29 18:15:50,2
297,433,75,2026-06-11 04:06:46,1
298,307,58,2026-07-12 05:27:00,1
299,276,17,2026-06-13 13:00:54,4
300,277,73,2026-04-30 07:35:51,5
301,280,87,2026-07-12 01:18:36,3
302,436,3,2026-06-02 03:41:18,3
303,498,1,2026-07-06 02:54:41,2
304,347,10,2026-04-29 02:35:38,4
305,213,90,2026-04-30 21:37:56,5
306,35,9,2026-06-09 13:04:00,1
307,174,53,2026-05-12 04:26:52,2
308,465,83,2026-07-04 12:25:43,4
309,228,49,2026-06-07 06:13:42,4
310,229,11,2026-06-29 23:56:17,5
311,83,84,2026-07-17 05:40:26,3
312,72,23,2026-06-15 20:57:50,4
313,317,17,2026-07-04 09:05:36,2
314,3,97,2026-04-26 22:02:17,3
315,281,87,2026-07-03 12:40:17,5
316,257,69,2026-05-31 12:50:21,2
317,152,59,2026-05-28 07:40:18,2
318,169,25,2026-07-18 16:26:38,1
319,19,85,2026-06-04 09:57:45,5
320,465,3,2026-05-18 01:51:15,2
321,39,13,2026-06-21 09:03:04,1
322,271,77,2026-06-28 22:59:22,1
323,151,95,2026-04-29 00:08:24,4
324,267,30,2026-06-16 02:47:33,2
325,458,100,2026-04-30 04:35:06,2
326,302,38,2026-05-17 10:41:49,5
327,199,74,2026-06-21 18:18:36,3
328,144,39,2026-07-18 18:53:27,2
329,398,67,2026-05-16 04:07:40,4
330,187,36,2026-04-30 15:06:09,5
331,354,95,2026-07-22 05:11:27,2
332,376,87,2026-06-05 04:30:38,5
333,297,7,2026-05-28 03:36:20,4
334,478,68,2026-05-25 15:45:58,4
335,248,20,2026-05-23 19:51:07,4
336,114,97,2026-06-15 22:31:29,4
337,147,29,2026-05-23 21:49:39,2
338,489,60,2026-07-22 12:33:45,1
339,336,53,2026-06-04 03:35:41,5
340,318,18,2026-06-01 10:08:35,2
341,157,27,2026-05-26 18:37:46,1
342,273,48,2026-05-03 16:31:04,5
343,436,25,2026-04-29 17:09:00,3
344,231,87,2026-06-22 10:44:31,5
345,24,10,2026-05-12 23:30:48,5
346,436,86,2026-06-17 23:16:37,2
347,289,27,2026-07-18 03:04:55,3
348,190,2,2026-05-15 06:36:32,2
349,447,16,2026-07-06 05:24:57,4
350,150,90,2026-06-22 09:25:07,2
351,242,31,2026-06-17 07:29:56,3
352,470,37,2026-05-31 16:04:02,4
353,320,84,2026-05-29 14:11:47,3
354,160,47,2026-06-13 12:00:36,4
355,282,13,2026-07-11 15:45:33,4
356,461,41,2026-07-22 11:36:20,2
357,226,41,2026-06-03 21:35:17,1
358,337,29,2026-07-05 16:18:15,2
359,10,34,2026-06-17 10:22:13,5
360,347,93,2026-06-04 06:05:18,3
361,97,26,2026-05-26 17:42:10,2
362,232,73,2026-07-14 14:56:13,2
363,300,71,2026-06-27 06:24:29,3
364,158,98,2026-07-13 11:30:32,4
365,436,83,2026-07-05 12:26:24,4
366,279,22,2026-07-04 20:32:39,3
367,106,18,2026-07-03 15:30:47,5
368,294,24,2026-07-22 17:35:29,5
369,385,8,2026-06-14 13:56:24,1
370,45,86,2026-04-29 10:06:28,1
371,250,18,2026-07-15 12:19:57,2
372,39,91,2026-05-09 08:59:08,1
373,133,65,2026-06-07 23:38:26,3
374,35,80,2026-06-25 15:04:35,5
375,291,85,2026-06-11 01:50:39,1
376,5,69,2026-06-17 06:29:01,4
377,8,3,2026-06-15 02:41:37,3
378,321,37,2026-04-26 09:00:22,5
379,493,90,2026-06-29 03:40:18,4
380,489,23,2026-05-05 02:25:38,1
381,314,20,2026-05-18 02:33:33,2
382,372,68,2026-05-19 05:14:17,3
383,164,51,2026-05-02 09:11:21,3
384,246,59,2026-06-18 13:36:41,2
385,422,29,2026-05-23 20:03:09,1
386,393,84,2026-07-07 11:01:27,1
387,55,52,2026-05-31 12:48:37,4
388,330,61,2026-04-30 03:49:06,1
389,425,22,2026-05-02 17:44:01,4
390,262,83,2026-07-09 20:47:25,3
391,338,13,2026-07-20 14:04:32,5
392,25,30,2026-05-15 05:41:54,5
393,287,35,2026-04-29 05:33:30,1
394,415,36,2026-07-21 00:36:32,5
395,337,85,2026-04-27 21:43:40,2
396,197,3,2026-05-14 19:46:28,5
397,91,97,2026-07-13 09:24:32,4
398,46,39,2026-05-10 11:35:51,5
399,147,73,2026-07-14 17:56:16,4
400,407,70,2026-05-26 22:02:51,4
401,458,95,2026-05-08 07:10:10,1
402,301,96,2026-05-28 06:58:19,1
403,58,56,2026-05-17 05:59:45,1
404,211,78,2026-07-08 08:58:26,5
405,357,51,2026-07-08 19:34:28,3
406,18,82,2026-05-21 05:57:33,4
407,295,30,2026-05-29 06:09:40,5
408,229,56,2026-05-12 17:51:41,5
409,398,49,2026-05-03 00:44:34,5
410,185,32,2026-07-02 22:43:27,1
411,49,35,2026-05-09 16:25:19,4
412,430,82,2026-05-09 16:33:08,4
413,198,47,2026-05-05 01:20:33,1
414,4,40,2026-06-06 21:22:14,3
415,461,35,2026-05-04 15:16:39,2
416,52,24,2026-06-05 13:18:58,4
417,334,72,2026-06-13 11:08:05,4
418,61,4,2026-05-03 09:53:17,3
419,332,12,2026-06-21 15:59:46,5
420,476,42,2026-07-17 13:40:13,4
421,8,38,2026-06-03 21:18:30,4
422,472,11,2026-07-04 02:04:10,5
423,150,74,2026-06-14 07:19:21,2
424,415,49,2026-05-11 04:01:43,2
425,165,39,2026-05-20 18:29:39,4
426,92,9,2026-05-10 22:40:57,4
427,169,54,2026-05-23 19:32:04,4
428,475,10,2026-05-29 18:32:35,3
429,152,93,2026-06-24 09:29:42,4
430,357,79,2026-05-13 16:43:17,4
431,63,18,2026-05-24 06:57:56,1
432,241,43,2026-07-15 10:09:44,5
433,232,43,2026-06-06 10:51:17,3
434,260,84,2026-06-21 10:05:49,2
435,187,42,2026-06-22 06:38:42,2
436,289,41,2026-05-11 22:59:09,4
437,199,38,2026-07-05 01:26:32,4
438,344,32,2026-05-26 08:25:51,4
439,171,51,2026-05-30 03:36:32,1
440,337,26,2026-06-21 05:03:00,5
441,112,88,2026-07-08 05:44:25,5
442,16,94,2026-06-08 12:43:07,2
443,267,38,2026-07-14 10:05:17,1
444,499,53,2026-06-29 01:12:45,4
445,89,82,2026-05-24 02:42:44,2
446,156,85,2026-05-09 16:14:27,4
447,480,49,2026-05-01 21:24:44,4
448,359,62,2026-06-20 05:47:16,4
449,320,65,2026-07-23 08:57:43,4
450,326,5,2026-07-10 11:34:27,3
451,425,69,2026-06-21 08:45:42,1
452,64,99,2026-05-18 19:28:52,3
453,104,83,2026-06-23 04:42:14,1
454,337,83,2026-06-29 11:41:06,4
455,456,43,2026-07-11 00:24:50,4
456,63,2,2026-05-04 06:49:51,3
457,135,66,2026-07-06 05:21:17,5
458,334,75,2026-06-30 11:26:07,5
459,135,58,2026-05-31 00:49:22,4
460,281,99,2026-06-29 16:32:24,5
461,418,65,2026-05-09 08:19:20,3
462,14,62,2026-05-04 20:40:43,3
463,251,11,2026-05-05 23:31:20,2
464,215,40,2026-05-28 00:27:51,4
465,476,27,2026-06-14 07:20:48,4
466,215,61,2026-05-04 04:32:21,4
467,435,90,2026-06-07 15:20:22,3
468,39,39,2026-04-29 01:10:48,1
469,13,44,2026-06-26 14:56:25,1
470,407,22,2026-07-05 14:31:36,2
471,310,23,2026-06-17 07:06:19,2
472,205,72,2026-06-05 02:34:25,4
473,141,52,2026-06-24 20:30:32,2
474,115,82,2026-06-27 12:41:58,4
475,241,4,2026-07-05 07:18:01,5
476,123,58,2026-06-21 04:59:40,4
477,238,1,2026-07-02 03:12:50,2
478,127,36,2026-07-06 18:06:23,1
479,345,14,2026-07-11 08:02:11,5
480,115,47,2026-05-26 08:39:39,2
481,278,15,2026-05-20 04:23:19,4
482,317,82,2026-05-25 03:20:44,5
483,237,79,2026-06-01 19:45:17,5
484,70,45,2026-05-28 21:14:43,4
485,371,23,2026-07-12 17:12:31,3
486,369,76,2026-05-02 22:32:51,2
487,196,16,2026-05-17 20:58:33,3
488,71,24,2026-05-30 22:55:38,2
489,307,50,2026-06-04 07:37:43,5
490,87,74,2026-05-31 23:10:12,4
491,115,63,2026-06-25 09:53:14,5
492,420,83,2026-05-11 12:43:38,5
493,104,63,2026-05-22 18:05:41,2
494,115,41,2026-07-15 11:01:43,4
495,372,7,2026-07-17 17:52:26,3
496,6,63,2026-05-07 23:12:36,2
497,496,50,2026-06-18 05:38:31,5
498,393,64,2026-06-03 10:24:47,4
499,251,91,2026-07-15 06:09:03,4
500,294,22,2026-05-02 17:41:51,5
501,18,98,2026-05-16 02:55:55,3
502,19,36,2026-05-16 12:59:03,5
503,176,22,2026-07-09 12:19:03,4
504,338,96,2026-07-08 17:13:39,4
505,329,66,2026-05-05 16:51:42,5
506,70,35,2026-07-08 23:12:19,5
507,224,70,2026-07-13 13:53:00,1
508,461,93,2026-06-06 13:31:11,5
509,133,55,2026-05-04 15:42:31,2
510,186,5,2026-06-07 09:00:48,3
511,215,12,2026-06-06 08:10:05,1
512,470,31,2026-05-15 02:06:45,5
513,417,45,2026-07-17 07:26:59,5
514,380,55,2026-05-10 19:49:34,5
515,89,27,2026-07-12 16:43:23,2
516,489,8,2026-06-19 01:25:50,3
517,319,36,2026-06-21 15:50:25,5
518,106,42,2026-07-02 01:37:31,3
519,177,74,2026-05-20 16:00:56,5
520,410,13,2026-05-07 21:00:22,4
521,35,36,2026-07-17 21:25:42,2
522,425,17,2026-05-18 22:51:04,2
523,430,42,2026-07-14 03:33:49,2
524,461,87,2026-06-01 20:07:12,4
525,90,74,2026-06-25 02:39:52,3
526,378,54,2026-05-31 03:16:33,4
527,45,82,2026-07-10 20:36:36,1
528,245,66,2026-07-06 12:13:38,3
529,420,48,2026-06-07 20:34:43,4
530,203,75,2026-04-24 22:49:25,1
531,441,59,2026-06-25 08:20:48,3
532,37,69,2026-06-02 07:48:22,2
533,259,28,2026-06-11 17:49:49,3
534,201,37,2026-05-27 12:05:15,5
535,345,17,2026-06-18 16:16:04,4
536,479,44,2026-07-20 12:35:32,1
537,28,13,2026-06-24 12:09:54,4
538,10,16,2026-07-16 23:32:03,2
539,268,59,2026-04-24 18:38:10,4
540,125,89,2026-07-22 00:08:00,2
541,390,39,2026-05-10 03:30:19,3
542,55,84,2026-05-29 16:56:11,3
543,49,48,2026-06-28 05:28:43,2
544,31,51,2026-06-24 10:49:29,3
545,437,90,2026-07-07 00:52:46,2
546,259,84,2026-05-03 13:34:14,1
547,2,28,2026-06-10 00:06:04,1
548,82,76,2026-05-16 16:07:26,5
549,412,57,2026-04-25 14:42:04,1
550,422,44,2026-07-13 01:03:47,1
551,256,89,2026-05-07 13:03:05,4
552,41,30,2026-05-31 21:40:43,1
553,441,14,2026-05-04 17:32:17,3
554,225,39,2026-05-08 00:35:43,4
555,469,97,2026-07-18 14:47:15,2
556,385,87,2026-05-08 13:55:58,1
557,318,73,2026-04-25 12:48:31,5
558,390,22,2026-06-06 10:34:01,3
559,435,28,2026-06-24 16:35:37,2
560,249,79,2026-06-30 08:52:34,4
561,133,12,2026-07-20 18:16:26,1
562,89,97,2026-05-06 16:02:17,5
563,439,50,2026-05-28 20:11:54,4
564,197,18,2026-05-18 18:26:42,3
565,388,11,2026-05-18 19:19:55,5
566,360,77,2026-07-03 17:31:53,5
567,173,100,2026-06-30 17:59:13,1
568,397,39,2026-05-14 15:47:03,5
569,363,66,2026-05-13 00:38:21,4
570,185,83,2026-04-30 00:12:59,2
571,297,50,2026-05-05 15:46:22,2
572,300,82,2026-06-21 09:01:04,1
573,317,2,2026-05-29 18:28:51,3
574,82,50,2026-07-17 06:54:11,5
575,254,47,2026-06-16 18:09:48,2
576,462,61,2026-07-08 12:08:47,1
577,10,76,2026-05-01 06:25:24,1
578,161,28,2026-04-28 13:51:51,1
579,480,51,2026-06-12 21:32:57,3
580,378,92,2026-06-12 08:35:23,4
581,256,90,2026-06-02 18:26:07,1
582,384,69,2026-06-15 21:53:20,5
583,97,36,2026-05-02 19:51:23,3
584,47,66,2026-07-23 02:58:17,2
585,490,20,2026-06-15 18:56:26,3
586,239,76,2026-06-25 07:04:25,1
587,194,90,2026-06-06 04:28:38,2
588,34,32,2026-05-03 01:57:05,4
589,71,59,2026-06-23 03:48:57,5
590,33,40,2026-06-28 09:08:20,2
591,74,2,2026-07-02 10:35:20,2
592,425,2,2026-05-10 14:49:07,4
593,214,67,2026-06-13 22:16:39,3
594,104,48,2026-05-07 00:49:51,3
595,442,16,2026-07-08 14:37:26,1
596,207,55,2026-05-21 02:49:18,5
597,37,34,2026-07-02 20:53:40,5
598,378,10,2026-06-11 21:10:07,4
599,307,47,2026-04-30 02:14:36,4
600,339,22,2026-05-30 09:50:08,2
601,157,99,2026-05-04 16:50:48,5
602,406,93,2026-05-05 21:48:28,2
603,447,66,2026-04-24 23:02:46,1
604,8,32,2026-04-29 04:12:21,4
605,223,50,2026-07-23 01:20:39,2
606,111,5,2026-06-17 09:19:45,4
607,136,42,2026-05-18 19:33:22,4
608,434,41,2026-05-21 01:08:16,1
609,342,48,2026-05-06 07:17:07,5
610,404,7,2026-05-12 02:57:49,2
611,488,67,2026-04-29 04:04:56,4
612,40,60,2026-07-17 19:03:44,3
613,469,40,2026-05-26 11:43:39,1
614,332,59,2026-04-25 11:37:50,3
615,124,38,2026-06-18 10:49:33,3
616,446,80,2026-05-18 06:19:22,4
617,225,76,2026-06-11 14:40:29,2
618,442,70,2026-07-07 13:06:47,2
619,95,1,2026-06-03 12:30:52,1
620,142,70,2026-05-28 08:17:12,1
621,207,1,2026-07-07 09:29:39,4
622,445,94,2026-05-24 13:36:46,1
623,127,68,2026-05-17 20:01:54,4
624,295,8,2026-05-08 12:48:55,3
625,55,6,2026-07-23 03:47:09,2
626,312,53,2026-07-01 18:09:09,3
627,278,96,2026-05-02 22:53:53,5
628,56,65,2026-05-07 16:10:15,4
629,45,76,2026-06-18 20:10:45,1
630,262,85,2026-05-07 09:38:00,2
631,183,34,2026-07-16 07:50:01,3
632,487,51,2026-07-01 17:52:12,3
633,198,58,2026-05-21 02:45:51,2
634,45,26,2026-05-07 22:13:28,5
635,64,20,2026-05-04 23:15:41,2
636,273,60,2026-05-25 04:48:42,4
637,74,69,2026-05-29 11:55:52,2
638,275,40,2026-06-08 16:44:12,3
639,74,12,2026-05-10 00:19:53,3
640,426,90,2026-06-22 06:51:28,1
641,132,42,2026-05-09 02:40:50,1
642,430,32,2026-05-29 06:00:06,4
643,308,7,2026-06-29 11:00:45,3
644,160,23,2026-04-27 17:29:15,4
645,275,72,2026-07-06 08:12:36,5
646,153,13,2026-06-08 13:41:59,1
647,488,18,2026-05-06 12:04:03,1
648,36,100,2026-05-16 07:01:48,2
649,123,52,2026-05-30 20:26:33,1
650,350,76,2026-05-19 20:09:24,1
651,13,9,2026-05-13 21:51:10,4
652,491,17,2026-05-03 15:23:12,3
653,75,6,2026-06-08 11:15:25,1
654,106,74,2026-06-05 18:23:19,4
655,299,4,2026-05-31 20:53:07,4
656,108,46,2026-05-15 13:23:09,2
657,168,36,2026-06-07 00:20:35,2
658,20,79,2026-06-23 19:50:49,5
659,151,83,2026-05-23 08:42:21,4
660,249,71,2026-06-10 05:17:02,1
661,52,36,2026-05-31 21:33:05,2
662,253,26,2026-06-26 02:33:00,5
663,153,81,2026-07-11 14:14:53,5
664,483,3,2026-05-31 20:20:46,3
665,289,70,2026-07-09 13:56:12,4
666,213,73,2026-06-12 11:43:20,3
667,237,35,2026-05-12 04:03:44,1
668,199,77,2026-05-15 23:24:54,1
669,492,100,2026-05-21 23:40:54,1
670,491,61,2026-06-15 02:43:39,3
671,465,75,2026-05-17 07:26:10,2
672,60,32,2026-06-27 11:39:58,2
673,164,69,2026-07-12 23:08:36,1
674,463,29,2026-06-19 14:31:15,4
675,218,23,2026-05-11 19:24:16,2
676,356,41,2026-07-11 23:40:01,3
677,354,4,2026-07-02 00:13:30,3
678,339,73,2026-05-08 12:11:00,5
679,117,64,2026-06-16 08:18:10,3
680,109,63,2026-04-28 09:31:22,1
681,33,30,2026-06-22 03:02:13,2
682,12,68,2026-06-10 02:51:22,1
683,205,79,2026-05-14 06:30:25,2
684,211,92,2026-05-11 22:34:21,3
685,35,3,2026-05-09 01:15:18,5
686,426,19,2026-07-08 21:27:57,1
687,316,47,2026-05-01 18:04:19,3
688,426,85,2026-06-02 02:51:56,5
689,60,44,2026-05-24 00:13:29,3
690,86,21,2026-07-04 19:33:54,4
691,482,82,2026-06-11 00:19:09,3
692,109,91,2026-06-18 06:33:47,5
693,478,46,2026-05-16 09:14:29,5
694,496,23,2026-05-31 10:45:35,3
695,442,89,2026-05-23 07:20:09,2
696,110,94,2026-04-24 21:15:01,5
697,239,99,2026-06-18 19:23:30,1
698,113,78,2026-05-25 14:33:36,5
699,135,82,2026-06-18 14:53:19,1
700,299,19,2026-05-26 20:44:22,1
701,144,45,2026-05-25 17:35:36,2
702,382,12,2026-07-13 11:40:18,3
703,271,2,2026-05-20 11:03:03,2
704,153,89,2026-05-01 07:02:03,3
705,158,14,2026-07-03 15:44:47,1
706,29,50,2026-06-06 06:11:16,4
707,104,53,2026-06-11 14:01:31,4
708,216,70,2026-05-31 03:41:03,1
709,289,74,2026-06-26 21:55:48,2
710,102,58,2026-05-01 20:48:59,1
711,184,3,2026-05-25 15:43:31,3
712,62,10,2026-05-27 21:31:55,2
713,229,21,2026-07-04 18:42:35,1
714,328,12,2026-05-27 12:32:34,5
715,369,62,2026-07-02 02:40:33,1
716,260,84,2026-05-10 17:31:56,5
717,262,21,2026-04-29 21:51:18,1
718,205,27,2026-05-13 03:45:23,4
719,422,71,2026-07-03 19:31:54,5
720,163,85,2026-05-22 01:03:26,3
721,144,13,2026-04-29 12:43:12,4
722,342,71,2026-07-15 06:03:50,4
723,97,7,2026-05-29 17:51:12,1
724,258,12,2026-05-23 07:24:39,5
725,289,26,2026-05-04 03:03:25,1
726,127,22,2026-06-25 16:09:11,3
727,48,61,2026-07-15 15:11:08,1
728,192,51,2026-06-09 10:26:28,4
729,398,34,2026-05-03 13:25:31,5
730,237,24,2026-05-30 17:36:05,4
731,226,24,2026-06-06 23:47:34,1
732,161,57,2026-06-08 20:43:28,3
733,137,35,2026-06-18 11:51:03,1
734,95,97,2026-07-01 07:57:21,1
735,50,86,2026-05-28 02:09:11,5
736,250,97,2026-06-20 23:13:23,2
737,332,8,2026-07-15 08:15:37,4
738,499,67,2026-06-04 08:32:40,5
739,416,61,2026-06-19 07:34:55,2
740,287,39,2026-05-02 09:02:22,4
741,431,5,2026-06-12 11:02:32,5
742,310,74,2026-06-29 11:49:54,5
743,93,16,2026-07-07 05:26:19,4
744,108,22,2026-05-15 06:48:03,2
745,79,6,2026-06-04 19:35:46,1
746,413,56,2026-05-14 07:34:01,2
747,357,34,2026-05-25 18:07:53,1
748,52,50,2026-06-17 17:29:01,4
749,330,42,2026-07-16 21:08:24,3
750,312,59,2026-07-22 18:12:11,1
751,478,90,2026-06-24 04:53:28,5
752,313,54,2026-05-05 15:14:56,4
753,94,19,2026-06-18 17:19:14,5
754,350,98,2026-05-04 10:33:12,1
755,337,100,2026-05-04 12:23:09,3
756,321,45,2026-07-18 22:42:04,4
757,163,50,2026-06-27 06:49:37,4
758,342,78,2026-06-09 15:20:22,1
759,108,36,2026-06-02 20:03:30,2
760,371,78,2026-06-29 19:28:12,4
761,22,51,2026-07-20 01:55:09,3
762,418,31,2026-04-29 11:55:02,4
763,165,48,2026-04-26 16:12:25,3
764,498,39,2026-05-24 21:37:31,3
765,295,90,2026-06-30 04:52:55,1
766,138,18,2026-05-23 21:13:52,4
767,469,42,2026-05-20 20:51:18,4
768,362,83,2026-05-03 09:06:52,2
769,269,28,2026-07-22 09:30:49,4
770,447,63,2026-07-07 10:48:31,5
771,228,8,2026-06-13 17:43:35,2
772,38,40,2026-07-02 14:28:39,5
773,245,18,2026-07-09 11:47:46,5
774,340,4,2026-05-11 13:53:54,2
775,124,8,2026-05-18 22:24:56,1
776,277,7,2026-07-22 20:13:42,3
777,426,26,2026-05-21 07:28:29,3
778,281,65,2026-06-02 06:00:13,1
779,412,4,2026-05-18 04:49:03,3
780,294,77,2026-06-07 00:33:26,2
781,286,76,2026-06-17 05:45:42,3
782,213,21,2026-07-15 00:56:09,3
783,453,89,2026-05-03 11:41:22,3
784,17,50,2026-04-29 12:45:23,2
785,342,100,2026-05-15 12:27:34,2
786,389,29,2026-06-29 12:12:19,2
787,165,84,2026-06-03 11:16:55,5
788,12,100,2026-07-08 05:38:06,1
789,286,17,2026-06-26 13:32:46,2
790,360,2,2026-05-16 10:28:59,3
791,364,40,2026-07-02 21:52:00,3
792,256,49,2026-07-16 09:24:02,3
793,279,33,2026-05-15 21:31:30,4
794,189,87,2026-06-14 06:14:07,5
795,242,75,2026-05-04 15:27:56,1
796,307,85,2026-07-15 14:03:18,3
797,336,83,2026-06-21 08:39:05,5
798,172,39,2026-06-30 03:51:33,1
799,290,9,2026-05-27 08:39:31,3
800,384,42,2026-07-17 08:28:55,3
801,160,84,2026-07-02 18:01:46,3
802,117,20,2026-06-13 22:26:33,2
803,34,77,2026-06-02 22:40:43,3
804,412,18,2026-07-03 17:46:22,1
805,394,64,2026-05-23 09:52:11,3
806,253,52,2026-06-01 09:48:26,1
807,350,91,2026-06-19 06:00:59,2
808,212,93,2026-07-02 23:19:55,2
809,416,69,2026-06-25 16:26:22,4
810,403,46,2026-06-12 23:11:25,3
811,107,85,2026-07-18 19:26:31,5
812,112,38,2026-05-04 04:29:33,4
813,80,95,2026-05-19 19:45:48,5
814,462,24,2026-06-29 16:54:20,3
815,394,12,2026-05-16 06:56:57,3
816,136,96,2026-07-18 07:38:43,3
817,254,43,2026-05-30 19:08:38,3
818,351,38,2026-06-08 17:42:06,1
819,284,7,2026-07-17 19:54:14,5
820,348,80,2026-05-01 15:00:20,4
821,121,65,2026-05-06 08:15:08,4
822,318,39,2026-06-03 19:40:14,1
823,95,18,2026-05-14 03:47:09,3
824,248,73,2026-07-20 09:32:27,4
825,91,41,2026-07-17 10:35:04,2
826,472,11,2026-06-11 01:12:24,3
827,380,23,2026-05-25 03:22:07,1
828,4,58,2026-05-21 06:25:38,2
829,461,100,2026-05-11 01:56:27,5
830,463,21,2026-06-11 05:51:30,1
831,81,79,2026-06-05 19:40:55,4
832,245,55,2026-06-10 01:29:03,4
833,4,5,2026-06-15 12:51:53,2
834,441,48,2026-04-26 01:51:47,3
835,459,68,2026-05-13 05:08:13,1
836,407,1,2026-06-24 13:20:50,2
837,137,89,2026-07-18 20:35:04,3
838,195,17,2026-05-04 16:23:19,4
839,302,76,2026-05-24 10:21:39,2
840,38,6,2026-05-23 15:55:21,3
841,277,94,2026-06-14 05:25:15,5
842,314,44,2026-06-05 19:34:27,2
843,212,63,2026-05-29 14:10:34,2
844,103,52,2026-04-26 13:37:29,2
845,136,94,2026-05-07 10:47:33,2
846,442,3,2026-06-20 23:08:42,5
847,106,16,2026-05-30 07:16:51,1
848,229,82,2026-05-19 13:05:35,5
849,375,7,2026-06-21 09:00:16,1
850,398,14,2026-06-27 03:59:02,1
851,29,89,2026-05-05 22:52:15,4
852,270,49,2026-05-06 17:03:30,5
853,156,61,2026-07-01 20:31:57,2
854,127,89,2026-06-30 06:57:04,1
855,189,54,2026-06-27 22:51:04,1
856,399,67,2026-05-20 22:09:12,5
857,363,90,2026-05-08 00:40:31,4
858,62,66,2026-07-03 11:54:28,5
859,72,37,2026-05-05 18:43:46,1
860,299,26,2026-06-22 20:08:17,2
861,472,34,2026-07-14 10:35:37,5
862,125,46,2026-07-02 00:11:15,4
863,185,21,2026-04-28 12:52:59,5
864,299,27,2026-06-30 12:41:32,4
865,205,31,2026-04-24 23:26:28,1
866,403,12,2026-07-21 18:14:41,1
867,343,86,2026-06-11 16:24:25,2
868,54,100,2026-06-13 09:25:15,1
869,436,93,2026-05-04 13:05:06,3
870,386,30,2026-06-08 01:22:07,3
871,163,60,2026-04-29 13:45:23,1
872,493,23,2026-07-18 13:57:21,1
873,177,47,2026-07-11 12:54:55,3
874,258,95,2026-05-05 23:07:48,1
875,460,6,2026-04-25 15:35:57,2
876,399,83,2026-05-11 06:23:00,3
877,220,57,2026-06-24 01:58:35,3
878,442,12,2026-05-30 21:20:01,3
879,113,15,2026-06-02 14:56:25,4
880,277,35,2026-07-14 20:24:09,4
881,418,62,2026-07-11 08:57:39,4
882,390,22,2026-05-05 16:30:07,2
883,422,93,2026-04-30 09:43:01,2
884,62,54,2026-07-22 04:22:24,5
885,291,73,2026-06-29 13:49:54,4
886,112,79,2026-05-31 13:56:40,3
887,366,4,2026-07-17 11:00:30,2
888,291,63,2026-05-05 16:13:28,4
889,268,6,2026-04-30 20:38:41,3
890,394,41,2026-04-25 21:51:44,5
891,465,96,2026-06-19 16:45:02,5
892,136,86,2026-07-18 11:37:59,3
893,311,67,2026-06-30 12:46:49,5
894,56,56,2026-06-27 22:57:53,2
895,290,45,2026-06-28 03:37:08,4
896,94,72,2026-07-20 07:42:57,5
897,32,2,2026-06-26 04:17:19,2
898,303,61,2026-07-16 10:03:53,4
899,103,10,2026-07-06 16:01:11,4
900,200,31,2026-05-26 20:06:07,3
901,30,65,2026-05-16 08:00:17,5
902,386,49,2026-06-02 20:45:52,2
903,47,59,2026-06-06 20:05:46,5
904,272,12,2026-07-16 21:03:31,4
905,271,41,2026-05-06 05:40:05,4
906,449,84,2026-04-26 10:27:58,1
907,245,53,2026-04-28 04:33:20,5
908,329,1,2026-07-13 21:34:04,1
909,482,78,2026-06-23 19:35:23,3
910,306,72,2026-05-14 19:03:34,4
911,211,47,2026-07-13 20:10:30,1
912,498,29,2026-07-15 16:27:48,4
913,205,72,2026-07-08 05:16:15,5
914,360,61,2026-07-03 06:59:43,3
915,432,58,2026-05-05 18:45:17,1
916,460,85,2026-05-16 05:46:09,1
917,211,46,2026-07-14 06:49:50,3
918,328,67,2026-05-31 00:17:19,1
919,28,22,2026-06-11 12:29:16,2
920,500,92,2026-07-05 19:14:12,4
921,63,33,2026-06-23 00:26:56,2
922,117,16,2026-07-16 10:49:04,4
923,132,59,2026-07-13 18:24:41,2
924,432,44,2026-05-05 04:10:24,4
925,28,82,2026-07-15 00:29:55,5
926,77,99,2026-07-20 06:59:57,4
927,278,85,2026-06-20 22:16:02,5
928,83,64,2026-04-25 03:10:06,5
929,443,7,2026-06-17 10:10:18,4
930,351,62,2026-07-23 11:00:04,5
931,473,23,2026-06-30 21:06:47,5
932,108,94,2026-07-12 20:43:03,2
933,62,50,2026-06-27 13:11:52,5
934,363,42,2026-06-12 15:43:22,4
935,253,78,2026-07-22 15:17:11,2
936,168,51,2026-05-27 23:58:48,3
937,275,18,2026-05-08 03:02:37,4
938,361,90,2026-07-19 18:36:31,5
939,187,90,2026-06-16 21:32:29,3
940,430,95,2026-06-17 10:59:58,2
941,124,27,2026-06-24 07:28:37,3
942,416,45,2026-07-23 03:35:36,2
943,429,84,2026-05-11 23:23:41,5
944,324,89,2026-06-25 13:05:35,3
945,429,15,2026-07-07 13:47:43,3
946,336,62,2026-06-20 07:05:53,5
947,401,91,2026-06-04 05:51:18,5
948,174,55,2026-07-12 04:32:51,1
949,313,14,2026-04-27 03:56:58,4
950,92,7,2026-06-28 18:51:59,1
951,124,35,2026-07-06 13:07:08,2
952,174,88,2026-05-19 00:54:38,2
953,36,89,2026-07-09 20:44:46,3
954,126,97,2026-06-16 06:05:00,1
955,220,58,2026-05-04 15:51:24,5
956,406,95,2026-06-18 06:20:52,2
957,448,83,2026-06-18 04:54:58,4
958,144,66,2026-07-09 20:37:45,3
959,419,86,2026-04-29 06:31:55,4
960,237,54,2026-07-10 05:29:38,3
961,330,7,2026-04-25 23:16:20,3
962,125,80,2026-07-18 01:37:41,4
963,137,82,2026-07-02 02:57:57,3
964,458,76,2026-06-16 18:46:00,5
965,122,100,2026-07-04 02:14:03,2
966,184,58,2026-05-11 22:29:36,1
967,115,23,2026-07-05 01:55:13,5
968,74,49,2026-04-28 15:44:44,4
969,170,72,2026-05-20 08:47:02,2
970,101,75,2026-07-15 20:25:01,3
971,4,43,2026-06-08 23:41:30,2
972,24,20,2026-05-26 00:50:36,5
973,31,100,2026-06-24 10:16:15,5
974,398,39,2026-06-11 08:07:39,5
975,329,46,2026-05-01 18:53:08,3
976,316,29,2026-05-12 13:30:25,5
977,39,65,2026-05-10 04:25:16,4
978,326,69,2026-06-02 21:05:27,1
979,215,29,2026-07-19 11:31:28,2
980,399,43,2026-05-26 20:30:07,3
981,184,28,2026-07-06 18:52:33,5
982,318,61,2026-06-18 05:03:56,1
983,70,86,2026-05-28 07:18:59,4
984,147,83,2026-06-23 07:05:17,5
985,150,6,2026-06-29 23:31:15,3
986,233,15,2026-06-01 04:13:01,3
987,323,93,2026-05-22 04:06:01,1
988,310,99,2026-05-31 02:46:36,5
989,488,66,2026-06-06 23:17:02,4
990,26,38,2026-07-20 22:12:32,2
991,200,66,2026-05-02 16:56:23,1
992,104,99,2026-06-15 22:37:59,5
993,5,81,2026-05-01 01:37:17,2
994,403,81,2026-07-08 19:38:18,2
995,415,55,2026-07-14 20:18:06,1
996,127,69,2026-07-14 04:11:07,4
997,389,10,2026-07-06 05:26:34,2
998,14,59,2026-07-03 07:29:07,3
999,22,12,2026-05-01 19:44:29,1
1000,111,33,2026-06-17 21:29:29,1
1001,344,30,2026-07-22 03:48:49,3
1002,247,50,2026-06-07 12:15:36,4
1003,261,41,2026-04-26 08:25:11,4
1004,404,16,2026-06-15 15:18:55,1
1005,385,93,2026-06-23 17:55:10,1
1006,459,96,2026-06-20 13:37:36,1
1007,424,10,2026-05-29 10:33:46,5
1008,63,38,2026-07-10 02:39:07,3
1009,363,12,2026-05-22 01:02:39,4
1010,233,51,2026-07-13 12:44:42,1
1011,286,21,2026-06-15 12:07:51,2
1012,86,96,2026-06-01 16:08:23,5
1013,185,82,2026-05-08 16:46:53,3
1014,407,94,2026-06-26 14:52:19,3
1015,7,71,2026-07-18 15:24:56,5
1016,90,16,2026-04-28 18:23:58,1
1017,343,77,2026-06-01 23:20:16,5
1018,328,11,2026-05-24 07:02:34,2
1019,453,95,2026-07-21 10:28:36,3
1020,130,53,2026-07-21 15:19:38,5
1021,90,21,2026-05-12 13:47:42,2
1022,370,33,2026-05-13 13:52:26,1
1023,112,86,2026-07-11 08:24:14,5
1024,32,97,2026-06-16 23:58:36,4
1025,388,71,2026-05-01 19:30:01,3
1026,403,9,2026-05-19 01:12:20,1
1027,123,93,2026-06-20 01:56:49,4
1028,205,46,2026-05-07 03:49:26,2
1029,60,37,2026-06-23 20:38:15,1
1030,121,41,2026-06-10 21:11:59,4
1031,204,79,2026-06-27 17:37:34,3
1032,420,75,2026-05-09 12:10:01,5
1033,339,47,2026-07-12 03:08:16,3
1034,259,22,2026-04-25 04:19:12,3
1035,152,29,2026-07-02 20:36:19,4
1036,169,47,2026-05-07 18:00:58,3
1037,289,60,2026-06-06 22:49:13,3
1038,469,40,2026-06-10 23:47:12,5
1039,64,23,2026-06-26 09:18:19,5
1040,48,36,2026-07-17 02:00:32,2
1041,322,26,2026-05-20 06:26:32,1
1042,438,10,2026-07-20 07:49:00,1
1043,305,81,2026-04-27 17:44:56,5
1044,347,52,2026-07-08 09:25:39,5
1045,130,5,2026-06-17 06:22:05,3
1046,326,70,2026-06-09 13:08:34,2
1047,224,51,2026-05-16 09:24:11,5
1048,442,38,2026-05-07 17:01:37,4
1049,301,66,2026-05-03 12:04:02,4
1050,223,65,2026-04-25 17:44:29,2
1051,489,79,2026-06-30 03:16:23,2
1052,459,66,2026-05-08 08:08:54,4
1053,100,23,2026-06-18 16:46:08,5
1054,397,19,2026-07-05 03:52:42,4
1055,220,6,2026-05-15 22:56:47,4
1056,141,9,2026-05-20 09:03:28,3
1057,142,6,2026-06-28 14:58:42,2
1058,311,47,2026-06-01 09:23:00,4
1059,276,6,2026-04-28 14:02:44,3
1060,61,91,2026-06-14 07:56:52,3
1061,447,34,2026-06-19 21:22:12,5
1062,340,23,2026-05-31 06:44:29,4
1063,224,76,2026-06-27 03:26:44,1
1064,310,33,2026-05-31 05:58:14,2
1065,310,52,2026-05-28 23:22:23,3
1066,293,62,2026-07-19 20:19:17,5
1067,5,65,2026-07-19 08:20:59,2
1068,268,22,2026-05-17 00:58:42,1
1069,309,83,2026-05-21 23:23:40,2
1070,94,24,2026-05-09 23:43:49,3
1071,361,92,2026-07-13 00:42:15,1
1072,398,30,2026-06-03 23:10:51,3
1073,434,15,2026-06-10 11:04:34,4
1074,289,27,2026-06-21 01:42:13,2
1075,389,53,2026-04-26 21:21:51,2
1076,26,17,2026-06-19 09:22:53,5
1077,101,18,2026-06-24 19:59:47,5
1078,24,74,2026-05-08 23:16:53,1
1079,104,34,2026-07-23 06:31:05,2
1080,310,52,2026-06-21 21:39:55,5
1081,383,3,2026-07-19 00:08:07,3
1082,50,28,2026-06-07 07:46:50,5
1083,285,62,2026-05-11 06:30:37,2
1084,249,77,2026-05-08 13:36:16,5
1085,500,99,2026-05-12 08:52:54,5
1086,397,66,2026-05-20 09:26:20,2
1087,436,88,2026-05-27 23:32:34,4
1088,358,76,2026-05-01 09:28:36,2
1089,231,50,2026-05-07 13:08:24,1
1090,10,26,2026-06-14 11:04:00,5
1091,415,54,2026-07-13 22:58:43,2
1092,363,13,2026-05-11 22:29:05,4
1093,369,77,2026-04-28 12:01:22,5
1094,302,97,2026-05-06 02:53:39,1
1095,290,85,2026-05-07 08:44:57,5
1096,323,1,2026-07-20 19:09:00,4
1097,313,54,2026-05-30 16:06:11,1
1098,423,68,2026-06-05 08:36:05,2
1099,487,62,2026-07-10 08:51:32,4
1100,216,76,2026-07-11 19:57:50,5
1101,58,55,2026-05-07 17:01:52,3
1102,288,99,2026-05-17 06:51:19,1
1103,173,77,2026-07-18 20:04:28,5
1104,248,33,2026-05-13 01:30:43,1
1105,429,96,2026-07-10 08:32:55,1
1106,345,67,2026-05-06 03:37:17,5
1107,5,49,2026-06-27 06:15:50,2
1108,417,41,2026-06-03 09:44:21,3
1109,63,20,2026-06-05 01:52:47,5
1110,156,34,2026-07-16 17:18:06,5
1111,256,73,2026-05-30 05:04:24,5
1112,169,88,2026-06-02 07:11:47,2
1113,250,71,2026-07-09 19:25:13,5
1114,291,23,2026-05-30 15:43:11,5
1115,333,62,2026-05-19 08:24:21,3
1116,345,45,2026-07-08 21:03:54,4
1117,443,18,2026-07-16 17:21:10,1
1118,452,30,2026-06-07 01:42:09,2
1119,60,28,2026-06-13 01:35:14,4
1120,478,44,2026-07-11 11:11:08,5
1121,369,90,2026-06-30 04:12:42,1
1122,101,50,2026-06-25 10:45:39,1
1123,488,12,2026-07-13 15:23:07,2
1124,285,77,2026-06-05 23:33:50,1
1125,37,34,2026-05-16 05:49:23,3
1126,47,78,2026-04-28 09:02:14,4
1127,244,79,2026-06-27 10:03:36,5
1128,174,92,2026-06-21 17:16:23,1
1129,469,23,2026-06-25 21:02:52,4
1130,267,2,2026-05-14 07:04:22,5
1131,174,25,2026-04-27 23:22:35,5
1132,307,67,2026-07-01 12:34:01,2
1133,369,22,2026-06-29 03:39:06,1
1134,221,31,2026-06-27 07:21:58,1
1135,99,12,2026-05-21 12:02:26,4
1136,217,86,2026-06-02 01:48:40,4
1137,352,26,2026-06-13 23:29:20,1
1138,445,91,2026-05-01 08:57:02,1
1139,329,37,2026-07-04 05:05:12,5
1140,350,45,2026-05-28 10:44:12,3
1141,137,78,2026-05-13 14:20:15,4
1142,245,74,2026-04-25 03:53:59,3
1143,109,53,2026-06-12 20:40:52,1
1144,335,10,2026-06-12 13:31:48,3
1145,211,15,2026-07-11 16:03:07,5
1146,158,69,2026-07-12 15:49:54,5
1147,154,89,2026-06-06 16:47:12,4
1148,337,62,2026-07-08 11:12:52,2
1149,459,44,2026-07-09 00:20:14,4
1150,412,59,2026-07-20 18:06:46,5
1151,17,62,2026-05-05 23:59:09,3
1152,39,49,2026-06-25 05:36:00,2
1153,407,90,2026-05-17 00:50:13,3
1154,250,46,2026-06-13 20:36:11,5
1155,6,90,2026-07-14 12:10:27,3
1156,153,37,2026-05-03 17:47:19,4
1157,404,96,2026-07-13 10:18:13,3
1158,45,71,2026-05-12 00:57:46,4
1159,196,46,2026-05-15 22:21:25,5
1160,165,24,2026-07-06 03:43:52,2
1161,300,95,2026-05-14 02:19:04,2
1162,443,31,2026-07-18 10:41:54,3
1163,127,30,2026-05-14 09:32:29,2
1164,371,46,2026-05-09 20:33:25,1
1165,74,11,2026-06-29 07:49:02,4
1166,369,1,2026-07-07 21:52:45,5
1167,25,62,2026-05-30 18:00:42,5
1168,197,64,2026-07-20 21:50:06,5
1169,168,63,2026-05-12 11:11:00,5
1170,171,51,2026-05-16 06:34:29,5
1171,80,7,2026-06-14 18:06:48,4
1172,288,70,2026-04-27 20:56:15,5
1173,214,51,2026-07-17 05:56:19,2
1174,278,16,2026-07-01 12:05:19,5
1175,279,41,2026-06-30 15:02:17,1
1176,8,87,2026-05-15 04:08:59,4
1177,348,13,2026-05-26 07:22:56,3
1178,366,34,2026-05-12 21:09:28,5
1179,161,31,2026-05-20 20:49:40,4
1180,366,44,2026-05-30 05:43:34,2
1181,300,55,2026-05-15 03:38:14,4
1182,424,97,2026-05-30 20:36:19,3
1183,244,36,2026-06-07 11:20:08,2
1184,342,17,2026-06-19 14:59:18,2
1185,493,13,2026-07-03 16:40:58,3
1186,488,31,2026-06-17 15:05:49,4
1187,233,26,2026-05-08 20:54:05,2
1188,286,2,2026-05-11 20:35:09,4
1189,300,18,2026-07-20 10:31:55,5
1190,320,93,2026-05-25 08:45:32,4
1191,187,33,2026-06-18 06:56:19,5
1192,29,51,2026-05-04 07:41:20,2
1193,35,28,2026-07-12 17:23:40,3
1194,287,81,2026-05-04 01:27:38,4
1195,449,43,2026-05-19 22:22:01,3
1196,221,72,2026-06-17 20:06:37,3
1197,213,3,2026-06-03 16:32:00,1
1198,216,87,2026-06-22 12:09:19,2
1199,345,74,2026-06-26 19:21:26,5
1200,109,100,2026-05-22 08:14:51,3
1201,202,87,2026-06-13 06:28:59,4
1202,469,95,2026-06-07 02:29:01,1
1203,233,79,2026-05-22 12:42:33,4
1204,380,19,2026-07-18 00:14:53,2
1205,384,44,2026-06-04 15:57:53,5
1206,342,52,2026-07-16 03:08:35,1
1207,47,21,2026-05-28 01:45:59,2
1208,196,41,2026-06-27 02:41:30,3
1209,429,35,2026-06-22 11:42:37,4
1210,166,57,2026-07-09 12:51:45,3
1211,452,76,2026-06-14 06:55:45,4
1212,250,22,2026-05-12 13:32:49,1
1213,79,94,2026-05-17 11:46:55,3
1214,448,90,2026-07-06 12:04:52,1
1215,129,22,2026-06-02 06:14:39,1
1216,56,9,2026-07-19 00:33:34,4
1217,328,7,2026-04-27 06:29:44,4
1218,314,98,2026-05-02 19:03:01,1
1219,161,80,2026-05-09 18:52:35,1
1220,394,50,2026-05-24 17:56:49,2
1221,152,95,2026-05-22 07:14:15,4
1222,376,17,2026-05-07 10:57:32,5
1223,107,4,2026-04-28 02:58:41,3
1224,202,61,2026-06-09 01:42:02,5
1225,167,71,2026-06-06 21:37:29,2
1226,423,70,2026-05-11 21:35:10,5
1227,358,59,2026-06-24 23:30:30,5
1228,262,68,2026-06-25 19:52:18,5
1229,194,45,2026-06-10 11:23:27,5
1230,138,12,2026-06-06 14:40:12,3
1231,224,53,2026-05-19 22:27:19,2
1232,190,2,2026-04-24 17:16:34,5
1233,496,98,2026-07-16 00:55:10,2
1234,213,37,2026-06-09 06:22:17,5
1235,6,89,2026-07-23 05:40:58,4
1236,458,62,2026-05-23 19:12:15,1
1237,465,56,2026-07-11 04:27:13,3
1238,358,30,2026-07-11 01:39:49,1
1239,328,48,2026-05-13 00:27:48,4
1240,336,56,2026-06-02 00:54:00,2
1241,102,92,2026-07-05 06:40:12,4
1242,231,29,2026-05-20 05:50:58,1
1243,256,81,2026-05-17 23:16:50,5
1244,463,79,2026-07-12 02:50:49,3
1245,173,84,2026-07-05 20:12:22,5
1246,491,35,2026-06-03 19:11:48,2
1247,40,24,2026-05-07 23:25:05,3
1248,67,82,2026-06-07 22:05:14,5
1249,275,35,2026-07-01 17:16:50,5
1250,295,25,2026-05-25 20:12:54,1
1251,95,7,2026-06-15 15:37:59,1
1252,115,14,2026-05-22 02:26:08,3
1253,79,92,2026-06-06 06:38:45,1
1254,142,12,2026-05-09 08:10:46,1
1255,296,28,2026-05-27 21:46:32,4
1256,195,64,2026-05-30 18:28:44,4
1257,422,5,2026-05-26 18:35:46,1
1258,454,19,2026-04-30 03:38:23,3
1259,470,51,2026-05-01 15:23:58,5
1260,284,24,2026-05-13 08:54:05,3
1261,498,49,2026-07-14 03:01:41,1
1262,75,99,2026-07-03 02:23:31,2
1263,235,99,2026-06-06 17:14:05,2
1264,445,5,2026-05-14 01:11:01,4
1265,443,99,2026-05-03 20:00:16,5
1266,400,27,2026-06-09 14:49:28,4
1267,412,40,2026-05-26 01:51:10,2
1268,379,94,2026-04-28 19:21:41,5
1269,312,16,2026-05-19 07:19:21,4
1270,383,39,2026-05-14 00:07:14,3
1271,31,86,2026-05-15 20:32:40,1
1272,143,82,2026-06-05 20:43:51,3
1273,9,22,2026-07-10 20:07:29,3
1274,351,16,2026-06-02 03:21:40,2
1275,6,6,2026-06-20 03:04:07,4
1276,417,77,2026-05-09 18:13:06,3
1277,467,12,2026-05-18 20:37:33,2
1278,300,12,2026-06-30 07:25:40,5
1279,210,98,2026-06-24 09:43:30,1
1280,35,46,2026-06-26 07:01:46,2
1281,425,69,2026-07-10 13:18:40,1
1282,79,63,2026-05-17 07:13:56,3
1283,334,83,2026-07-07 04:17:38,3
1284,489,57,2026-07-04 21:30:53,2
1285,12,89,2026-05-31 09:19:35,3
1286,436,18,2026-05-19 01:13:32,1
1287,292,91,2026-06-06 04:30:36,5
1288,184,70,2026-07-01 09:16:36,4
1289,118,73,2026-05-12 19:55:58,5
1290,215,42,2026-07-04 19:40:56,4
1291,168,77,2026-07-22 11:56:23,5
1292,101,9,2026-06-15 06:42:03,2
1293,273,38,2026-07-13 06:26:41,3
1294,324,47,2026-06-07 19:08:30,1
1295,470,82,2026-06-12 20:01:41,4
1296,442,24,2026-07-19 10:26:33,1
1297,372,47,2026-07-09 01:18:38,5
1298,146,42,2026-07-03 17:07:16,1
1299,397,69,2026-07-13 05:35:07,4
1300,118,68,2026-06-30 01:05:19,4
1301,465,71,2026-05-09 16:12:48,5
1302,172,42,2026-06-03 11:58:29,3
1303,67,13,2026-06-14 12:12:24,1
1304,26,17,2026-05-12 01:19:10,1
1305,125,14,2026-06-10 20:03:21,2
1306,58,5,2026-06-19 03:36:57,4
1307,396,63,2026-06-14 18:18:49,5
1308,425,76,2026-05-19 13:26:28,1
1309,224,29,2026-06-22 13:02:07,1
1310,8,27,2026-06-27 09:04:04,4
1311,47,60,2026-07-11 11:34:22,1
1312,221,72,2026-07-05 21:29:20,4
1313,500,48,2026-07-10 19:47:48,1
1314,370,35,2026-06-15 01:46:08,1
1315,442,10,2026-07-14 17:29:08,3
1316,46,28,2026-06-14 03:32:58,1
1317,60,93,2026-05-17 03:22:19,5
1318,235,25,2026-05-13 11:03:43,5
1319,396,32,2026-06-19 01:19:18,2
1320,334,96,2026-06-17 21:37:31,4
1321,452,14,2026-07-08 02:37:51,5
1322,220,87,2026-06-08 05:57:27,4
1323,62,22,2026-07-10 15:37:49,2
1324,329,52,2026-06-12 17:04:49,3
1325,396,21,2026-06-15 13:08:21,5
1326,269,46,2026-07-21 08:00:12,3
1327,329,42,2026-07-15 17:42:49,3
1328,250,98,2026-06-25 04:37:09,4
1329,437,42,2026-06-22 18:46:01,2
1330,337,70,2026-05-15 11:32:59,4
1331,465,71,2026-07-23 15:08:23,3
1332,221,58,2026-06-07 03:48:40,4
1333,2,93,2026-04-28 01:49:53,3
1334,358,3,2026-06-13 23:10:42,2
1335,189,1,2026-05-23 20:53:23,2
1336,131,41,2026-04-26 19:37:44,3
1337,332,66,2026-06-17 17:23:16,5
1338,342,20,2026-05-03 20:45:57,1
1339,279,46,2026-05-09 20:49:01,2
1340,163,47,2026-07-20 02:02:18,5
1341,153,30,2026-05-19 14:09:09,3
1342,55,74,2026-06-02 12:39:30,5
1343,133,94,2026-05-02 04:57:13,3
1344,482,62,2026-05-11 11:57:11,4
1345,418,90,2026-06-19 15:46:48,1
1346,357,83,2026-05-23 21:01:41,1
1347,441,74,2026-05-31 18:07:40,1
1348,473,8,2026-07-23 05:10:38,3
1349,215,56,2026-06-04 03:37:37,1
1350,467,30,2026-07-06 07:16:43,5
1351,7,82,2026-07-09 04:34:40,4
1352,32,40,2026-06-14 14:57:46,1
1353,199,70,2026-06-18 13:24:12,2
1354,203,65,2026-07-01 10:58:47,2
1355,97,7,2026-06-29 02:44:41,4
1356,271,97,2026-06-21 11:49:10,5
1357,303,12,2026-05-16 06:33:29,4
1358,177,51,2026-05-09 01:57:18,2
1359,209,11,2026-06-09 21:52:58,5
1360,449,7,2026-06-16 22:20:55,4
1361,161,11,2026-06-02 09:41:47,5
1362,262,100,2026-07-01 11:13:02,2
1363,462,18,2026-06-10 09:41:30,5
1364,123,63,2026-06-02 02:13:14,5
1365,122,72,2026-06-23 12:26:15,5
1366,152,32,2026-05-01 16:00:13,3
1367,470,56,2026-05-26 02:39:53,5
1368,53,15,2026-06-28 22:20:46,4
1369,256,47,2026-05-28 12:40:38,2
1370,200,45,2026-06-21 08:53:42,1
1371,467,40,2026-05-11 03:27:16,3
1372,370,57,2026-06-24 05:10:50,2
1373,268,6,2026-07-23 10:38:02,2
1374,124,88,2026-05-31 00:07:36,2
1375,459,94,2026-07-16 12:08:44,1
1376,69,95,2026-04-30 00:08:38,2
1377,372,19,2026-07-18 01:24:02,3
1378,9,44,2026-07-01 01:43:16,1
1379,191,58,2026-06-09 11:00:50,1
1380,205,27,2026-07-05 13:24:58,5
1381,130,27,2026-06-16 18:19:18,5
1382,454,34,2026-06-16 23:51:28,4
1383,373,94,2026-05-08 10:25:28,1
1384,229,75,2026-07-21 16:17:16,5
1385,26,33,2026-05-11 05:56:04,1
1386,173,26,2026-07-10 08:00:12,5
1387,166,7,2026-06-08 20:29:54,1
1388,39,50,2026-06-27 19:50:28,3
1389,399,85,2026-05-29 16:25:57,1
1390,11,38,2026-07-17 22:16:26,4
1391,141,49,2026-06-13 02:02:45,1
1392,197,63,2026-07-17 20:47:16,5
1393,319,12,2026-05-12 19:26:42,2
1394,301,59,2026-06-18 03:33:27,1
1395,24,32,2026-07-23 06:06:22,5
1396,191,43,2026-06-11 06:41:14,4
1397,449,21,2026-04-26 11:52:17,3
1398,415,46,2026-05-29 05:09:07,3
1399,143,65,2026-05-21 11:54:14,1
1400,376,33,2026-07-19 00:31:39,4
1401,496,4,2026-06-17 14:09:48,3
1402,137,20,2026-05-27 21:28:50,4
1403,396,18,2026-05-03 05:38:17,4
1404,312,87,2026-06-23 04:10:09,2
1405,252,31,2026-06-19 08:00:41,2
1406,258,40,2026-07-22 00:53:53,5
1407,204,58,2026-06-16 08:33:26,2
1408,127,84,2026-05-08 03:58:04,5
1409,324,88,2026-07-11 09:26:27,2
1410,87,40,2026-06-30 13:27:25,5
1411,86,56,2026-07-21 23:11:22,2
1412,394,73,2026-07-22 18:05:14,2
1413,198,9,2026-06-17 19:45:29,5
1414,434,16,2026-05-12 14:07:38,3
1415,92,94,2026-04-27 13:45:44,3
1416,250,53,2026-05-24 03:54:48,4
1417,449,82,2026-07-05 09:31:01,3
1418,95,100,2026-05-12 22:58:41,1
1419,82,24,2026-04-27 06:06:26,5
1420,370,35,2026-06-22 12:13:18,5
1421,366,30,2026-06-21 14:40:56,2
1422,141,88,2026-04-27 05:50:32,3
1423,47,89,2026-07-09 10:11:16,4
1424,83,65,2026-07-15 20:42:21,5
1425,284,92,2026-06-26 18:39:55,3
1426,114,50,2026-06-11 10:12:44,4
1427,87,21,2026-05-13 11:23:20,2
1428,19,53,2026-07-07 22:33:56,1
1429,166,53,2026-05-16 07:39:00,2
1430,459,27,2026-05-01 03:10:11,2
1431,267,79,2026-06-11 06:42:38,3
1432,278,32,2026-06-05 05:20:17,4
1433,470,6,2026-06-22 17:38:26,4
1434,434,41,2026-06-01 23:29:55,5
1435,448,74,2026-06-21 08:43:44,5
1436,314,83,2026-07-18 17:47:00,1
1437,312,14,2026-06-07 13:23:15,4
1438,25,32,2026-06-14 01:43:33,5
1439,241,95,2026-04-28 12:31:26,5
1440,237,67,2026-07-08 00:00:46,1
1441,118,38,2026-06-06 09:17:45,4
1442,190,100,2026-07-14 01:33:28,3
1443,280,22,2026-06-04 17:28:09,3
1444,366,7,2026-06-30 16:46:04,5
1445,90,60,2026-07-14 06:51:11,4
1446,54,93,2026-06-12 07:40:41,1
1447,112,100,2026-06-20 13:15:11,5
1448,86,51,2026-06-03 20:43:26,3
1449,273,4,2026-05-12 01:52:42,4
1450,354,92,2026-07-20 16:24:52,2
1451,276,12,2026-05-18 23:47:42,3
1452,419,84,2026-07-21 18:54:10,2
1453,433,94,2026-05-06 16:56:24,1
1454,70,91,2026-06-07 08:14:07,3
1455,50,68,2026-07-02 09:08:27,4
1456,438,66,2026-06-23 03:17:36,2
1457,231,71,2026-05-31 15:56:23,1
1458,466,22,2026-07-22 06:45:50,3
1459,338,85,2026-07-17 11:14:01,2
1460,102,19,2026-05-12 01:51:03,1
1461,253,40,2026-05-24 18:17:27,4
1462,176,81,2026-05-12 06:06:48,1
1463,82,26,2026-04-25 01:17:36,5
1464,463,33,2026-04-25 21:30:26,4
1465,299,64,2026-06-16 11:30:38,1
1466,364,64,2026-05-17 19:21:28,2
1467,353,85,2026-06-09 21:33:01,4
1468,248,57,2026-05-02 10:05:16,5
1469,360,1,2026-05-18 11:17:02,5
1470,170,80,2026-06-24 17:53:16,5
1471,499,27,2026-04-29 11:03:00,2
1472,93,8,2026-06-27 03:18:23,3
1473,21,19,2026-07-16 14:37:39,1
1474,401,74,2026-07-15 01:46:34,5
1475,186,43,2026-07-23 01:42:46,1
1476,30,14,2026-06-04 04:38:28,2
1477,101,87,2026-05-22 07:42:56,5
1478,398,89,2026-07-01 15:49:20,5
1479,343,72,2026-05-11 22:28:40,4
1480,453,75,2026-05-29 16:21:41,1
1481,55,99,2026-05-23 18:28:04,3
1482,225,49,2026-07-13 08:24:59,1
1483,460,55,2026-07-15 14:06:53,5
1484,38,38,2026-06-09 10:08:37,2
1485,75,89,2026-07-17 03:37:36,3
1486,204,68,2026-06-03 21:11:12,5
1487,129,90,2026-05-15 00:11:06,5
1488,34,14,2026-06-19 04:26:34,5
1489,52,62,2026-07-04 00:16:34,5
1490,479,91,2026-05-22 14:15:21,4
1491,364,41,2026-05-19 22:06:46,5
1492,344,80,2026-05-29 01:35:56,2
1493,369,73,2026-06-11 21:44:59,5
1494,439,81,2026-06-12 00:52:55,4
1495,490,24,2026-07-19 12:08:48,5
1496,142,91,2026-05-22 21:56:50,2
1497,2,16,2026-04-27 00:57:15,4
1498,376,16,2026-07-05 07:29:13,2
1499,486,79,2026-06-03 23:13:26,4
1500,28,43,2026-05-28 15:48:17,5
1501,489,82,2026-05-15 07:50:39,1
1502,384,26,2026-06-30 16:55:02,3
1503,157,9,2026-05-24 14:13:23,3
1504,305,71,2026-05-26 03:51:30,1
1505,70,88,2026-05-27 01:39:59,3
1506,241,93,2026-06-18 22:44:39,5
1507,17,23,2026-05-13 13:09:00,3
1508,210,87,2026-06-10 05:27:51,4
1509,485,5,2026-06-26 09:32:23,2
1510,290,20,2026-06-24 14:32:39,4
1511,321,43,2026-06-08 14:41:40,4
1512,448,8,2026-07-14 18:59:54,5
1513,187,73,2026-07-04 02:21:00,3
1514,333,69,2026-04-26 12:40:41,2
1515,345,88,2026-05-26 22:01:23,3
1516,38,20,2026-05-21 22:34:49,1
1517,210,49,2026-06-24 12:56:13,5
1518,103,74,2026-06-22 12:25:08,4
1519,115,77,2026-05-06 01:19:43,3
1520,427,41,2026-07-02 15:06:29,1
1521,167,53,2026-05-03 03:18:52,4
1522,144,48,2026-06-07 14:04:45,3
1523,132,68,2026-05-24 01:30:49,2
1524,69,48,2026-07-09 22:06:47,1
1525,472,26,2026-07-22 09:19:47,1
1526,270,65,2026-04-27 03:09:48,4
1527,301,20,2026-05-13 04:17:11,3
1528,291,94,2026-07-18 13:20:49,5
1529,194,100,2026-05-26 11:48:49,2
1530,466,13,2026-07-13 12:46:57,5
1531,407,17,2026-05-14 15:10:54,1
1532,279,50,2026-07-03 00:02:59,5
1533,71,1,2026-05-24 21:42:00,1
1534,416,77,2026-07-18 08:40:38,1
1535,206,60,2026-07-20 01:00:51,1
1536,61,67,2026-07-08 02:23:25,3
1537,13,74,2026-07-07 08:28:47,3
1538,384,27,2026-05-25 20:45:59,2
1539,120,37,2026-05-21 13:42:04,5
1540,199,99,2026-06-06 12:56:06,1
1541,167,20,2026-05-10 00:03:12,3
1542,70,2,2026-06-24 04:37:41,5
1543,309,14,2026-05-14 18:25:16,5
1544,216,71,2026-05-25 15:11:05,3
1545,90,91,2026-07-11 18:31:24,3
1546,343,32,2026-05-11 08:09:38,1
1547,195,79,2026-07-20 08:08:17,3
1548,323,57,2026-04-29 15:15:42,2
1549,17,61,2026-07-21 09:53:05,1
1550,63,50,2026-04-29 22:25:26,1
1551,258,51,2026-05-12 02:07:18,5
1552,356,81,2026-07-14 21:29:19,4
1553,370,46,2026-05-25 01:06:02,3
1554,498,26,2026-07-02 22:14:07,5
1555,47,97,2026-07-07 22:18:29,4
1556,339,17,2026-05-03 17:34:17,4
1557,57,59,2026-05-24 20:19:34,4
1558,284,30,2026-05-16 10:32:23,2
1559,370,34,2026-07-22 08:10:58,3
1560,239,24,2026-07-01 15:16:52,3
1561,479,42,2026-06-07 17:17:13,4
1562,18,9,2026-06-09 20:40:13,1
1563,216,62,2026-06-08 11:49:55,2
1564,172,99,2026-05-28 13:23:38,5
1565,344,17,2026-06-13 00:40:10,1
1566,246,92,2026-07-11 01:38:28,1
1567,202,72,2026-06-26 18:23:33,1
1568,482,39,2026-06-15 10:26:53,4
1569,244,76,2026-06-03 20:27:02,2
1570,372,32,2026-06-16 21:52:29,2
1571,290,50,2026-05-01 02:59:30,3
1572,128,89,2026-06-21 02:07:17,4
1573,476,56,2026-06-18 18:45:32,3
1574,326,89,2026-05-17 15:20:26,2
1575,399,86,2026-05-02 06:34:05,5
1576,293,15,2026-06-21 04:54:04,5
1577,281,42,2026-06-17 14:30:33,1
1578,500,57,2026-05-11 19:34:34,3
1579,246,9,2026-06-21 19:06:21,1
1580,415,77,2026-07-08 14:25:17,4
1581,203,64,2026-06-26 07:59:40,1
1582,54,28,2026-07-13 00:53:14,2
1583,348,97,2026-06-25 11:21:28,1
1584,459,19,2026-06-27 21:01:34,2
1585,275,69,2026-05-23 00:18:46,4
1586,370,74,2026-06-07 03:01:08,2
1587,127,88,2026-07-18 21:36:37,3
1588,187,73,2026-07-10 20:01:22,3
1589,262,92,2026-07-22 13:26:25,3
1590,53,75,2026-04-25 11:58:49,5
1591,307,52,2026-07-16 00:11:52,2
1592,184,8,2026-05-30 13:24:46,5
1593,32,1,2026-07-01 23:59:42,5
1594,500,46,2026-05-05 08:40:36,3
1595,18,31,2026-06-05 15:01:52,5
1596,240,81,2026-05-25 14:21:05,4
1597,246,49,2026-06-05 23:07:38,5
1598,130,85,2026-05-11 13:08:09,4
1599,89,25,2026-06-17 15:17:13,4
1600,221,54,2026-05-09 16:31:47,3
1601,403,17,2026-05-07 17:57:00,1
1602,41,83,2026-04-26 05:39:46,2
1603,435,63,2026-06-27 14:08:29,4
1604,86,11,2026-05-08 00:48:27,4
1605,277,90,2026-06-22 09:29:02,4
1606,375,24,2026-06-07 19:52:36,5
1607,257,71,2026-07-13 07:57:57,4
1608,234,46,2026-05-16 15:04:32,2
1609,257,78,2026-04-25 10:22:27,5
1610,300,94,2026-05-17 16:43:42,5
1611,165,53,2026-07-23 16:06:45,5
1612,345,47,2026-04-27 23:01:58,1
1613,339,62,2026-07-02 03:33:23,3
1614,69,75,2026-06-10 11:06:50,1
1615,90,94,2026-07-04 17:05:51,5
1616,454,100,2026-05-21 20:09:27,4
1617,310,11,2026-06-14 12:34:14,5
1618,53,32,2026-06-09 13:57:11,1
1619,415,82,2026-06-16 01:28:54,5
1620,195,79,2026-04-29 20:02:02,3
1621,320,100,2026-04-25 18:11:17,4
1622,276,66,2026-07-21 16:19:20,4
1623,343,94,2026-05-26 21:32:40,4
1624,217,38,2026-05-22 18:57:56,2
1625,21,89,2026-07-23 07:29:28,5
1626,453,39,2026-07-04 07:01:40,5
1627,160,8,2026-06-24 19:26:11,4
1628,347,22,2026-06-19 07:55:17,1
1629,396,38,2026-07-12 05:55:29,5
1630,16,37,2026-06-10 18:38:03,1
1631,79,65,2026-05-02 04:09:47,3
1632,156,17,2026-06-23 11:58:26,3
1633,168,33,2026-04-26 02:09:23,1
1634,362,23,2026-07-22 01:49:16,5
1635,446,20,2026-06-27 17:00:18,4
1636,226,23,2026-05-20 01:49:25,2
1637,292,24,2026-07-11 07:43:58,5
1638,19,44,2026-05-02 21:43:50,2
1639,357,20,2026-07-15 00:50:37,4
1640,456,53,2026-07-08 12:08:53,4
1641,144,85,2026-06-06 10:45:59,2
1642,129,74,2026-07-05 00:14:47,3
1643,32,83,2026-05-20 09:08:50,1
1644,31,22,2026-06-08 18:17:39,4
1645,287,39,2026-06-09 22:50:30,5
1646,142,49,2026-06-30 01:45:17,4
1647,286,34,2026-05-08 19:17:05,5
1648,262,2,2026-05-22 17:59:44,4
1649,233,87,2026-05-25 08:40:08,5
1650,413,6,2026-05-04 03:56:11,5
1651,383,46,2026-07-15 16:16:52,4
1652,365,84,2026-07-17 01:10:29,3
1653,207,35,2026-05-20 15:25:14,1
1654,157,84,2026-06-20 10:17:30,4
1655,280,99,2026-06-29 06:36:12,2
1656,442,87,2026-06-20 20:53:17,2
1657,312,44,2026-06-29 12:15:31,2
1658,196,71,2026-04-25 17:42:34,1
1659,39,2,2026-06-03 15:20:24,1
1660,314,14,2026-06-30 06:23:27,4
1661,216,29,2026-07-04 03:01:03,3
1662,154,25,2026-04-28 00:23:03,1
1663,372,12,2026-04-30 05:36:20,5
1664,396,28,2026-06-21 21:43:45,1
1665,428,16,2026-05-03 02:21:21,5
1666,81,49,2026-06-27 10:34:17,5
1667,488,24,2026-07-20 16:53:46,1
1668,422,24,2026-05-19 07:22:34,3
1669,283,85,2026-05-02 01:29:16,4
1670,169,99,2026-06-05 04:00:16,3
1671,158,21,2026-07-09 12:17:48,1
1672,169,100,2026-04-30 18:26:03,4
1673,237,43,2026-04-30 13:00:28,3
1674,493,34,2026-05-11 23:40:00,4
1675,40,63,2026-05-14 04:39:14,5
1676,240,23,2026-06-26 09:08:45,4
1677,64,19,2026-06-16 04:49:31,4
1678,133,79,2026-06-26 04:08:51,1
1679,269,92,2026-05-19 20:33:58,1
1680,20,10,2026-05-01 13:08:01,5
1681,438,33,2026-07-09 04:09:17,4
1682,11,64,2026-05-09 03:55:00,1
1683,22,86,2026-06-01 14:57:15,3
1684,95,90,2026-05-26 17:37:21,4
1685,344,1,2026-06-13 17:59:25,4
1686,288,56,2026-06-02 22:14:45,1
1687,323,29,2026-04-25 00:46:04,4
1688,417,100,2026-06-10 12:21:25,1
1689,339,69,2026-05-29 13:24:05,3
1690,413,39,2026-06-02 14:33:40,1
1691,380,83,2026-05-03 12:19:49,3
1692,320,44,2026-05-02 12:32:20,4
1693,461,99,2026-05-22 20:42:49,2
1694,110,71,2026-04-28 12:42:33,4
1695,398,25,2026-05-23 17:28:46,4
1696,63,81,2026-06-30 14:10:50,3
1697,293,11,2026-07-19 15:45:34,4
1698,443,25,2026-05-08 07:09:06,1
1699,120,4,2026-07-03 14:10:28,5
1700,146,63,2026-06-01 10:57:18,1
1701,482,70,2026-06-26 04:18:34,3
1702,300,69,2026-07-14 17:00:18,4
1703,10,5,2026-05-27 15:39:09,1
1704,209,93,2026-04-28 20:49:34,4
1705,72,28,2026-07-12 01:44:56,5
1706,278,87,2026-07-18 04:46:26,5
1707,94,95,2026-06-19 23:02:04,2
1708,41,5,2026-07-05 02:48:23,2
1709,294,84,2026-04-26 13:28:52,4
1710,371,6,2026-05-18 06:33:08,2
1711,9,23,2026-06-25 03:16:08,1
1712,192,13,2026-06-08 00:02:53,5
1713,107,76,2026-04-30 22:05:35,1
1714,70,64,2026-06-21 11:27:32,5
1715,134,9,2026-07-11 19:34:25,2
1716,258,44,2026-07-12 12:02:31,4
1717,202,16,2026-06-30 03:06:09,5
1718,327,18,2026-05-25 22:25:11,2
1719,463,6,2026-06-21 07:02:59,2
1720,207,9,2026-05-06 10:25:06,3
1721,90,97,2026-06-04 00:26:26,2
1722,422,48,2026-06-17 10:35:40,2
1723,267,32,2026-07-23 14:02:29,5
1724,24,18,2026-05-04 10:00:11,5
1725,229,100,2026-05-10 00:39:13,1
1726,293,11,2026-04-25 07:51:24,1
1727,111,12,2026-07-02 07:53:15,5
1728,173,54,2026-07-01 01:02:29,4
1729,419,17,2026-05-14 17:26:57,2
1730,384,35,2026-06-14 11:56:30,4
1731,249,31,2026-05-11 15:47:22,5
1732,419,5,2026-06-21 14:28:31,2
1733,433,64,2026-06-23 03:14:25,1
1734,378,39,2026-05-28 11:37:07,4
1735,4,72,2026-05-17 14:08:23,2
1736,72,68,2026-05-04 00:01:14,5
1737,222,98,2026-06-16 02:42:23,5
1738,134,60,2026-07-08 12:03:47,2
1739,169,7,2026-05-13 12:27:32,1
1740,484,20,2026-06-30 05:47:41,4
1741,299,23,2026-05-10 05:19:40,1
1742,32,83,2026-05-30 01:41:32,3
1743,129,56,2026-05-19 02:49:23,3
1744,370,98,2026-06-07 16:58:17,1
1745,62,95,2026-04-29 19:17:37,5
1746,110,21,2026-07-09 23:23:24,1
1747,292,66,2026-05-05 23:30:44,1
1748,143,93,2026-06-06 21:34:08,5
1749,347,42,2026-06-04 09:33:22,2
1750,452,87,2026-07-20 22:25:16,3
1751,140,100,2026-05-05 09:41:21,3
1752,138,13,2026-05-17 17:35:12,4
1753,124,49,2026-07-20 06:05:32,2
1754,44,61,2026-06-20 12:25:29,4
1755,32,56,2026-05-08 18:47:55,2
1756,365,59,2026-05-11 23:58:21,4
1757,228,18,2026-06-08 03:40:23,2
1758,380,46,2026-05-20 21:29:41,2
1759,207,17,2026-04-27 19:50:48,5
1760,35,36,2026-05-07 23:07:57,1
1761,282,59,2026-06-04 07:35:35,2
1762,461,44,2026-05-16 01:21:25,3
1763,362,21,2026-07-10 08:50:19,5
1764,107,74,2026-06-17 09:04:30,2
1765,52,53,2026-07-16 21:57:16,5
1766,294,28,2026-06-21 03:32:40,4
1767,280,36,2026-04-26 02:51:27,4
1768,443,32,2026-05-18 18:33:00,3
1769,262,75,2026-05-16 07:18:21,5
1770,94,74,2026-07-20 22:08:22,1
1771,252,6,2026-04-28 14:24:16,4
1772,442,99,2026-06-12 15:58:13,1
1773,257,68,2026-06-01 23:53:37,4
1774,491,90,2026-07-13 10:48:30,1
1775,275,64,2026-05-18 01:29:36,1
1776,334,97,2026-04-25 22:00:31,4
1777,133,17,2026-05-29 12:12:24,3
1778,146,83,2026-05-03 12:28:34,1
1779,289,86,2026-05-24 07:22:54,2
1780,426,59,2026-07-17 00:09:52,5
1781,452,75,2026-04-27 01:56:55,4
1782,281,99,2026-05-08 04:04:41,4
1783,114,48,2026-06-24 13:38:11,4
1784,426,82,2026-04-24 20:14:19,1
1785,235,89,2026-05-27 00:47:19,5
1786,19,38,2026-06-05 01:29:07,3
1787,423,79,2026-06-16 09:01:35,5
1788,483,27,2026-07-10 04:30:58,1
1789,372,43,2026-07-05 03:30:28,1
1790,309,87,2026-05-30 01:13:13,1
1791,67,50,2026-05-30 04:56:58,4
1792,371,6,2026-05-30 04:54:13,3
1793,109,83,2026-06-17 23:08:14,1
1794,336,91,2026-07-08 19:37:21,2
1795,87,43,2026-05-17 21:06:56,5
1796,70,84,2026-06-10 04:01:54,5
1797,425,27,2026-07-06 20:04:57,2
1798,200,46,2026-07-20 21:23:48,3
1799,302,88,2026-06-04 18:33:26,3
1800,32,9,2026-05-30 21:46:48,3
1801,275,63,2026-06-12 09:31:28,5
1802,75,61,2026-07-02 15:04:26,5
1803,410,69,2026-07-21 00:56:03,3
1804,275,80,2026-05-30 10:54:11,1
1805,117,59,2026-05-03 04:30:18,1
1806,239,23,2026-05-22 17:01:05,1
1807,64,22,2026-05-21 12:03:15,1
1808,422,19,2026-06-11 21:35:27,2
1809,126,67,2026-06-24 14:43:14,1
1810,184,54,2026-06-29 23:10:34,5
1811,82,61,2026-05-28 08:55:52,4
1812,270,95,2026-06-26 07:17:05,1
1813,183,25,2026-04-30 19:44:38,1
1814,487,30,2026-07-14 18:37:47,5
1815,388,43,2026-06-03 16:22:20,5
1816,212,84,2026-06-26 10:28:10,3
1817,292,76,2026-06-28 08:36:59,5
1818,328,57,2026-06-08 04:17:41,3
1819,339,17,2026-07-20 22:12:34,3
1820,107,34,2026-05-16 17:30:04,4
1821,227,37,2026-07-08 10:42:28,1
1822,93,46,2026-05-22 07:43:09,4
1823,104,80,2026-07-23 10:26:38,2
1824,430,69,2026-05-22 09:44:01,2
1825,109,91,2026-06-30 23:32:24,2
1826,101,31,2026-05-06 01:29:53,1
1827,198,74,2026-05-06 23:45:56,4
1828,160,48,2026-05-12 14:58:09,2
1829,336,91,2026-04-28 01:53:33,3
1830,213,19,2026-05-30 22:00:57,4
1831,323,21,2026-06-15 12:32:21,3
1832,75,4,2026-06-02 23:45:34,4
1833,466,19,2026-06-08 04:22:24,3
1834,98,1,2026-07-05 09:52:44,5
1835,305,43,2026-06-26 13:14:55,3
1836,286,38,2026-07-06 22:23:06,5
1837,401,19,2026-07-11 08:12:31,5
1838,439,57,2026-05-27 14:15:10,1
1839,441,62,2026-07-21 02:37:10,1
1840,89,87,2026-06-17 04:53:27,1
1841,192,4,2026-06-02 16:55:35,5
1842,134,58,2026-05-29 09:50:54,1
1843,203,8,2026-06-22 18:09:22,2
1844,350,68,2026-05-16 06:41:37,3
1845,122,3,2026-05-02 19:50:19,5
1846,271,87,2026-06-28 21:54:14,1
1847,308,51,2026-05-13 14:09:45,4
1848,198,78,2026-06-22 10:59:40,5
1849,33,86,2026-05-29 18:24:11,4
1850,93,92,2026-07-16 14:34:07,4
1851,226,50,2026-05-30 21:49:14,1
1852,173,45,2026-05-28 19:46:39,3
1853,271,72,2026-05-03 05:10:50,2
1854,438,57,2026-07-05 16:56:44,4
1855,488,57,2026-05-22 17:37:37,2
1856,489,94,2026-07-20 20:54:31,4
1857,439,54,2026-05-08 06:16:38,5
1858,359,12,2026-05-08 15:45:53,2
1859,190,61,2026-07-17 22:32:34,5
1860,207,9,2026-06-21 01:26:33,4
1861,53,1,2026-06-03 11:10:24,3
1862,251,23,2026-06-17 16:12:04,4
1863,429,73,2026-07-07 00:54:23,2
1864,124,24,2026-07-14 12:25:21,4
1865,177,71,2026-06-11 08:12:30,1
1866,189,75,2026-05-24 05:13:58,4
1867,335,95,2026-06-08 16:58:55,2
1868,16,1,2026-05-09 15:57:46,3
1869,187,82,2026-07-14 16:59:18,4
1870,77,84,2026-06-28 08:45:06,3
1871,252,23,2026-06-11 11:14:23,2
1872,17,16,2026-07-07 22:59:02,3
1873,296,9,2026-06-21 20:34:44,3
1874,348,62,2026-06-18 14:56:43,4
1875,159,81,2026-06-30 07:21:13,4
1876,420,16,2026-05-30 22:41:07,5
1877,442,74,2026-04-26 09:56:38,3
1878,102,75,2026-04-30 09:24:00,2
1879,199,60,2026-07-18 23:41:19,2
1880,219,21,2026-04-29 20:17:59,3
1881,221,54,2026-06-25 11:37:27,3
1882,29,38,2026-05-23 00:41:15,5
1883,384,10,2026-06-13 14:27:24,2
1884,465,81,2026-05-12 12:03:31,1
1885,359,97,2026-05-10 22:30:57,5
1886,201,41,2026-07-13 23:41:45,3
1887,166,88,2026-07-01 11:26:35,3
1888,57,69,2026-06-20 00:40:03,3
1889,91,2,2026-05-08 00:10:35,5
1890,172,48,2026-07-09 07:48:53,4
1891,249,44,2026-07-23 02:55:50,2
1892,61,28,2026-05-09 17:12:00,5
1893,135,25,2026-07-10 21:47:38,5
1894,369,89,2026-07-14 10:24:04,5
1895,319,92,2026-06-17 05:14:49,1
1896,252,59,2026-07-22 15:34:06,1
1897,71,17,2026-07-23 08:45:42,1
1898,289,45,2026-05-24 23:04:47,3
1899,89,57,2026-07-20 02:16:25,5
1900,313,98,2026-05-27 22:05:02,2
1901,429,39,2026-04-27 12:04:32,1
1902,135,17,2026-07-16 21:35:06,2
1903,417,30,2026-05-24 13:25:15,2
1904,129,17,2026-05-02 08:13:26,4
1905,418,98,2026-07-09 19:58:58,1
1906,46,3,2026-07-08 22:13:30,4
1907,459,56,2026-04-28 20:07:57,2
1908,64,5,2026-07-10 17:00:49,5
1909,356,8,2026-06-09 06:06:07,1
1910,156,6,2026-05-01 03:25:43,3
1911,401,2,2026-07-06 23:17:26,1
1912,475,16,2026-07-23 01:02:42,5
1913,127,76,2026-07-21 04:57:02,2
1914,114,86,2026-05-28 20:11:38,1
1915,54,19,2026-07-15 20:03:40,3
1916,347,45,2026-05-28 21:45:15,2
1917,301,100,2026-07-04 10:42:54,5
1918,147,65,2026-06-19 01:48:20,1
1919,58,75,2026-07-07 19:32:55,1
1920,317,28,2026-07-03 05:01:23,2
1921,172,22,2026-07-21 06:04:54,5
1922,4,93,2026-05-04 07:00:55,2
1923,303,91,2026-06-09 19:13:42,3
1924,423,76,2026-05-12 16:26:07,4
1925,404,14,2026-05-12 06:28:07,3
1926,232,55,2026-05-15 12:21:20,5
1927,138,53,2026-05-05 16:00:36,3
1928,77,60,2026-05-05 10:06:59,5
1929,86,64,2026-07-07 17:17:15,3
1930,426,37,2026-06-17 19:16:22,1
1931,49,42,2026-06-11 15:29:43,1
1932,235,37,2026-06-08 01:49:18,5
1933,443,40,2026-06-30 09:59:44,4
1934,137,71,2026-06-03 06:05:50,3
1935,259,25,2026-07-16 21:29:19,1
1936,487,61,2026-06-29 15:33:04,3
1937,111,2,2026-06-29 03:57:54,4
1938,404,14,2026-06-02 04:40:10,4
1939,313,85,2026-06-29 09:27:49,1
1940,74,19,2026-06-02 01:02:18,4
1941,420,76,2026-05-04 14:05:27,2
1942,38,47,2026-05-14 00:57:57,3
1943,124,77,2026-07-15 15:47:32,4
1944,75,30,2026-07-15 01:59:48,4
1945,437,64,2026-05-21 18:03:21,5
1946,356,35,2026-07-07 03:22:28,4
1947,219,61,2026-06-28 10:31:52,5
1948,246,63,2026-06-13 08:44:35,3
1949,93,99,2026-06-07 20:26:12,1
1950,75,33,2026-06-11 05:18:33,4
1951,141,81,2026-05-07 18:43:16,1
1952,58,95,2026-04-29 20:12:58,1
1953,300,87,2026-04-27 07:23:25,2
1954,233,78,2026-06-29 15:43:19,3
1955,97,39,2026-06-24 02:20:55,5
1956,57,98,2026-05-02 03:21:33,5
1957,465,64,2026-07-10 16:15:33,4
1958,125,38,2026-06-27 23:51:00,4
1959,295,65,2026-05-20 02:47:07,5
1960,212,70,2026-06-16 18:46:41,1
1961,463,5,2026-06-05 11:58:50,1
1962,234,58,2026-05-25 06:02:13,4
1963,269,59,2026-04-28 04:54:11,1
1964,110,72,2026-06-27 17:36:00,3
1965,427,22,2026-06-11 10:17:29,4
1966,83,40,2026-07-03 04:49:01,4
1967,293,98,2026-05-05 07:56:22,5
1968,406,63,2026-06-27 19:09:20,5
1969,415,70,2026-06-19 06:24:27,4
1970,287,72,2026-07-16 15:50:39,2
1971,305,8,2026-06-01 17:03:13,3
1972,297,76,2026-05-31 09:23:36,5
1973,407,46,2026-07-08 03:04:02,3
1974,200,8,2026-04-27 10:38:54,5
1975,28,17,2026-07-14 23:15:32,3
1976,215,95,2026-06-20 09:48:10,1
1977,463,81,2026-05-27 20:14:47,4
1978,57,55,2026-05-28 05:18:09,3
1979,249,45,2026-04-30 04:35:50,2
1980,152,31,2026-06-26 15:12:12,3
1981,356,11,2026-07-22 02:25:16,1
1982,191,15,2026-05-27 11:42:45,2
1983,12,69,2026-05-26 08:58:06,1
1984,279,85,2026-07-17 12:51:20,4
1985,339,66,2026-07-21 05:29:53,4
1986,164,3,2026-07-01 06:45:42,4
1987,353,3,2026-05-25 10:35:34,4
1988,342,50,2026-05-26 00:21:26,5
1989,58,63,2026-05-04 10:12:36,2
1990,209,64,2026-06-12 12:35:48,3
1991,104,79,2026-05-23 18:59:43,3
1992,265,26,2026-06-11 23:02:33,1
1993,321,28,2026-05-22 14:38:53,3
1994,29,39,2026-06-19 09:27:40,4
1995,488,29,2026-06-24 08:25:12,1
1996,433,75,2026-05-03 21:48:23,5
1997,209,35,2026-05-01 05:48:39,5
1998,487,68,2026-06-09 20:31:00,4
1999,129,45,2026-07-10 23:03:50,1
2000,392,39,2026-06-12 16:57:23,3
2001,261,85,2026-06-16 03:13:48,3
2002,124,54,2026-06-02 18:29:25,3
2003,375,66,2026-06-07 17:09:37,5
2004,112,3,2026-06-24 16:02:36,5
2005,115,74,2026-06-12 04:17:23,2
2006,398,96,2026-06-09 01:56:17,3
2007,383,69,2026-07-12 06:00:45,5
2008,466,56,2026-06-18 16:12:28,1
2009,313,26,2026-05-30 01:52:57,4
2010,93,31,2026-05-09 07:41:16,3
2011,262,53,2026-05-25 15:34:36,1
2012,381,27,2026-07-15 20:18:25,4
2013,164,37,2026-06-26 10:26:58,2
2014,158,88,2026-06-22 02:02:01,2
2015,246,31,2026-05-05 17:40:18,2
2016,120,4,2026-05-18 13:19:09,3
2017,281,63,2026-06-18 01:32:52,4
2018,256,83,2026-07-21 15:23:30,1
2019,125,21,2026-05-21 04:31:33,2
2020,17,34,2026-07-10 09:07:30,3
2021,397,71,2026-05-11 19:08:11,1
2022,435,63,2026-07-09 15:47:52,1
2023,33,11,2026-05-25 04:30:44,5
2024,186,9,2026-07-21 03:33:09,4
2025,223,86,2026-06-27 12:59:07,1
2026,242,93,2026-07-15 12:48:41,2
2027,143,15,2026-06-19 03:31:31,5
2028,74,67,2026-06-28 04:47:57,5
2029,469,68,2026-05-19 03:48:59,4
2030,54,31,2026-06-21 22:44:45,1
2031,468,41,2026-05-26 16:21:10,5
2032,445,50,2026-07-11 22:48:29,2
2033,256,28,2026-05-08 17:15:10,1
2034,109,28,2026-05-21 08:48:09,4
2035,248,33,2026-07-17 11:45:49,5
2036,33,63,2026-06-15 12:08:10,3
2037,424,15,2026-05-25 10:32:10,5
2038,256,61,2026-06-29 23:57:25,2
2039,170,19,2026-05-29 22:54:28,4
2040,432,48,2026-07-13 10:58:52,3
2041,12,83,2026-07-21 14:23:54,5
2042,20,95,2026-06-28 00:09:12,1
2043,418,86,2026-05-17 23:32:46,3
2044,330,50,2026-05-24 17:42:32,3
2045,492,88,2026-05-06 13:28:01,5
2046,144,57,2026-06-01 10:15:51,1
2047,240,33,2026-05-23 22:10:52,1
2048,459,31,2026-05-23 14:06:24,2
2049,101,57,2026-06-25 00:13:10,3
2050,492,99,2026-06-26 06:41:26,4
2051,480,5,2026-05-21 07:36:44,1
2052,473,63,2026-06-09 10:47:00,4
2053,206,92,2026-06-04 17:14:42,1
2054,101,90,2026-05-20 01:09:55,5
2055,38,46,2026-06-04 13:45:37,5
2056,439,71,2026-07-05 08:13:33,3
2057,276,89,2026-04-27 08:47:35,1
2058,385,83,2026-05-12 13:12:19,4
2059,482,83,2026-05-07 22:10:44,1
2060,244,26,2026-06-24 17:05:51,3
2061,196,74,2026-05-02 16:40:32,1
2062,99,32,2026-06-13 20:16:51,2
2063,357,88,2026-06-03 13:10:01,3
2064,275,62,2026-07-18 12:28:38,2
2065,160,23,2026-06-30 10:58:30,5
2066,203,37,2026-05-13 23:58:52,1
2067,251,48,2026-05-12 08:53:37,4
2068,231,74,2026-05-16 12:09:14,1
2069,13,72,2026-06-26 12:55:44,5
2070,376,30,2026-07-21 18:09:45,1
2071,280,26,2026-05-20 03:03:36,2
2072,30,52,2026-06-23 17:06:53,4
2073,360,34,2026-05-09 04:50:29,1
2074,225,22,2026-06-18 18:49:58,1
2075,9,92,2026-06-14 18:21:06,4
2076,468,59,2026-07-14 00:42:38,4
2077,72,29,2026-07-02 23:47:06,2
2078,118,35,2026-05-22 16:03:40,4
2079,233,17,2026-06-05 14:04:58,2
2080,360,28,2026-07-13 17:19:38,3
2081,438,87,2026-05-13 02:18:33,4
2082,112,53,2026-07-10 15:38:05,2
2083,17,38,2026-05-20 03:05:53,2
2084,371,58,2026-07-21 19:17:20,2
2085,226,75,2026-06-30 03:31:08,4
2086,50,2,2026-06-09 05:38:04,2
2087,201,89,2026-06-02 07:25:50,2
2088,431,50,2026-07-02 11:52:35,4
2089,443,77,2026-05-19 14:06:36,1
2090,56,72,2026-04-30 09:57:50,1
2091,206,31,2026-06-09 10:24:47,3
2092,363,86,2026-07-11 14:26:08,5
2093,429,96,2026-07-12 08:09:18,1
2094,4,33,2026-06-12 16:43:45,5
2095,233,39,2026-06-02 00:46:16,3
2096,82,72,2026-04-28 16:53:21,5
2097,111,34,2026-05-11 04:52:43,5
2098,296,44,2026-07-18 22:42:31,4
2099,82,12,2026-05-25 12:27:51,5
2100,261,19,2026-05-19 23:51:03,1
2101,196,6,2026-05-07 03:01:23,4
2102,171,96,2026-05-29 17:18:06,4
2103,172,34,2026-06-23 05:17:42,3
2104,310,41,2026-06-06 00:29:28,2
2105,197,95,2026-06-11 09:48:51,2
2106,333,85,2026-06-25 12:34:05,4
2107,32,25,2026-05-09 03:22:21,1
2108,140,24,2026-04-28 04:37:34,4
2109,160,21,2026-07-02 06:04:25,4
2110,265,15,2026-07-20 14:58:13,4
2111,24,57,2026-05-29 07:48:47,5
2112,292,59,2026-06-11 13:48:27,1
2113,434,19,2026-05-06 17:11:46,3
2114,55,27,2026-07-18 00:03:03,3
2115,112,22,2026-07-06 12:32:24,5
2116,167,73,2026-07-20 04:59:44,5
2117,130,75,2026-04-25 02:40:29,5
2118,465,74,2026-05-12 05:49:01,4
2119,46,32,2026-07-08 07:13:16,4
2120,407,13,2026-07-19 20:46:39,3
2121,16,37,2026-06-29 20:38:02,1
2122,240,48,2026-06-21 00:38:58,1
2123,201,20,2026-04-27 12:20:36,1
2124,279,91,2026-06-27 17:53:56,4
2125,276,81,2026-05-20 20:37:06,5
2126,396,1,2026-05-26 16:40:53,1
2127,394,80,2026-06-07 16:51:55,3
2128,441,94,2026-07-21 18:14:27,5
2129,81,28,2026-07-17 12:38:47,1
2130,487,83,2026-05-22 04:23:30,3
2131,485,8,2026-07-05 22:14:26,1
2132,328,78,2026-05-31 17:45:59,1
2133,243,33,2026-05-11 23:51:22,2
2134,467,52,2026-05-03 08:53:05,1
2135,128,21,2026-06-01 10:20:18,4
2136,173,83,2026-07-06 18:38:58,2
2137,74,39,2026-06-11 08:48:47,4
2138,443,40,2026-07-21 10:54:52,5
2139,82,46,2026-06-28 07:50:08,1
2140,225,66,2026-05-14 02:47:41,4
2141,271,50,2026-06-09 23:14:45,3
2142,337,77,2026-06-04 18:53:13,1
2143,459,55,2026-07-12 10:48:53,3
2144,369,24,2026-06-05 20:36:04,4
2145,55,6,2026-06-13 13:14:00,3
2146,281,87,2026-05-16 11:33:19,2
2147,297,68,2026-06-24 20:02:28,5
2148,49,38,2026-06-09 04:05:27,4
2149,47,62,2026-05-23 21:01:41,2
2150,80,88,2026-07-21 08:58:44,3
2151,153,67,2026-06-05 05:44:54,3
2152,340,7,2026-06-17 04:58:15,1
2153,28,66,2026-05-05 03:51:44,5
2154,257,53,2026-05-03 21:13:32,4
2155,398,93,2026-06-18 21:42:40,3
2156,218,33,2026-06-20 13:31:59,1
2157,466,65,2026-04-26 06:58:11,1
2158,447,85,2026-06-08 15:38:50,2
2159,478,24,2026-07-15 13:11:00,4
2160,28,11,2026-06-04 02:59:51,3
2161,196,76,2026-07-04 00:19:26,4
2162,459,86,2026-06-07 09:30:56,5
2163,490,34,2026-05-27 20:25:40,2
2164,130,24,2026-05-02 07:19:41,5
2165,159,87,2026-05-05 00:49:46,4
2166,320,3,2026-04-25 06:41:08,4
2167,71,2,2026-05-11 09:14:00,4
2168,279,89,2026-06-03 00:59:34,5
2169,437,63,2026-05-24 02:38:10,5
2170,493,79,2026-05-29 17:37:12,4
2171,488,39,2026-05-03 05:15:56,2
2172,86,2,2026-05-13 05:39:43,1
2173,496,3,2026-07-01 06:56:03,2
2174,16,27,2026-06-10 10:08:43,2
2175,390,31,2026-06-06 00:31:18,5
2176,118,12,2026-05-23 22:15:02,4
2177,93,61,2026-06-04 16:06:39,1
2178,71,22,2026-07-21 07:50:28,2
2179,446,90,2026-06-06 22:36:21,4
2180,285,3,2026-07-17 04:31:55,4
2181,351,32,2026-05-14 06:12:49,3
2182,340,51,2026-04-29 15:43:06,3
2183,6,14,2026-06-24 22:01:21,4
2184,251,64,2026-07-05 06:34:41,5
2185,358,94,2026-06-17 12:41:03,3
2186,21,63,2026-06-02 12:23:01,4
2187,308,76,2026-07-04 01:32:04,5
2188,410,63,2026-05-17 05:26:26,1
2189,317,3,2026-06-04 16:24:10,5
2190,197,71,2026-04-30 21:03:05,3
2191,389,54,2026-07-20 00:54:31,4
2192,71,64,2026-06-24 04:02:58,3
2193,272,90,2026-06-06 01:33:02,1
2194,101,37,2026-07-04 05:15:03,2
2195,284,45,2026-06-06 05:55:58,2
2196,305,29,2026-06-20 18:24:18,3
2197,361,92,2026-06-27 11:53:04,4
2198,82,38,2026-07-03 21:45:41,4
2199,252,87,2026-06-27 01:29:48,3
2200,484,61,2026-07-11 08:37:31,2
2201,373,27,2026-05-22 03:14:02,1
2202,401,62,2026-05-07 05:52:40,2
2203,124,21,2026-06-22 12:33:30,4
2204,60,54,2026-06-11 15:31:26,3
2205,143,27,2026-06-17 18:34:12,1
2206,11,46,2026-07-19 05:43:16,3
2207,219,87,2026-05-10 02:38:19,2
2208,302,5,2026-07-12 01:04:39,1
2209,209,56,2026-05-05 18:37:43,5
2210,138,16,2026-06-18 06:34:22,2
2211,293,34,2026-05-27 18:04:26,3
2212,466,6,2026-07-08 11:30:44,5
2213,164,20,2026-07-16 13:38:46,5
2214,362,86,2026-05-04 19:43:46,1
2215,267,59,2026-07-15 10:07:27,1
2216,63,79,2026-06-22 21:39:43,1
2217,336,6,2026-06-12 23:10:08,1
2218,104,81,2026-05-06 04:09:33,2
2219,222,21,2026-07-04 10:14:16,3
2220,428,57,2026-07-07 16:34:03,5
2221,300,94,2026-07-18 05:27:22,1
2222,97,83,2026-05-30 00:37:46,3
2223,499,18,2026-05-06 15:38:00,2
2224,267,54,2026-07-08 09:28:19,1
2225,151,61,2026-05-27 20:23:40,3
2226,303,22,2026-05-02 23:40:13,3
2227,227,92,2026-07-06 23:58:40,4
2228,221,81,2026-06-28 06:36:44,2
2229,95,97,2026-07-06 20:51:36,5
2230,254,30,2026-05-08 02:36:40,4
2231,250,53,2026-07-20 21:42:17,4
2232,310,88,2026-05-29 20:03:23,1
2233,269,19,2026-07-08 11:38:42,1
2234,433,67,2026-05-01 11:11:49,1
2235,210,41,2026-06-02 16:58:31,2
2236,262,8,2026-06-01 21:26:16,1
2237,398,83,2026-05-09 08:48:17,5
2238,34,81,2026-07-02 23:19:57,5
2239,185,54,2026-06-02 17:47:44,5
2240,190,93,2026-07-05 19:40:18,3
2241,213,2,2026-07-14 00:07:08,3
2242,317,79,2026-07-23 01:51:59,2
2243,424,52,2026-06-07 00:45:25,2
2244,326,80,2026-07-10 06:01:48,5
2245,392,57,2026-07-01 10:17:10,3
2246,492,84,2026-06-02 23:37:39,2
2247,189,11,2026-04-28 07:12:28,5
2248,207,50,2026-07-04 02:39:48,2
2249,312,70,2026-05-22 06:39:39,2
2250,55,66,2026-06-17 06:48:55,3
2251,312,44,2026-07-07 05:06:24,2
2252,13,4,2026-07-20 03:39:19,5
2253,356,34,2026-05-18 03:25:24,3
2254,437,55,2026-06-12 18:26:10,1
2255,441,8,2026-07-15 10:05:33,3
2256,159,81,2026-06-12 23:37:13,3
2257,77,7,2026-07-07 03:58:24,1
2258,272,39,2026-06-19 06:55:55,1
2259,276,44,2026-05-17 15:12:27,5
2260,338,92,2026-07-20 13:01:18,5
2261,357,30,2026-05-28 17:24:20,3
2262,173,86,2026-07-09 21:45:09,5
2263,404,18,2026-07-03 01:37:10,4
2264,312,95,2026-05-18 18:05:18,1
2265,203,67,2026-06-20 06:04:45,2
2266,472,47,2026-06-07 19:40:45,1
2267,93,92,2026-06-05 00:59:44,4
2268,48,12,2026-04-30 17:58:58,4
2269,81,61,2026-05-15 13:32:42,4
2270,46,48,2026-06-29 10:10:18,5
2271,245,76,2026-06-17 23:33:07,5
2272,472,51,2026-07-18 09:00:10,3
2273,351,64,2026-06-25 12:07:23,4
2274,268,89,2026-06-11 05:46:28,4
2275,102,19,2026-06-12 19:37:39,2
2276,292,92,2026-06-08 03:36:33,2
2277,426,66,2026-07-17 12:37:47,5
2278,72,89,2026-05-15 08:33:14,4
2279,286,5,2026-07-06 04:31:24,2
2280,335,48,2026-07-23 04:46:17,1
2281,361,53,2026-05-05 10:09:46,1
2282,226,74,2026-05-22 19:51:21,1
2283,313,20,2026-05-06 03:25:13,3
2284,191,48,2026-05-24 03:42:29,3
2285,292,4,2026-07-10 12:41:57,2
2286,90,76,2026-06-04 15:49:33,1
2287,191,37,2026-05-15 15:24:08,2
2288,499,95,2026-06-11 04:01:58,1
2289,75,71,2026-05-28 13:28:19,1
2290,26,54,2026-06-10 10:17:00,5
2291,194,73,2026-06-07 15:10:11,3
2292,475,49,2026-06-09 20:25:17,5
2293,82,98,2026-05-08 03:50:29,5
2294,382,59,2026-07-07 15:54:04,4
2295,401,58,2026-05-09 04:12:56,3
2296,53,80,2026-06-28 05:27:49,5
2297,248,50,2026-05-17 07:34:34,4
2298,210,70,2026-04-29 03:49:43,4
2299,443,36,2026-06-26 10:09:20,1
2300,103,91,2026-04-27 02:51:31,5
2301,379,99,2026-07-02 09:25:11,3
2302,336,83,2026-05-06 17:29:35,5
2303,50,25,2026-06-23 18:44:45,5
2304,345,97,2026-04-29 20:16:02,5
2305,313,25,2026-07-06 13:59:21,4
2306,302,3,2026-05-06 09:20:28,5
2307,112,3,2026-05-21 09:46:12,2
2308,151,91,2026-07-15 03:52:49,5
2309,270,11,2026-07-12 01:19:24,5
2310,363,42,2026-06-02 17:19:04,5
2311,28,63,2026-07-17 09:36:24,1
2312,211,56,2026-05-12 05:40:30,4
2313,14,68,2026-05-25 12:36:56,4
2314,158,12,2026-05-05 20:12:08,1
2315,324,22,2026-05-22 09:58:43,2
2316,113,33,2026-07-08 07:20:26,1
2317,97,40,2026-06-03 06:05:02,2
2318,35,79,2026-05-26 07:02:36,2
2319,16,92,2026-04-30 09:22:48,3
2320,238,13,2026-05-25 18:48:42,2
2321,250,42,2026-05-19 18:05:29,4
2322,74,7,2026-05-14 09:03:31,2
2323,456,77,2026-06-20 14:36:28,2
2324,296,66,2026-07-06 18:15:24,5
2325,235,15,2026-05-20 20:32:47,1
2326,198,60,2026-06-17 09:55:35,4
2327,38,62,2026-04-27 12:25:04,4
2328,381,30,2026-07-22 10:13:05,1
2329,165,71,2026-06-20 14:56:32,1
2330,152,98,2026-06-17 13:37:23,2
2331,190,73,2026-06-03 04:50:52,4
2332,49,82,2026-06-12 07:09:11,2
2333,475,19,2026-05-30 22:55:31,5
2334,106,32,2026-06-15 21:36:35,4
2335,333,58,2026-04-28 18:26:37,1
2336,493,60,2026-07-14 05:38:14,5
2337,177,84,2026-05-10 23:05:19,1
2338,35,62,2026-05-21 05:54:11,5
2339,154,88,2026-05-31 14:52:58,3
2340,380,28,2026-06-20 12:34:50,5
2341,172,6,2026-05-10 09:11:18,5
2342,337,9,2026-05-23 21:35:57,1
2343,241,90,2026-05-06 15:37:05,2
2344,437,72,2026-05-21 20:14:46,4
2345,129,79,2026-06-12 17:22:39,3
2346,413,44,2026-06-25 09:06:51,3
2347,456,91,2026-06-07 15:58:14,3
2348,151,85,2026-05-25 22:31:57,3
2349,129,59,2026-06-21 22:01:45,3
2350,10,89,2026-05-07 16:39:52,1
2351,364,61,2026-04-25 03:01:56,1
2352,404,23,2026-06-03 19:48:02,5
2353,422,91,2026-06-11 04:27:33,4
2354,322,11,2026-07-10 03:36:54,1
2355,322,4,2026-07-20 08:54:18,4
2356,404,16,2026-05-28 23:35:54,4
2357,360,46,2026-06-01 06:15:22,2
2358,466,90,2026-04-25 12:42:27,1
2359,280,48,2026-05-13 10:45:44,4
2360,6,29,2026-07-05 20:42:47,1
2361,460,36,2026-06-29 18:52:03,3
2362,120,12,2026-07-12 23:07:59,5
2363,376,39,2026-07-12 04:48:12,2
2364,142,64,2026-05-29 22:54:37,1
2365,171,64,2026-07-21 12:42:59,5
2366,129,1,2026-05-13 17:58:35,4
2367,67,36,2026-06-18 23:09:55,5
2368,296,22,2026-06-17 06:48:49,2
2369,397,95,2026-06-18 15:15:14,5
2370,338,23,2026-05-01 01:21:44,5
2371,80,96,2026-05-01 00:38:13,2
2372,159,73,2026-07-16 18:28:17,2
2373,313,94,2026-07-09 15:50:31,3
2374,120,87,2026-04-26 22:55:43,5
2375,369,33,2026-06-29 19:09:40,5
2376,276,1,2026-06-05 04:18:35,1
2377,201,56,2026-07-15 16:31:10,4
2378,168,16,2026-06-29 17:58:48,5
2379,282,64,2026-05-29 19:21:05,5
2380,460,6,2026-07-19 12:28:12,2
2381,29,36,2026-07-22 21:04:06,4
2382,319,58,2026-05-25 09:57:29,1
2383,239,25,2026-05-27 04:58:55,1
2384,342,4,2026-07-05 07:25:50,2
2385,418,55,2026-05-01 22:31:11,2
2386,122,22,2026-05-26 16:12:36,3
2387,37,81,2026-06-24 10:06:12,1
2388,17,62,2026-06-05 15:34:30,1
2389,356,81,2026-05-27 04:02:32,3
2390,152,14,2026-06-09 16:34:27,2
2391,211,7,2026-07-13 11:36:23,3
2392,312,31,2026-05-01 18:57:20,5
2393,372,57,2026-07-07 21:32:23,1
2394,376,58,2026-06-19 22:04:34,1
2395,50,8,2026-07-22 17:09:37,1
2396,231,41,2026-07-20 03:06:23,1
2397,475,17,2026-04-30 17:32:12,4
2398,33,39,2026-06-23 00:11:07,4
2399,38,14,2026-06-29 11:54:02,1
2400,335,7,2026-05-23 08:16:01,4
2401,244,13,2026-06-23 15:28:44,4
2402,142,77,2026-07-10 04:00:37,5
2403,7,59,2026-05-31 23:39:34,4
2404,484,55,2026-07-19 03:27:56,5
2405,372,13,2026-05-27 16:25:29,1
2406,276,67,2026-05-26 13:48:28,5
2407,120,14,2026-05-04 16:20:43,1
2408,357,92,2026-05-01 06:27:04,5
2409,480,25,2026-07-21 12:23:45,5
2410,79,82,2026-06-13 02:52:45,3
2411,218,54,2026-06-10 10:48:10,5
2412,270,24,2026-05-18 07:38:50,2
2413,485,6,2026-04-30 14:00:56,2
2414,195,75,2026-06-06 00:39:39,5
2415,392,97,2026-05-29 10:39:51,3
2416,350,70,2026-07-09 00:05:49,2
2417,93,61,2026-05-24 16:19:28,5
2418,212,38,2026-05-30 12:29:50,1
2419,311,76,2026-06-27 13:33:32,2
2420,34,31,2026-06-12 22:42:29,5
2421,32,55,2026-05-28 02:12:38,2
2422,124,82,2026-07-21 22:01:12,2
2423,478,9,2026-05-27 20:56:05,2
2424,401,61,2026-07-01 04:01:10,4
2425,360,89,2026-05-26 20:41:09,5
2426,338,43,2026-06-23 12:41:07,3
2427,253,43,2026-05-10 11:12:03,1
2428,276,6,2026-06-11 20:39:48,2
2429,3,82,2026-05-16 08:44:50,2
2430,282,80,2026-05-15 09:42:35,2
2431,290,95,2026-07-08 07:26:33,3
2432,490,95,2026-05-31 04:59:56,2
2433,243,24,2026-07-13 21:58:37,1
2434,222,2,2026-05-01 20:52:01,3
2435,18,72,2026-05-05 21:28:17,2
2436,177,57,2026-05-13 14:03:14,5
2437,463,47,2026-04-28 23:22:00,1
2438,123,26,2026-05-22 07:03:50,2
2439,134,34,2026-07-03 12:04:19,2
2440,210,71,2026-05-18 14:11:57,2
2441,122,3,2026-05-11 19:21:04,3
2442,60,3,2026-07-14 10:28:12,2
2443,232,84,2026-07-10 03:52:08,1
2444,210,27,2026-05-24 07:55:52,4
2445,146,48,2026-07-12 07:18:15,3
2446,398,22,2026-06-14 20:53:21,5
2447,262,92,2026-05-01 01:24:06,1
2448,91,17,2026-07-10 21:18:28,2
2449,120,69,2026-05-31 10:19:14,3
2450,198,77,2026-06-05 09:57:44,2
2451,28,98,2026-06-23 12:30:37,5
2452,117,69,2026-05-23 06:33:23,2
2453,203,32,2026-04-29 21:09:48,3
2454,79,66,2026-06-20 10:04:16,4
2455,129,94,2026-05-02 14:45:17,4
2456,480,85,2026-06-23 09:51:01,1
2457,104,66,2026-06-01 09:26:11,5
2458,228,64,2026-06-14 02:10:04,4
2459,111,42,2026-07-02 21:16:33,3
2460,316,89,2026-06-10 15:13:29,4
2461,286,35,2026-06-20 03:19:27,4
2462,383,75,2026-06-26 19:03:31,1
2463,128,29,2026-07-20 14:17:36,2
2464,275,31,2026-06-02 03:34:29,2
2465,191,55,2026-07-19 23:54:10,4
2466,342,21,2026-07-15 12:04:08,3
2467,157,71,2026-05-02 22:33:49,2
2468,454,11,2026-05-23 08:34:22,4
2469,311,46,2026-05-17 01:24:49,5
2470,25,60,2026-06-13 10:43:05,5
2471,209,55,2026-06-07 12:19:10,4
2472,261,53,2026-05-30 09:25:33,4
2473,198,35,2026-05-31 20:02:59,1
2474,111,57,2026-05-17 09:49:56,3
2475,388,10,2026-05-29 13:48:29,1
2476,184,65,2026-06-13 11:57:02,5
2477,386,11,2026-07-10 00:16:43,3
2478,138,13,2026-05-06 05:23:27,1
2479,221,5,2026-06-16 17:23:38,2
2480,206,26,2026-06-29 06:10:30,3
2481,154,39,2026-07-06 01:31:45,3
2482,118,91,2026-06-22 08:33:44,2
2483,456,92,2026-07-05 12:58:08,5
2484,160,2,2026-07-08 11:28:06,3
2485,172,45,2026-07-09 17:52:55,4
2486,246,75,2026-07-07 06:52:38,1
2487,285,84,2026-06-13 11:36:54,2
2488,242,30,2026-05-16 17:50:15,2
2489,286,30,2026-06-13 19:01:16,5
2490,478,71,2026-07-07 06:26:48,4
2491,435,60,2026-05-27 18:51:19,1
2492,196,25,2026-06-05 08:13:16,4
2493,129,57,2026-06-07 09:34:18,5
2494,18,48,2026-05-08 04:50:18,5
2495,80,40,2026-07-05 08:16:17,1
2496,300,85,2026-07-14 17:07:06,3
2497,210,29,2026-06-04 09:44:42,4
2498,416,97,2026-06-02 20:58:42,5
2499,187,42,2026-06-20 16:45:56,1
2500,339,5,2026-07-23 05:48:46,2
2501,97,43,2026-06-18 21:02:30,5
2502,364,74,2026-07-17 21:11:19,4
2503,233,27,2026-06-01 15:18:33,1
2504,320,50,2026-05-12 23:55:19,4
2505,64,43,2026-06-19 00:07:38,4
2506,384,39,2026-05-03 18:19:46,2
2507,62,87,2026-06-17 09:25:38,2
2508,19,89,2026-06-22 07:00:03,4
2509,16,24,2026-05-14 00:45:42,1
2510,235,37,2026-05-14 16:49:29,2
2511,183,85,2026-06-14 14:59:29,1
2512,276,8,2026-05-30 12:04:59,5
2513,7,22,2026-05-26 10:29:42,4
2514,239,21,2026-05-05 11:06:47,2
2515,321,54,2026-06-10 03:28:01,1
2516,238,27,2026-05-07 07:49:30,2
2517,194,56,2026-07-13 02:53:49,4
2518,100,78,2026-06-19 13:07:16,3
2519,352,26,2026-06-12 11:54:45,4
2520,169,26,2026-04-25 10:24:18,2
2521,271,9,2026-07-13 18:28:40,4
2522,362,32,2026-06-14 18:23:44,3
2523,340,63,2026-06-08 09:24:55,4
2524,344,6,2026-07-05 07:04:22,1
2525,176,83,2026-07-19 05:55:33,4
2526,214,90,2026-07-15 12:33:12,3
2527,239,79,2026-07-13 15:47:28,2
2528,251,32,2026-05-12 03:30:30,5
2529,442,56,2026-06-08 03:52:40,4
2530,397,24,2026-07-01 12:44:07,5
2531,56,51,2026-07-01 13:01:16,1
2532,146,21,2026-05-21 07:00:21,5
2533,183,86,2026-07-22 16:11:10,1
2534,423,93,2026-07-03 20:23:49,2
2535,296,53,2026-07-07 16:19:31,5
2536,75,48,2026-05-02 03:23:50,1
2537,303,99,2026-07-09 09:27:09,3
2538,248,58,2026-05-10 17:09:50,3
2539,128,65,2026-04-29 01:04:06,4
2540,16,10,2026-06-25 17:43:41,4
2541,233,44,2026-07-06 03:16:04,4
2542,121,51,2026-04-28 09:04:56,1
2543,154,15,2026-07-02 13:22:58,2
2544,203,86,2026-07-06 09:36:09,4
2545,292,60,2026-05-01 08:03:54,1
2546,328,85,2026-05-18 05:38:46,4
2547,89,61,2026-07-13 08:47:37,3
2548,101,22,2026-07-15 02:53:53,1
2549,363,13,2026-05-11 22:03:08,3
2550,77,69,2026-07-05 16:45:23,4
2551,106,10,2026-06-28 21:31:05,1
2552,407,35,2026-05-09 14:44:01,4
2553,220,23,2026-05-15 17:56:40,1
2554,406,69,2026-05-15 16:45:56,4
2555,422,7,2026-07-14 22:15:00,5
2556,385,85,2026-07-03 06:25:06,1
2557,238,89,2026-05-24 15:30:31,4
2558,31,77,2026-04-25 03:55:59,1
2559,468,49,2026-07-08 04:34:00,2
2560,153,48,2026-07-21 22:37:01,2
2561,124,12,2026-04-26 06:26:00,4
2562,17,2,2026-05-27 10:35:59,2
2563,412,86,2026-04-30 20:15:40,2
2564,57,86,2026-05-11 00:15:23,2
2565,26,54,2026-06-13 11:16:22,1
2566,496,42,2026-05-26 00:57:32,5
2567,376,25,2026-06-24 08:39:19,2
2568,324,51,2026-06-05 06:05:40,1
2569,141,28,2026-05-04 23:47:30,3
2570,201,23,2026-04-26 04:00:03,4
2571,393,41,2026-04-25 20:58:47,4
2572,130,59,2026-05-16 01:55:20,1
2573,396,36,2026-06-26 19:32:33,5
2574,225,6,2026-05-01 05:57:15,2
2575,249,39,2026-07-08 05:34:15,5
2576,300,14,2026-07-02 21:22:44,5
2577,482,73,2026-05-11 08:35:23,3
2578,56,77,2026-05-26 04:51:40,4
2579,410,99,2026-07-01 01:32:51,2
2580,206,23,2026-06-25 09:32:31,3
2581,401,62,2026-05-01 06:22:44,3
2582,11,78,2026-07-22 06:24:56,5
2583,272,49,2026-06-13 07:50:17,2
2584,302,76,2026-07-02 02:57:57,1
2585,142,3,2026-06-23 13:15:27,1
2586,194,31,2026-07-05 08:31:25,4
2587,459,32,2026-06-23 21:13:15,1
2588,35,18,2026-05-31 01:45:51,4
2589,185,26,2026-05-09 10:28:45,4
2590,126,83,2026-04-28 09:23:24,2
2591,437,77,2026-06-06 19:01:05,3
2592,83,36,2026-05-25 12:58:47,1
2593,312,54,2026-06-26 15:07:07,3
2594,454,4,2026-05-16 22:41:35,3
2595,212,32,2026-05-14 16:39:01,5
2596,32,86,2026-05-18 19:43:50,2
2597,364,49,2026-06-14 08:10:43,3
2598,113,57,2026-06-24 20:33:38,1
2599,38,63,2026-05-01 12:08:16,2
2600,31,82,2026-05-08 10:51:16,2
2601,79,12,2026-05-11 13:45:18,5
2602,329,27,2026-05-17 15:42:13,5
2603,47,55,2026-07-04 02:24:29,4
2604,195,22,2026-07-03 18:40:58,2
2605,151,55,2026-05-11 20:11:08,5
2606,153,39,2026-05-22 09:58:53,5
2607,272,82,2026-05-14 06:21:34,3
2608,475,62,2026-05-02 11:30:42,3
2609,242,49,2026-05-10 23:59:03,4
2610,268,55,2026-06-12 18:28:41,5
2611,443,56,2026-07-07 12:44:43,2
2612,499,62,2026-04-26 15:13:27,4
2613,258,11,2026-07-07 09:19:44,3
2614,357,69,2026-05-09 13:06:28,5
2615,438,23,2026-05-19 16:35:39,4
2616,281,40,2026-06-07 18:01:58,3
2617,229,72,2026-06-22 13:12:09,4
2618,41,43,2026-05-07 23:29:36,4
2619,122,20,2026-07-22 15:48:11,2
2620,4,2,2026-07-17 08:51:47,5
2621,439,93,2026-05-31 01:08:42,4
2622,246,54,2026-06-02 00:39:41,3
2623,234,63,2026-05-24 14:18:44,5
2624,41,53,2026-07-19 15:15:34,1
2625,77,50,2026-06-18 15:01:28,2
2626,121,98,2026-06-06 01:42:32,3
2627,467,97,2026-07-03 20:00:52,3
2628,306,91,2026-06-11 03:37:57,3
2629,422,8,2026-06-26 21:46:58,4
2630,257,95,2026-05-18 16:07:39,2
2631,288,5,2026-07-23 04:14:18,3
2632,380,91,2026-06-29 09:14:49,1
2633,423,86,2026-06-26 08:47:50,2
2634,160,78,2026-06-07 22:23:05,2
2635,157,32,2026-06-22 04:10:14,5
2636,399,21,2026-04-25 21:48:33,1
2637,467,12,2026-06-26 06:36:57,4
2638,242,91,2026-06-20 14:54:50,1
2639,311,25,2026-07-18 18:18:12,4
2640,103,55,2026-05-19 06:17:37,3
2641,301,69,2026-06-27 15:26:41,4
2642,352,40,2026-07-04 23:14:59,4
2643,456,94,2026-07-18 02:57:06,1
2644,64,82,2026-06-19 07:20:35,3
2645,493,19,2026-05-20 19:55:34,2
2646,453,51,2026-07-01 13:52:12,3
2647,5,22,2026-07-12 23:23:10,4
2648,2,13,2026-05-01 11:48:12,4
2649,314,54,2026-06-27 06:12:21,3
2650,442,56,2026-05-11 06:40:03,2
2651,228,24,2026-07-02 01:36:35,2
2652,123,63,2026-05-12 09:06:55,5
2653,67,58,2026-06-18 18:28:53,2
2654,115,26,2026-04-30 10:29:57,2
2655,491,98,2026-05-13 08:11:06,3
2656,248,57,2026-06-24 13:41:53,5
2657,64,82,2026-05-10 20:09:47,1
2658,184,11,2026-05-31 09:13:56,1
2659,169,9,2026-05-27 22:19:58,1
2660,351,31,2026-06-10 02:38:31,4
2661,404,98,2026-05-04 11:57:48,1
2662,36,35,2026-07-06 16:52:44,1
2663,400,75,2026-07-10 08:02:49,1
2664,57,28,2026-06-14 10:11:19,1
2665,229,78,2026-06-14 04:55:17,3
2666,292,61,2026-07-07 04:47:35,3
2667,362,55,2026-05-27 09:16:47,3
2668,413,44,2026-05-25 07:35:08,2
2669,221,86,2026-06-02 09:33:59,4
2670,365,8,2026-05-29 06:40:09,3
2671,489,13,2026-04-25 00:14:56,4
2672,423,52,2026-07-04 02:56:47,2
2673,16,78,2026-05-06 15:25:34,5
2674,171,90,2026-07-06 16:02:33,2
2675,225,58,2026-06-23 17:55:29,4
2676,309,53,2026-06-27 19:30:17,2
2677,3,82,2026-07-12 14:36:02,3
2678,10,82,2026-05-29 16:24:03,1
2679,490,95,2026-05-26 07:35:23,4
2680,142,78,2026-06-10 18:06:43,4
2681,446,79,2026-07-10 19:07:22,1
2682,215,55,2026-06-09 22:30:20,1
2683,442,50,2026-05-23 05:48:41,5
2684,121,92,2026-05-08 14:39:05,5
2685,342,92,2026-06-12 16:56:58,1
2686,80,64,2026-07-11 01:47:17,1
2687,189,87,2026-06-16 23:44:00,4
2688,106,58,2026-05-05 22:36:42,4
2689,399,70,2026-05-18 02:24:09,2
2690,130,22,2026-07-06 20:16:00,1
2691,63,56,2026-07-03 04:54:53,1
2692,101,42,2026-07-21 08:23:04,4
2693,465,36,2026-05-16 02:34:28,3
2694,400,61,2026-07-20 20:24:46,1
2695,400,18,2026-07-23 07:11:32,5
2696,381,93,2026-06-11 11:24:29,1
2697,484,89,2026-05-27 00:32:38,2
2698,344,99,2026-07-23 09:46:54,5
2699,38,83,2026-05-28 00:50:06,4
2700,433,96,2026-07-05 04:04:16,4
2701,393,83,2026-07-09 22:26:04,5
2702,265,30,2026-05-16 09:58:20,3
2703,71,38,2026-05-03 05:22:16,1
2704,53,44,2026-07-05 14:44:25,5
2705,117,96,2026-05-05 23:36:29,5
2706,225,17,2026-07-16 13:27:53,3
2707,232,74,2026-07-05 06:12:15,1
2708,195,8,2026-06-21 00:00:00,5
2709,118,50,2026-06-04 20:21:00,3
2710,467,47,2026-07-11 03:24:47,2
2711,312,85,2026-06-22 02:55:54,5
2712,135,14,2026-06-02 02:12:20,1
2713,322,59,2026-05-25 09:13:21,2
2714,496,38,2026-07-14 23:55:02,2
2715,300,88,2026-06-07 23:06:57,2
2716,360,37,2026-05-08 20:57:52,1
2717,359,41,2026-05-24 16:49:49,5
2718,417,16,2026-05-21 06:15:06,5
2719,288,81,2026-07-14 04:02:32,2
2720,297,38,2026-07-02 01:49:38,4
2721,35,43,2026-05-09 12:52:59,2
2722,442,29,2026-07-01 17:07:43,1
2723,470,23,2026-07-16 21:30:01,4
2724,438,51,2026-05-23 18:01:07,2
2725,13,71,2026-06-01 19:09:09,3
2726,256,87,2026-06-09 16:12:48,3
2727,459,51,2026-06-01 16:18:15,1
2728,317,94,2026-05-22 04:35:30,3
2729,422,25,2026-07-01 18:45:45,5
2730,240,13,2026-05-07 10:04:54,3
2731,456,75,2026-07-17 18:39:01,1
2732,429,39,2026-06-08 03:11:20,2
2733,345,18,2026-06-06 14:43:29,4
2734,183,19,2026-05-15 01:51:07,2
2735,488,96,2026-05-13 16:58:13,1
2736,222,93,2026-07-16 20:00:53,5
2737,61,87,2026-07-09 23:24:25,2
2738,229,55,2026-06-29 16:16:59,2
2739,33,13,2026-05-29 05:37:53,4
2740,111,7,2026-05-06 02:29:56,5
2741,390,44,2026-06-21 07:45:56,4
2742,94,81,2026-07-03 20:43:32,4
2743,151,5,2026-05-06 05:53:27,2
2744,242,63,2026-05-24 02:22:44,5
2745,108,84,2026-07-06 01:30:12,4
2746,470,89,2026-07-10 22:18:11,1
2747,472,60,2026-07-17 16:24:51,4
2748,168,81,2026-06-27 03:07:00,4
2749,225,2,2026-05-06 08:40:56,1
2750,49,16,2026-06-11 05:01:21,5
2751,137,3,2026-06-20 16:31:18,5
2752,343,62,2026-05-21 06:53:10,1
2753,483,76,2026-05-12 07:02:48,4
2754,291,83,2026-07-01 22:33:25,4
2755,186,74,2026-05-06 20:52:59,1
2756,202,9,2026-07-03 00:15:41,5
2757,114,52,2026-07-12 15:10:50,1
2758,240,72,2026-07-13 01:53:15,5
2759,476,68,2026-06-11 03:29:45,1
2760,311,75,2026-06-16 00:58:46,1
2761,456,97,2026-05-14 20:29:12,1
2762,112,77,2026-07-01 05:01:53,2
2763,4,72,2026-06-07 03:11:21,3
2764,75,6,2026-05-07 05:13:26,5
2765,127,84,2026-05-10 08:42:29,1
2766,336,33,2026-07-16 09:05:01,1
2767,50,16,2026-06-12 20:28:19,3
2768,223,70,2026-05-11 08:55:31,4
2769,396,1,2026-05-18 19:43:42,3
2770,28,67,2026-07-21 12:58:38,3
2771,397,69,2026-06-06 21:48:01,2
2772,345,63,2026-07-01 04:45:53,3
2773,313,46,2026-06-22 13:32:40,5
2774,307,27,2026-06-30 12:03:17,1
2775,399,6,2026-05-17 17:32:41,1
2776,117,19,2026-05-23 19:26:03,2
2777,83,78,2026-06-17 07:28:44,2
2778,354,46,2026-05-21 15:26:23,2
2779,439,80,2026-06-04 16:25:38,1
2780,329,33,2026-05-20 00:28:35,4
2781,390,21,2026-06-02 13:16:01,4
2782,49,33,2026-06-29 09:28:48,4
2783,420,19,2026-06-15 17:48:31,2
2784,41,81,2026-07-04 20:19:02,3
2785,381,90,2026-06-26 09:21:03,2
2786,431,48,2026-06-18 10:26:33,5
2787,362,21,2026-06-04 11:00:05,2
2788,197,56,2026-05-31 12:03:35,1
2789,362,32,2026-05-02 05:42:23,3
2790,77,69,2026-05-05 09:21:24,5
2791,247,9,2026-05-26 16:31:11,1
2792,222,43,2026-07-09 06:05:52,3
2793,92,29,2026-05-21 06:42:15,1
2794,58,49,2026-05-16 06:53:03,4
2795,62,16,2026-05-11 18:32:41,5
2796,438,40,2026-06-20 21:07:39,4
2797,56,68,2026-05-28 14:03:27,5
2798,172,71,2026-05-21 00:39:45,5
2799,58,7,2026-05-11 06:55:53,3
2800,454,50,2026-05-12 06:03:30,3
2801,489,95,2026-06-29 12:28:38,5
2802,330,77,2026-07-19 08:19:09,4
2803,288,76,2026-05-07 02:19:33,3
2804,6,88,2026-06-13 13:45:18,2
2805,396,17,2026-05-08 13:30:23,4
2806,339,95,2026-05-20 16:04:41,1
2807,437,82,2026-05-30 15:34:29,2
2808,410,78,2026-06-04 07:38:22,4
2809,113,57,2026-05-29 01:56:39,4
2810,302,37,2026-05-21 11:46:30,4
2811,312,92,2026-07-19 06:50:35,2
2812,191,82,2026-07-17 00:09:46,1
2813,191,53,2026-07-08 12:38:20,3
2814,54,82,2026-05-02 10:15:03,1
2815,439,31,2026-05-03 19:14:35,2
2816,344,8,2026-05-02 22:09:31,3
2817,332,64,2026-07-12 04:38:45,1
2818,257,87,2026-06-13 02:22:36,2
2819,289,64,2026-06-13 17:07:29,5
2820,423,16,2026-06-03 01:52:41,1
2821,370,25,2026-07-22 03:34:48,1
2822,431,55,2026-07-01 22:13:06,5
2823,453,45,2026-05-18 10:08:58,5
2824,415,78,2026-04-28 19:45:27,5
2825,272,22,2026-06-29 04:48:42,5
2826,137,23,2026-05-02 00:06:32,3
2827,83,66,2026-05-29 00:17:24,1
2828,256,64,2026-05-31 12:24:57,2
2829,228,15,2026-05-27 12:33:42,2
2830,323,99,2026-07-16 23:53:39,1
2831,177,39,2026-06-10 14:49:23,3
2832,163,28,2026-04-24 22:16:02,5
2833,240,28,2026-07-23 07:56:18,3
2834,386,66,2026-07-13 21:08:43,1
2835,281,80,2026-07-16 01:51:50,4
2836,34,46,2026-04-25 06:47:18,5
2837,279,43,2026-05-23 16:16:06,3
2838,63,1,2026-05-28 15:58:18,2
2839,244,46,2026-04-25 13:42:54,1
2840,260,63,2026-05-13 21:22:22,1
2841,317,66,2026-07-20 22:44:27,2
2842,249,16,2026-07-22 08:45:34,4
2843,5,20,2026-07-08 10:00:14,3
2844,137,61,2026-06-02 02:18:50,3
2845,187,47,2026-06-05 07:10:08,2
2846,321,35,2026-05-05 06:20:19,4
2847,396,57,2026-05-10 10:09:44,2
2848,218,96,2026-06-05 20:15:41,1
2849,220,91,2026-05-13 23:31:01,1
2850,118,37,2026-04-28 14:51:54,2
2851,241,54,2026-07-05 22:31:46,3
2852,19,21,2026-06-28 09:25:51,2
2853,289,86,2026-05-20 12:25:08,1
2854,254,63,2026-06-17 02:56:31,4
2855,486,88,2026-07-03 01:32:58,2
2856,202,97,2026-07-07 22:13:30,4
2857,301,93,2026-07-23 09:06:53,4
2858,82,15,2026-05-05 04:26:19,1
2859,79,20,2026-05-28 02:55:12,5
2860,8,99,2026-06-30 03:54:59,2
2861,31,87,2026-07-14 06:43:06,3
2862,259,77,2026-07-05 07:24:04,1
2863,262,62,2026-05-22 19:34:02,3
2864,292,11,2026-07-07 14:05:10,4
2865,152,80,2026-05-09 12:24:06,5
2866,115,32,2026-05-22 00:09:43,1
2867,161,90,2026-05-18 17:26:18,4
2868,123,61,2026-07-02 07:14:03,1
2869,424,94,2026-06-12 11:35:02,5
2870,112,25,2026-07-16 17:03:25,5
2871,379,82,2026-05-09 03:37:04,2
2872,74,17,2026-06-02 16:07:07,1
2873,168,25,2026-05-08 21:45:11,4
2874,11,79,2026-05-14 02:15:51,1
2875,31,49,2026-06-03 06:07:56,5
2876,191,90,2026-06-25 04:46:49,2
2877,135,44,2026-06-05 01:53:23,4
2878,36,66,2026-06-05 04:12:46,1
2879,190,15,2026-05-20 20:26:59,3
2880,171,45,2026-07-02 19:10:32,4
2881,152,41,2026-07-20 14:48:35,1
2882,113,6,2026-04-24 18:18:35,1
2883,398,96,2026-05-25 22:32:08,2
2884,174,61,2026-05-21 21:52:46,5
2885,60,56,2026-05-12 15:46:10,3
2886,295,47,2026-05-27 03:59:41,3
2887,69,13,2026-06-28 15:49:18,1
2888,413,71,2026-07-08 12:22:17,2
2889,205,47,2026-07-05 16:23:48,3
2890,448,100,2026-06-20 21:19:24,5
2891,362,48,2026-05-17 20:13:44,3
2892,129,75,2026-05-31 23:57:39,1
2893,63,17,2026-06-24 20:02:20,5
2894,74,6,2026-06-20 15:50:54,2
2895,120,91,2026-06-06 23:46:48,1
2896,45,70,2026-06-23 19:27:35,3
2897,189,93,2026-06-09 18:01:25,2
2898,320,93,2026-05-09 15:08:37,1
2899,80,25,2026-06-04 07:34:01,5
2900,430,33,2026-07-20 06:36:30,5
2901,214,47,2026-06-07 06:06:01,1
2902,265,9,2026-06-10 14:06:52,4
2903,314,65,2026-07-10 11:57:25,1
2904,104,77,2026-05-21 07:52:25,2
2905,177,6,2026-06-18 16:20:38,1
2906,483,89,2026-05-13 04:14:17,4
2907,297,88,2026-06-15 09:48:20,5
2908,45,22,2026-06-06 05:04:50,5
2909,234,72,2026-07-09 09:07:47,4
2910,244,78,2026-05-21 01:41:18,2
2911,114,1,2026-05-10 05:53:42,5
2912,133,76,2026-07-01 08:32:25,1
2913,480,66,2026-06-07 22:18:55,5
2914,428,93,2026-06-14 16:34:13,3
2915,190,29,2026-05-23 11:38:18,3
2916,330,16,2026-05-11 07:46:27,2
2917,28,69,2026-05-17 20:08:47,3
2918,24,82,2026-05-09 02:15:03,3
2919,83,35,2026-07-18 12:11:26,1
2920,385,32,2026-07-13 15:44:45,2
2921,320,15,2026-04-24 20:19:23,3
2922,380,78,2026-05-30 13:09:00,3
2923,49,91,2026-07-19 12:53:55,5
2924,163,93,2026-05-07 16:23:55,4
2925,366,38,2026-05-26 05:30:56,1
2926,376,2,2026-07-13 16:57:40,3
2927,134,94,2026-05-21 20:47:08,2
2928,158,3,2026-06-15 21:16:03,5
2929,63,93,2026-07-06 02:49:50,4
2930,393,33,2026-07-18 04:22:05,5
2931,330,27,2026-07-13 00:27:09,4
2932,134,42,2026-05-20 19:23:43,2
2933,348,81,2026-07-12 03:12:55,4
2934,98,58,2026-05-17 05:00:54,4
2935,225,19,2026-07-21 07:15:54,4
2936,55,64,2026-05-12 08:01:05,4
2937,114,23,2026-05-13 01:08:11,5
2938,295,94,2026-05-12 05:26:20,3
2939,12,40,2026-05-10 12:41:20,2
2940,498,51,2026-06-30 10:44:30,5
2941,117,9,2026-05-08 15:29:32,1
2942,258,32,2026-06-07 21:20:39,4
2943,60,93,2026-06-14 20:32:38,2
2944,438,97,2026-07-12 03:49:14,1
2945,361,13,2026-05-31 09:34:26,4
2946,12,15,2026-07-13 23:05:26,1
2947,462,83,2026-04-28 22:58:58,2
2948,153,99,2026-05-02 19:51:10,3
2949,91,81,2026-06-21 22:19:01,1
2950,482,2,2026-07-10 13:45:51,1
2951,324,95,2026-07-13 03:44:03,3
2952,428,11,2026-05-14 08:30:16,2
2953,289,98,2026-06-18 08:35:58,4
2954,496,21,2026-05-24 13:19:12,3
2955,289,20,2026-05-18 09:10:36,1
2956,326,89,2026-05-20 16:16:48,5
2957,77,3,2026-07-13 19:16:31,1
2958,61,70,2026-05-23 12:30:42,1
2959,307,54,2026-05-08 11:33:38,1
2960,136,4,2026-05-16 17:15:08,4
2961,235,19,2026-05-29 00:19:58,3
2962,137,88,2026-06-01 01:34:44,1
2963,295,22,2026-05-05 09:41:44,2
2964,61,37,2026-05-29 09:38:55,1
2965,370,43,2026-05-06 04:50:19,3
2966,50,6,2026-06-22 09:39:47,2
2967,111,55,2026-06-15 05:10:14,3
2968,360,24,2026-06-29 16:15:19,4
2969,94,86,2026-06-30 10:15:41,3
2970,375,37,2026-05-28 12:51:30,1
2971,166,64,2026-06-27 23:00:27,3
2972,163,92,2026-07-11 06:07:43,1
2973,479,1,2026-07-17 09:00:00,2
2974,472,84,2026-05-08 22:38:18,3
2975,93,50,2026-06-07 01:56:12,4
2976,496,9,2026-05-05 16:45:08,5
2977,258,94,2026-05-21 17:57:27,2
2978,54,42,2026-05-07 02:14:27,2
2979,465,50,2026-05-28 22:41:56,3
2980,297,55,2026-06-10 10:32:40,4
2981,361,82,2026-05-27 02:05:28,2
2982,487,84,2026-07-23 04:33:22,2
2983,234,54,2026-06-17 01:06:51,4
2984,322,69,2026-06-11 12:54:20,5
2985,321,30,2026-06-01 01:18:27,1
2986,348,92,2026-06-04 16:01:16,5
2987,345,100,2026-07-01 01:01:50,2
2988,425,12,2026-05-17 13:06:02,3
2989,3,27,2026-07-16 07:05:28,1
2990,222,72,2026-06-09 17:23:22,2
2991,67,8,2026-07-22 04:41:17,3
2992,221,100,2026-07-13 05:29:37,2
2993,184,59,2026-05-08 16:55:55,5
2994,254,32,2026-05-15 04:06:53,2
2995,33,96,2026-05-08 02:09:41,1
2996,422,91,2026-05-08 14:27:13,4
2997,442,4,2026-07-01 07:08:39,4
2998,227,7,2026-07-01 19:26:44,1
2999,399,75,2026-05-01 20:57:30,4
3000,357,21,2026-04-27 15:23:56,2
3001,224,19,2026-05-02 09:07:43,2
3002,46,2,2026-06-18 23:21:14,4
3003,94,98,2026-05-12 10:08:27,4
3004,448,18,2026-07-06 08:16:37,5
3005,423,39,2026-06-09 08:40:13,4
3006,435,44,2026-06-06 19:35:40,1
3007,174,15,2026-05-09 20:18:17,1
3008,385,5,2026-06-22 08:53:15,2
3009,302,21,2026-04-25 18:23:03,4
3010,256,88,2026-07-18 18:14:03,4
3011,332,92,2026-07-14 05:58:43,3
3012,342,65,2026-05-24 10:10:18,2
3013,256,21,2026-05-21 02:27:55,1
3014,313,49,2026-05-06 20:38:34,2
3015,244,80,2026-04-30 03:32:35,2
3016,239,24,2026-07-13 13:38:11,5
3017,362,10,2026-07-12 23:46:51,4
3018,288,41,2026-06-27 01:57:44,4
3019,232,22,2026-04-30 00:27:19,3
3020,389,55,2026-05-13 14:48:58,3
3021,64,14,2026-05-02 06:22:05,3
3022,361,100,2026-07-15 21:48:13,3
3023,17,31,2026-05-22 02:39:03,2
3024,324,14,2026-05-01 01:15:56,2
3025,358,2,2026-07-07 03:53:01,3
3026,117,71,2026-05-14 07:06:59,1
3027,147,35,2026-05-02 23:13:01,5
3028,338,6,2026-06-18 10:40:08,4
3029,28,7,2026-05-25 06:05:10,1
3030,194,2,2026-05-29 08:06:49,3
3031,242,65,2026-05-13 15:10:23,3
3032,454,51,2026-07-04 04:02:13,3
3033,81,90,2026-06-29 05:11:39,1
3034,205,53,2026-07-20 18:05:00,5
3035,60,65,2026-07-12 02:39:33,2
3036,14,76,2026-07-11 00:02:13,4
3037,288,76,2026-07-18 01:32:26,1
3038,177,21,2026-05-09 10:10:11,4
3039,47,81,2026-05-03 18:26:40,2
3040,132,88,2026-06-27 05:30:16,2
3041,466,92,2026-05-10 08:19:40,5
3042,310,94,2026-06-22 19:31:32,5
3043,466,44,2026-06-07 03:45:56,2
3044,210,38,2026-05-29 16:39:32,5
3045,260,6,2026-07-20 04:29:44,4
3046,146,27,2026-06-22 23:21:59,5
3047,45,20,2026-06-18 18:02:09,4
3048,57,2,2026-05-08 13:23:44,3
3049,328,12,2026-06-12 03:36:39,1
3050,276,41,2026-05-11 04:31:54,3
3051,101,9,2026-05-21 21:46:54,5
3052,223,46,2026-05-03 08:58:49,1
3053,111,91,2026-07-08 15:48:46,4
3054,159,61,2026-05-19 13:38:44,4
3055,390,18,2026-05-06 17:55:24,5
3056,293,6,2026-05-30 00:00:45,3
3057,244,53,2026-07-16 22:01:05,5
3058,412,17,2026-06-06 12:15:50,3
3059,308,80,2026-05-25 03:54:28,3
3060,49,88,2026-06-03 19:52:24,5
3061,273,34,2026-07-18 21:34:16,1
3062,372,83,2026-04-30 06:01:02,2
3063,424,72,2026-04-25 11:34:10,2
3064,62,38,2026-05-31 04:47:20,2
3065,340,52,2026-07-16 14:37:38,1
3066,136,50,2026-07-18 13:59:56,4
3067,402,12,2026-05-28 14:08:43,4
3068,283,83,2026-06-15 15:58:16,4
3069,64,11,2026-05-12 05:07:42,1
3070,242,99,2026-06-05 18:17:26,2
3071,244,43,2026-04-30 23:17:26,3
3072,212,78,2026-06-10 22:12:38,2
3073,425,95,2026-06-09 22:43:58,1
3074,170,59,2026-04-28 10:15:55,5
3075,98,61,2026-05-08 20:07:58,2
3076,199,73,2026-04-27 18:02:58,5
3077,469,49,2026-04-30 18:27:51,3
3078,480,56,2026-06-09 16:11:07,2
3079,32,28,2026-07-17 23:41:44,1
3080,460,88,2026-06-04 18:32:13,3
3081,156,82,2026-05-11 19:25:01,1
3082,90,9,2026-05-21 07:18:24,4
3083,48,39,2026-07-18 13:06:23,4
3084,253,68,2026-05-15 11:57:42,3
3085,114,7,2026-05-03 16:27:53,4
3086,212,97,2026-05-23 12:53:59,2
3087,123,45,2026-06-04 09:38:14,4
3088,287,69,2026-06-30 14:09:08,2
3089,422,56,2026-05-29 03:33:15,5
3090,238,2,2026-06-18 04:04:21,5
3091,123,10,2026-07-03 21:07:45,5
3092,370,19,2026-05-26 03:24:45,3
3093,9,20,2026-07-20 18:03:36,4
3094,93,64,2026-07-17 15:01:45,3
3095,70,87,2026-06-03 04:00:38,3
3096,312,93,2026-04-25 01:37:43,4
3097,79,82,2026-06-07 08:04:21,5
3098,57,5,2026-05-15 22:29:20,2
3099,254,90,2026-06-16 17:32:03,2
3100,360,49,2026-05-15 16:41:50,3
3101,129,25,2026-06-29 16:42:34,5
3102,9,48,2026-07-12 17:18:15,3
3103,10,39,2026-07-20 18:25:06,3
3104,302,16,2026-07-01 14:35:17,4
3105,390,59,2026-06-03 21:52:34,4
3106,217,46,2026-07-14 02:52:26,5
3107,258,67,2026-07-07 23:49:45,3
3108,70,23,2026-06-08 06:11:51,4
3109,228,23,2026-06-17 09:04:13,5
3110,102,70,2026-06-06 00:43:34,4
3111,173,85,2026-06-30 13:30:01,4
3112,381,37,2026-07-01 21:03:19,5
3113,58,12,2026-07-11 23:02:12,1
3114,53,84,2026-04-26 07:20:15,5
3115,249,14,2026-06-11 21:46:06,5
3116,326,13,2026-06-25 05:16:54,4
3117,302,75,2026-07-11 22:52:32,1
3118,401,38,2026-07-16 09:40:41,4
3119,130,29,2026-07-09 03:19:23,4
3120,330,49,2026-05-05 19:52:04,2
3121,284,16,2026-05-28 18:03:00,4
3122,250,83,2026-07-02 01:06:55,4
3123,5,48,2026-07-09 15:42:36,2
3124,305,37,2026-05-20 16:38:08,3
3125,192,54,2026-06-29 01:57:56,2
3126,4,54,2026-04-27 21:11:54,1
3127,16,20,2026-07-10 11:04:59,3
3128,498,67,2026-07-13 07:52:47,5
3129,198,43,2026-05-11 06:08:48,5
3130,260,31,2026-06-17 16:01:41,4
3131,120,79,2026-06-26 06:42:07,4
3132,31,74,2026-06-05 08:56:32,2
3133,382,50,2026-07-04 09:41:12,2
3134,245,41,2026-06-13 22:24:14,2
3135,265,30,2026-05-04 09:05:40,2
3136,303,16,2026-06-25 00:25:31,5
3137,476,51,2026-07-15 13:27:54,3
3138,332,21,2026-05-26 00:19:06,2
3139,55,12,2026-04-27 04:48:25,4
3140,7,81,2026-07-08 11:21:58,5
3141,97,4,2026-06-23 17:20:15,5
3142,47,74,2026-05-31 20:07:44,1
3143,448,94,2026-05-07 09:15:36,4
3144,381,81,2026-07-09 04:58:35,3
3145,115,31,2026-06-27 01:32:57,2
3146,186,25,2026-06-15 16:40:25,2
3147,437,100,2026-07-12 01:44:03,4
3148,467,34,2026-06-27 17:14:34,1
3149,168,11,2026-05-08 16:04:06,1
3150,383,75,2026-07-17 21:10:31,1
3151,67,59,2026-06-21 13:35:44,1
3152,63,19,2026-05-22 03:14:51,3
3153,112,12,2026-05-02 05:22:22,4
3154,222,27,2026-06-01 15:41:29,1
3155,295,3,2026-06-03 21:09:25,1
3156,293,81,2026-05-02 02:52:57,2
3157,416,54,2026-05-31 03:28:01,3
3158,381,58,2026-07-12 05:07:01,2
3159,112,39,2026-04-25 16:41:22,2
3160,397,73,2026-06-24 23:53:41,5
3161,19,16,2026-05-27 23:52:02,3
3162,291,79,2026-06-21 23:08:44,5
3163,4,21,2026-06-14 08:49:24,3
3164,75,25,2026-06-22 13:24:05,1
3165,321,3,2026-06-14 00:04:36,5
3166,461,20,2026-05-15 17:05:30,3
3167,70,28,2026-04-27 13:47:43,3
3168,87,29,2026-05-02 19:29:48,2
3169,165,36,2026-06-10 11:12:42,2
3170,55,45,2026-07-02 11:00:55,5
3171,392,38,2026-06-09 01:21:06,4
3172,265,66,2026-06-02 12:59:37,2
3173,154,23,2026-05-13 22:08:47,3
3174,240,14,2026-06-20 09:03:36,5
3175,195,22,2026-07-10 19:26:49,2
3176,435,63,2026-06-05 19:07:23,4
3177,256,77,2026-07-06 05:52:55,3
3178,496,41,2026-06-24 04:32:55,1
3179,363,50,2026-06-05 09:25:58,2
3180,339,46,2026-05-31 00:27:07,1
3181,273,22,2026-07-20 01:37:44,1
3182,307,33,2026-06-20 16:33:56,4
3183,184,78,2026-07-13 23:22:48,5
3184,217,51,2026-04-27 14:49:34,1
3185,112,42,2026-06-05 09:36:17,2
3186,220,32,2026-05-01 18:19:31,2
3187,396,48,2026-05-30 19:48:02,2
3188,473,41,2026-05-06 14:02:57,1
3189,199,89,2026-04-25 18:27:44,3
3190,131,60,2026-06-18 19:21:37,3
3191,142,72,2026-05-01 03:24:00,4
3192,173,78,2026-05-15 07:27:54,5
3193,133,14,2026-06-18 04:11:22,3
3194,432,78,2026-07-19 11:26:21,1
3195,343,83,2026-06-04 15:48:36,4
3196,198,41,2026-05-13 22:47:06,2
3197,30,64,2026-06-12 03:00:07,1
3198,168,54,2026-05-06 06:57:17,1
3199,275,22,2026-06-22 02:29:46,3
3200,354,50,2026-05-17 15:57:50,5
3201,12,37,2026-04-26 10:37:21,5
3202,4,60,2026-05-22 07:40:53,2
3203,245,5,2026-07-20 16:29:42,5
3204,317,6,2026-05-27 11:14:11,1
3205,40,61,2026-05-03 22:42:22,4
3206,436,39,2026-05-21 09:05:48,3
3207,456,45,2026-06-02 13:55:51,1
3208,333,100,2026-05-25 02:48:39,4
3209,366,7,2026-06-01 21:34:50,3
3210,422,59,2026-06-11 14:37:07,1
3211,228,80,2026-05-04 16:28:15,1
3212,136,7,2026-07-13 20:30:51,1
3213,89,14,2026-05-26 01:22:37,4
3214,137,22,2026-05-03 06:09:17,2
3215,436,48,2026-07-12 22:49:22,5
3216,4,89,2026-07-17 23:40:56,1
3217,159,6,2026-05-05 11:15:07,1
3218,190,10,2026-05-20 07:35:23,3
3219,417,79,2026-07-10 13:41:15,4
3220,166,90,2026-05-11 05:58:43,2
3221,350,59,2026-05-06 08:27:06,2
3222,199,19,2026-07-06 19:45:33,5
3223,250,82,2026-06-07 02:08:00,1
3224,313,68,2026-05-18 01:31:16,5
3225,288,85,2026-06-11 07:05:08,3
3226,200,99,2026-07-04 16:05:56,4
3227,137,12,2026-05-20 07:47:15,3
3228,430,11,2026-05-28 23:37:59,5
3229,150,85,2026-06-26 12:59:35,2
3230,420,10,2026-05-02 00:09:36,4
3231,35,28,2026-04-25 23:39:06,2
3232,283,50,2026-05-12 22:56:25,4
3233,62,44,2026-05-14 23:16:39,5
3234,461,68,2026-06-13 14:35:54,3
3235,461,40,2026-07-02 12:00:52,4
3236,394,20,2026-07-16 00:35:40,5
3237,63,17,2026-05-15 22:52:00,3
3238,235,58,2026-07-17 23:19:07,5
3239,308,26,2026-07-09 10:38:30,4
3240,117,9,2026-05-21 16:28:17,4
3241,103,88,2026-05-24 12:45:53,5
3242,389,14,2026-05-09 00:16:15,4
3243,63,96,2026-05-05 09:50:37,2
3244,10,59,2026-05-12 20:52:19,3
3245,17,61,2026-06-27 23:21:58,5
3246,275,46,2026-05-20 11:54:15,1
3247,329,11,2026-05-29 02:56:07,4
3248,130,20,2026-06-02 05:58:13,5
3249,260,66,2026-05-27 02:43:49,1
3250,268,35,2026-05-30 14:42:45,1
3251,30,84,2026-05-31 20:24:11,4
3252,121,38,2026-05-13 02:30:38,4
3253,110,77,2026-05-21 12:00:52,5
3254,364,64,2026-06-14 01:31:46,4
3255,64,88,2026-04-29 13:16:12,2
3256,67,29,2026-05-05 21:28:06,1
3257,21,74,2026-05-20 13:18:04,2
3258,38,69,2026-05-04 12:28:57,3
3259,137,80,2026-07-01 15:02:34,4
3260,239,51,2026-05-04 13:07:01,2
3261,442,89,2026-05-20 18:10:06,4
3262,127,22,2026-07-09 23:56:21,2
3263,214,82,2026-05-22 16:07:56,5
3264,176,94,2026-04-25 00:18:02,1
3265,114,65,2026-07-21 20:20:51,5
3266,288,95,2026-05-24 08:31:04,2
3267,107,41,2026-06-29 20:56:13,1
3268,104,24,2026-05-26 23:02:20,4
3269,90,2,2026-06-28 09:01:36,4
3270,259,43,2026-04-26 17:35:28,2
3271,163,10,2026-05-11 06:52:46,1
3272,357,46,2026-06-09 17:09:55,5
3273,2,63,2026-07-18 11:48:28,2
3274,285,15,2026-04-29 02:19:48,1
3275,339,88,2026-05-22 22:20:40,2
3276,314,65,2026-05-10 22:54:33,2
3277,469,13,2026-05-04 10:03:37,3
3278,488,95,2026-05-27 07:14:45,4
3279,295,95,2026-05-28 18:26:24,5
3280,158,85,2026-06-10 22:40:21,3
3281,223,59,2026-04-26 00:39:38,3
3282,189,91,2026-05-27 02:43:44,5
3283,469,85,2026-07-16 21:54:49,5
3284,291,15,2026-05-20 22:03:39,5
3285,438,82,2026-04-26 17:21:33,2
3286,249,29,2026-06-27 17:29:50,2
3287,219,64,2026-04-27 17:04:27,2
3288,345,95,2026-07-01 06:24:24,4
3289,221,27,2026-07-05 23:33:27,1
3290,121,49,2026-06-25 17:25:07,1
3291,168,81,2026-06-29 14:46:59,5
3292,273,68,2026-05-11 16:43:45,3
3293,410,45,2026-07-19 22:14:21,3
3294,239,76,2026-06-04 05:25:38,3
3295,194,25,2026-04-28 16:49:51,5
3296,312,90,2026-05-28 00:56:54,5
3297,75,56,2026-07-10 22:19:15,4
3298,339,45,2026-05-22 17:06:06,1
3299,6,64,2026-06-30 06:27:14,2
3300,282,88,2026-05-09 07:07:01,5
3301,177,80,2026-06-17 21:37:24,2
3302,190,63,2026-05-22 16:45:19,1
3303,486,38,2026-04-26 05:23:38,4
3304,24,28,2026-05-22 04:32:21,5
3305,77,7,2026-06-11 03:02:14,3
3306,4,56,2026-05-28 21:52:33,1
3307,30,33,2026-05-08 01:58:08,3
3308,173,65,2026-06-28 07:22:58,5
3309,98,12,2026-07-02 22:55:50,3
3310,91,94,2026-05-13 19:28:09,4
3311,351,11,2026-05-22 22:40:44,2
3312,19,61,2026-05-29 03:24:50,2
3313,492,87,2026-06-25 13:28:57,4
3314,256,52,2026-07-21 11:54:47,1
3315,160,39,2026-06-21 16:15:44,3
3316,108,73,2026-06-06 00:35:11,3
3317,488,75,2026-05-08 05:21:55,2
3318,154,18,2026-06-04 03:08:20,5
3319,124,39,2026-05-24 07:45:12,1
3320,186,73,2026-06-24 17:09:00,4
3321,327,24,2026-05-31 05:07:30,4
3322,57,18,2026-06-14 20:03:41,4
3323,420,41,2026-06-12 15:02:07,3
3324,283,46,2026-06-05 05:36:09,4
3325,254,53,2026-06-08 11:55:50,1
3326,335,4,2026-07-08 03:45:50,4
3327,53,97,2026-05-08 08:38:57,5
3328,189,32,2026-06-20 01:18:37,5
3329,228,17,2026-06-23 23:50:20,5
3330,338,38,2026-04-29 21:48:32,4
3331,79,52,2026-06-28 18:27:32,1
3332,280,98,2026-07-18 15:45:04,5
3333,279,7,2026-05-02 22:19:51,1
3334,166,84,2026-05-05 02:30:11,3
3335,357,13,2026-07-13 12:19:13,3
3336,338,62,2026-06-30 18:15:33,3
3337,36,16,2026-07-05 14:29:17,5
3338,406,66,2026-07-05 11:54:09,1
3339,425,27,2026-06-13 20:02:36,2
3340,336,95,2026-06-11 19:12:16,2
3341,136,87,2026-06-25 19:35:45,2
3342,189,81,2026-05-24 21:29:21,1
3343,489,63,2026-06-24 06:18:12,2
3344,70,9,2026-04-24 17:08:39,2
3345,362,16,2026-06-14 04:20:07,1
3346,152,27,2026-05-04 18:28:58,4
3347,14,65,2026-06-06 19:13:37,4
3348,33,16,2026-05-23 19:56:02,4
3349,291,24,2026-07-13 08:25:51,2
3350,327,34,2026-07-13 11:43:45,5
3351,412,57,2026-07-17 03:24:27,5
3352,77,56,2026-05-08 21:50:23,1
3353,114,19,2026-07-13 04:25:15,2
3354,107,66,2026-07-05 17:15:54,5
3355,124,61,2026-06-10 08:37:44,3
3356,177,86,2026-05-04 10:07:25,5
3357,296,48,2026-06-28 12:54:50,3
3358,239,50,2026-07-01 10:42:35,1
3359,281,54,2026-07-12 16:38:18,4
3360,93,4,2026-05-22 05:28:57,4
3361,74,73,2026-06-01 12:29:50,1
3362,348,39,2026-04-28 00:28:53,5
3363,270,6,2026-07-21 21:06:24,3
3364,89,60,2026-07-19 09:15:30,4
3365,169,2,2026-05-10 01:57:38,3
3366,301,65,2026-05-15 04:12:51,3
3367,427,68,2026-06-01 15:16:54,5
3368,37,23,2026-06-27 09:27:49,2
3369,217,84,2026-07-03 12:56:23,5
3370,210,59,2026-07-03 03:33:24,2
3371,170,98,2026-06-27 15:20:48,3
3372,240,9,2026-07-22 15:52:07,4
3373,229,61,2026-06-22 12:46:29,2
3374,344,91,2026-06-12 22:24:38,5
3375,159,17,2026-07-01 10:58:48,3
3376,353,75,2026-05-28 12:10:54,5
3377,371,52,2026-05-01 06:30:38,1
3378,18,94,2026-05-10 03:58:35,2
3379,57,86,2026-05-05 00:34:21,4
3380,410,61,2026-05-26 03:14:31,2
3381,468,94,2026-07-10 22:57:17,2
3382,62,23,2026-07-04 09:48:15,4
3383,458,54,2026-07-23 06:21:09,1
3384,36,79,2026-05-19 00:43:50,1
3385,22,96,2026-05-01 18:53:15,4
3386,462,48,2026-06-22 14:23:10,1
3387,109,42,2026-05-05 03:55:45,4
3388,231,18,2026-06-25 14:18:03,5
3389,333,26,2026-05-13 17:07:01,3
3390,295,57,2026-06-29 14:53:38,3
3391,137,26,2026-07-05 18:24:18,2
3392,262,68,2026-07-12 05:24:14,2
3393,52,75,2026-04-27 01:33:05,1
3394,126,5,2026-07-12 08:31:06,2
3395,4,47,2026-07-08 21:30:37,4
3396,339,70,2026-07-17 15:28:17,1
3397,211,24,2026-06-29 23:04:40,5
3398,299,25,2026-07-14 12:42:01,2
3399,342,61,2026-06-12 08:07:36,3
3400,219,80,2026-07-21 01:38:38,5
3401,87,9,2026-06-06 07:43:16,4
3402,376,49,2026-07-18 13:34:29,1
3403,340,11,2026-05-07 01:26:27,5
3404,186,13,2026-05-06 03:51:07,4
3405,141,7,2026-06-22 02:38:00,5
3406,205,3,2026-05-16 11:04:06,3
3407,154,50,2026-07-01 23:48:24,3
3408,39,21,2026-05-22 16:18:37,1
3409,320,74,2026-05-18 03:33:36,5
3410,365,65,2026-05-25 00:37:53,4
3411,371,8,2026-06-16 17:11:50,1
3412,350,61,2026-07-22 18:44:16,3
3413,393,4,2026-04-27 20:16:00,3
3414,254,34,2026-05-14 04:17:10,3
3415,463,8,2026-05-08 05:37:37,2
3416,328,94,2026-05-26 17:06:22,1
3417,143,64,2026-05-01 18:57:29,5
3418,365,90,2026-07-14 18:45:36,1
3419,214,10,2026-06-04 02:58:15,5
3420,446,79,2026-05-02 12:51:27,5
3421,289,17,2026-05-20 23:23:28,1
3422,62,5,2026-06-11 22:12:55,5
3423,137,84,2026-05-28 17:13:14,4
3424,288,39,2026-07-09 14:11:08,2
3425,12,8,2026-04-27 06:28:11,2
3426,320,78,2026-07-17 05:41:33,4
3427,413,88,2026-07-05 08:32:51,1
3428,330,62,2026-04-29 18:33:25,4
3429,465,49,2026-07-01 05:33:18,2
3430,260,90,2026-06-05 03:39:19,5
3431,87,15,2026-06-06 05:33:54,1
3432,370,48,2026-05-28 20:47:20,2
3433,212,56,2026-07-22 20:18:57,1
3434,144,30,2026-05-03 15:24:54,5
3435,7,30,2026-06-03 19:34:24,5
3436,339,6,2026-07-11 13:18:49,1
3437,434,32,2026-07-12 14:36:26,1
3438,46,8,2026-05-07 00:19:49,4
3439,112,37,2026-04-28 22:56:05,3
3440,216,78,2026-06-27 07:48:31,2
3441,183,17,2026-06-22 13:25:55,4
3442,289,85,2026-05-06 14:13:07,1
3443,46,33,2026-06-16 11:50:54,2
3444,297,91,2026-07-05 02:14:40,3
3445,134,57,2026-07-02 22:47:00,3
3446,224,100,2026-06-17 05:55:47,3
3447,393,32,2026-06-14 20:41:49,3
3448,199,90,2026-06-16 06:39:33,5
3449,62,7,2026-05-28 08:46:48,4
3450,427,80,2026-06-10 22:00:25,3
3451,47,27,2026-07-22 06:17:23,2
3452,312,30,2026-05-24 07:37:15,5
3453,129,16,2026-05-30 20:47:33,2
3454,21,31,2026-07-01 12:18:56,4
3455,390,98,2026-06-07 18:24:19,1
3456,12,64,2026-07-14 21:50:24,1
3457,166,36,2026-06-20 19:45:36,4
3458,187,11,2026-04-30 12:13:08,3
3459,365,50,2026-06-11 19:19:39,1
3460,233,50,2026-06-06 19:42:07,1
3461,136,27,2026-05-31 12:57:25,2
3462,397,56,2026-06-15 09:51:26,1
3463,398,40,2026-04-27 18:00:34,5
3464,462,45,2026-04-27 05:37:37,5
3465,458,44,2026-07-23 07:06:17,3
3466,491,97,2026-06-21 02:05:40,2
3467,459,4,2026-05-27 19:31:08,5
3468,262,55,2026-07-09 16:40:50,1
3469,490,14,2026-06-17 10:19:47,4
3470,435,87,2026-05-22 14:47:40,5
3471,281,55,2026-06-19 07:19:18,5
3472,466,67,2026-05-19 23:08:22,2
3473,233,60,2026-07-06 02:30:50,2
3474,82,2,2026-05-21 23:08:23,3
3475,50,32,2026-07-08 14:24:42,5
3476,185,44,2026-06-19 03:46:48,4
3477,22,79,2026-05-21 08:09:22,3
3478,165,85,2026-05-19 00:47:57,5
3479,8,16,2026-05-24 12:10:43,5
3480,398,42,2026-07-14 21:04:54,3
3481,111,57,2026-06-08 15:17:12,1
3482,268,2,2026-06-08 23:56:38,1
3483,220,62,2026-06-25 15:06:36,5
3484,133,53,2026-04-30 09:34:25,5
3485,47,36,2026-07-20 19:19:32,5
3486,330,41,2026-04-30 22:17:35,4
3487,112,34,2026-07-08 01:54:59,3
3488,159,64,2026-05-07 01:30:39,2
3489,379,23,2026-05-08 23:22:01,5
3490,394,7,2026-05-17 07:13:38,1
3491,394,5,2026-05-12 14:24:27,5
3492,268,75,2026-05-25 12:30:14,1
3493,332,92,2026-05-16 20:13:43,1
3494,431,34,2026-05-19 16:57:05,1
3495,410,46,2026-06-16 04:22:50,1
3496,360,31,2026-05-28 15:59:24,1
3497,46,65,2026-06-06 19:13:10,1
3498,307,10,2026-05-17 17:15:41,2
3499,202,74,2026-05-30 18:23:28,4
3500,41,83,2026-06-05 02:49:14,3
3501,91,4,2026-05-26 09:57:20,5
3502,479,47,2026-05-27 05:38:04,4
3503,392,48,2026-06-09 09:50:12,3
3504,373,4,2026-05-10 06:37:01,3
3505,26,38,2026-05-09 06:44:01,5
3506,16,14,2026-06-22 20:13:22,2
3507,490,41,2026-06-13 07:18:08,5
3508,476,75,2026-07-02 22:05:57,3
3509,132,49,2026-07-14 08:47:41,5
3510,19,85,2026-07-04 05:22:08,2
3511,233,98,2026-06-26 17:50:05,1
3512,46,29,2026-06-18 14:32:38,5
3513,344,81,2026-06-16 22:32:11,4
3514,322,94,2026-05-06 11:34:34,5
3515,485,7,2026-06-22 15:42:40,4
3516,397,68,2026-06-14 05:31:54,4
3517,198,35,2026-05-13 15:29:56,5
3518,184,32,2026-05-26 14:57:05,2
3519,486,99,2026-05-29 20:30:02,2
3520,277,41,2026-07-06 08:27:58,1
3521,419,31,2026-06-06 22:00:13,4
3522,222,11,2026-05-28 21:14:40,5
3523,303,10,2026-07-22 12:18:58,3
3524,393,62,2026-06-22 11:19:21,2
3525,272,54,2026-05-17 00:26:54,5
3526,79,69,2026-05-18 11:49:18,4
3527,406,75,2026-06-28 08:43:36,2
3528,363,34,2026-07-10 23:32:23,3
3529,211,41,2026-05-06 03:56:13,1
3530,248,54,2026-06-12 17:51:24,2
3531,344,64,2026-06-25 03:11:43,2
3532,112,59,2026-04-26 05:12:26,2
3533,74,54,2026-05-20 06:46:19,5
3534,430,61,2026-07-05 20:02:10,1
3535,79,5,2026-07-14 16:05:32,4
3536,14,89,2026-05-10 22:02:57,1
3537,82,66,2026-07-17 21:02:16,5
3538,237,55,2026-05-29 02:47:52,2
3539,244,90,2026-06-17 18:49:37,2
3540,430,38,2026-05-06 06:25:13,3
3541,209,76,2026-06-22 19:34:07,5
3542,64,93,2026-04-29 02:28:21,1
3543,446,46,2026-06-07 07:03:47,4
3544,379,58,2026-07-05 15:00:40,4
3545,177,97,2026-06-10 00:47:55,2
3546,442,24,2026-07-03 23:25:18,5
3547,499,66,2026-05-02 20:18:17,2
3548,5,76,2026-06-21 06:57:49,3
3549,406,84,2026-06-07 17:51:21,4
3550,200,57,2026-05-11 20:51:13,5
3551,435,76,2026-05-21 19:52:34,1
3552,141,39,2026-06-11 14:31:05,3
3553,29,73,2026-06-13 23:20:14,5
3554,347,66,2026-07-15 15:52:33,4
3555,174,42,2026-06-01 00:00:13,3
3556,459,23,2026-05-08 14:43:59,1
3557,493,95,2026-07-19 09:09:54,2
3558,260,67,2026-05-21 17:26:42,5
3559,370,41,2026-05-04 08:50:05,3
3560,173,22,2026-05-06 05:18:18,3
3561,168,63,2026-06-06 07:48:40,2
3562,106,37,2026-07-22 19:26:27,3
3563,363,97,2026-05-05 00:20:14,2
3564,401,36,2026-05-08 09:37:19,1
3565,127,71,2026-07-15 03:35:00,5
3566,458,22,2026-04-27 08:47:29,5
3567,24,70,2026-06-15 22:29:45,2
3568,5,63,2026-07-14 12:56:13,1
3569,226,27,2026-05-22 01:47:24,5
3570,258,94,2026-06-06 21:34:39,5
3571,79,59,2026-05-23 08:19:29,1
3572,432,91,2026-07-22 22:54:51,1
3573,270,56,2026-06-11 14:25:47,3
3574,52,18,2026-05-21 17:54:14,1
3575,218,11,2026-07-05 23:21:12,2
3576,438,10,2026-05-26 11:17:45,2
3577,305,43,2026-05-21 12:26:22,4
3578,379,95,2026-06-13 12:04:28,1
3579,427,89,2026-05-25 06:37:17,1
3580,261,13,2026-07-02 04:04:18,5
3581,198,25,2026-07-15 09:44:15,5
3582,398,81,2026-04-28 04:05:57,1
3583,151,18,2026-06-20 15:20:24,4
3584,134,87,2026-05-13 17:01:28,3
3585,284,20,2026-06-10 18:02:40,2
3586,442,64,2026-05-22 03:33:57,2
3587,123,82,2026-07-18 17:58:19,1
3588,310,93,2026-07-06 11:23:48,2
3589,3,56,2026-05-01 05:47:28,4
3590,334,79,2026-05-14 23:00:38,2
3591,22,54,2026-06-30 12:10:28,3
3592,369,49,2026-06-24 23:27:32,5
3593,143,82,2026-05-28 13:35:59,4
3594,318,85,2026-05-12 04:38:29,3
3595,141,38,2026-06-28 13:33:27,4
3596,294,81,2026-06-01 18:58:36,5
3597,219,70,2026-06-10 09:46:36,3
3598,57,29,2026-05-05 14:53:46,3
3599,253,58,2026-05-26 07:17:28,2
3600,399,55,2026-05-05 22:56:21,2
3601,281,41,2026-06-27 20:24:02,1
3602,214,90,2026-06-02 08:40:35,2
3603,469,62,2026-07-15 06:41:04,4
3604,360,53,2026-06-30 10:24:15,2
3605,17,38,2026-05-20 17:22:08,5
3606,132,53,2026-04-30 14:44:34,5
3607,468,42,2026-05-20 02:38:43,3
3608,249,51,2026-07-12 06:14:20,4
3609,257,52,2026-05-20 00:32:04,1
3610,165,63,2026-07-04 09:51:34,2
3611,210,82,2026-07-13 04:21:41,1
3612,192,58,2026-06-03 11:59:28,2
3613,343,22,2026-06-15 18:03:43,2
3614,473,81,2026-05-05 10:06:54,5
3615,365,43,2026-05-07 06:09:16,5
3616,323,3,2026-07-03 19:58:33,1
3617,487,49,2026-05-03 11:21:54,3
3618,217,99,2026-07-08 02:00:02,5
3619,37,84,2026-04-29 11:44:27,5
3620,129,47,2026-06-15 16:48:10,2
3621,99,69,2026-06-02 02:42:14,2
3622,177,21,2026-07-22 03:02:17,3
3623,205,53,2026-05-15 15:28:50,5
3624,442,32,2026-04-26 00:50:48,1
3625,12,97,2026-06-14 20:01:26,1
3626,301,51,2026-07-10 13:01:30,4
3627,25,21,2026-05-22 04:42:28,3
3628,14,30,2026-06-25 00:41:31,2
3629,20,35,2026-07-06 12:29:26,1
3630,493,49,2026-06-27 07:57:53,4
3631,82,95,2026-07-18 19:44:15,3
3632,50,10,2026-05-01 21:14:16,5
3633,435,91,2026-07-07 17:32:57,4
3634,12,2,2026-07-05 19:33:56,5
3635,362,20,2026-05-03 23:43:27,5
3636,482,51,2026-05-13 13:46:32,5
3637,195,42,2026-06-04 23:44:19,5
3638,448,3,2026-05-24 01:07:51,3
3639,278,26,2026-05-04 09:19:49,3
3640,394,74,2026-06-09 11:30:12,4
3641,183,55,2026-05-03 17:54:43,2
3642,247,72,2026-05-21 18:08:53,4
3643,173,90,2026-06-15 11:30:58,5
3644,151,49,2026-04-26 09:10:09,4
3645,438,51,2026-05-30 21:36:10,5
3646,431,14,2026-06-07 14:55:38,2
3647,345,4,2026-06-02 06:57:01,2
3648,271,48,2026-06-10 00:06:01,5
3649,64,83,2026-05-24 20:50:04,3
3650,91,81,2026-05-02 19:56:37,1
3651,336,22,2026-05-14 20:59:41,4
3652,356,32,2026-05-02 20:32:10,2
3653,245,79,2026-07-15 01:54:24,4
3654,313,93,2026-07-15 05:35:14,5
3655,461,30,2026-04-30 10:23:05,4
3656,156,53,2026-05-24 22:48:13,3
3657,95,5,2026-05-25 22:04:39,5
3658,359,53,2026-07-18 07:38:07,1
3659,165,89,2026-05-15 00:35:19,5
3660,483,63,2026-06-16 16:22:30,4
3661,196,84,2026-05-17 14:22:24,3
3662,280,91,2026-06-10 14:31:26,5
3663,333,95,2026-07-04 21:14:11,1
3664,62,55,2026-07-01 14:26:40,1
3665,229,17,2026-07-07 04:44:05,1
3666,101,67,2026-07-06 08:22:26,1
3667,104,26,2026-06-06 04:44:45,1
3668,22,55,2026-06-11 18:55:28,2
3669,376,68,2026-06-11 00:18:14,2
3670,453,71,2026-06-04 07:24:54,4
3671,6,38,2026-05-06 03:03:00,4
3672,184,93,2026-07-23 05:24:26,3
3673,313,42,2026-06-23 10:20:56,3
3674,337,84,2026-05-10 19:44:33,2
3675,177,67,2026-06-30 05:16:56,2
3676,488,79,2026-07-03 01:54:29,3
3677,311,78,2026-05-19 02:29:28,4
3678,280,27,2026-05-26 18:25:46,2
3679,103,68,2026-07-03 03:19:17,4
3680,7,41,2026-06-04 03:07:02,2
3681,94,61,2026-05-01 05:17:39,1
3682,195,90,2026-05-12 22:22:27,2
3683,420,13,2026-06-15 22:03:58,4
3684,205,13,2026-04-30 15:27:09,5
3685,283,77,2026-05-09 21:37:23,1
3686,216,82,2026-06-17 23:59:21,2
3687,213,81,2026-04-26 01:59:06,2
3688,168,37,2026-07-13 09:33:27,4
3689,351,94,2026-05-24 09:30:39,3
3690,375,99,2026-06-02 20:44:40,3
3691,336,70,2026-06-26 00:05:45,2
3692,46,76,2026-05-09 12:13:46,1
3693,441,28,2026-05-21 21:28:28,2
3694,161,73,2026-05-04 15:29:20,2
3695,485,67,2026-06-20 17:36:32,4
3696,205,74,2026-07-08 15:54:06,5
3697,362,36,2026-07-12 02:12:19,5
3698,402,61,2026-05-15 00:46:51,2
3699,3,30,2026-05-15 17:24:39,1
3700,488,79,2026-05-08 22:24:41,2
3701,103,61,2026-07-18 15:03:34,1
3702,201,10,2026-07-20 16:47:01,1
3703,87,66,2026-07-12 02:03:12,4
3704,257,86,2026-06-09 12:10:34,3
3705,189,65,2026-07-07 12:00:24,1
3706,147,72,2026-06-01 21:23:32,4
3707,469,50,2026-07-02 06:43:49,4
3708,218,40,2026-07-15 03:15:21,5
3709,198,68,2026-05-02 07:16:46,5
3710,131,22,2026-06-25 05:51:07,3
3711,430,19,2026-07-15 06:06:51,4
3712,335,57,2026-06-11 07:03:42,3
3713,415,16,2026-06-17 21:04:27,4
3714,392,45,2026-05-11 23:51:36,1
3715,224,60,2026-07-08 13:01:35,3
3716,438,55,2026-05-15 11:12:16,5
3717,335,25,2026-05-31 20:15:05,3
3718,111,96,2026-04-25 17:55:46,2
3719,269,47,2026-06-14 18:44:09,2
3720,4,76,2026-05-24 20:19:25,3
3721,56,48,2026-07-22 15:02:46,3
3722,302,2,2026-06-22 14:56:52,3
3723,20,83,2026-05-21 09:44:39,4
3724,242,6,2026-07-01 05:41:29,3
3725,168,81,2026-04-30 06:24:34,5
3726,18,92,2026-06-09 10:07:34,5
3727,380,59,2026-06-11 07:32:38,2
3728,286,96,2026-07-18 15:48:42,5
3729,490,14,2026-04-28 10:03:31,3
3730,17,79,2026-07-20 12:50:59,2
3731,427,95,2026-05-11 21:17:09,2
3732,49,54,2026-07-14 16:34:19,1
3733,33,57,2026-06-25 14:29:34,1
3734,196,13,2026-07-17 00:05:25,5
3735,170,25,2026-06-27 07:34:00,5
3736,445,3,2026-05-27 00:13:36,3
3737,429,22,2026-07-21 15:33:09,5
3738,435,47,2026-06-13 20:13:17,1
3739,400,52,2026-06-04 03:17:37,1
3740,38,25,2026-07-13 19:33:40,5
3741,93,94,2026-05-20 14:22:04,1
3742,108,57,2026-04-29 00:46:23,3
3743,364,26,2026-06-30 13:53:14,5
3744,248,23,2026-06-25 09:25:00,1
3745,195,36,2026-06-18 03:15:32,3
3746,72,44,2026-06-08 23:30:27,5
3747,422,12,2026-06-18 16:22:39,4
3748,53,15,2026-07-22 20:10:55,1
3749,113,94,2026-05-03 02:25:43,2
3750,198,76,2026-06-24 13:12:10,1
3751,465,22,2026-07-10 06:57:02,1
3752,133,82,2026-05-31 01:46:41,4
3753,48,93,2026-05-18 15:59:19,3
3754,412,83,2026-07-21 05:39:35,2
3755,452,97,2026-07-05 08:58:59,2
3756,194,7,2026-05-31 12:55:06,3
3757,111,36,2026-05-08 08:16:39,5
3758,197,53,2026-05-16 15:35:13,2
3759,167,26,2026-05-11 21:45:43,3
3760,159,90,2026-06-06 09:23:58,3
3761,55,63,2026-05-29 04:37:40,5
3762,223,45,2026-07-08 16:48:53,5
3763,273,81,2026-06-30 09:58:48,2
3764,21,75,2026-06-01 03:45:44,2
3765,322,73,2026-05-15 03:56:27,4
3766,214,83,2026-07-12 10:36:52,3
3767,128,44,2026-07-01 15:22:21,5
3768,330,96,2026-07-10 19:54:09,3
3769,54,66,2026-07-08 19:14:04,2
3770,159,28,2026-06-09 02:51:12,3
3771,19,15,2026-06-13 21:49:40,2
3772,287,18,2026-06-09 01:49:30,5
3773,201,48,2026-06-18 10:44:20,4
3774,397,76,2026-07-21 05:11:01,1
3775,201,90,2026-05-04 20:49:37,3
3776,6,21,2026-06-04 15:00:44,4
3777,207,44,2026-06-26 14:44:02,1
3778,115,46,2026-05-24 10:44:06,2
3779,283,70,2026-05-12 18:50:49,1
3780,267,79,2026-06-08 00:39:23,5
3781,344,89,2026-06-05 22:36:40,4
3782,286,32,2026-05-19 05:36:10,3
3783,360,44,2026-06-10 13:30:06,4
3784,187,6,2026-07-18 21:37:39,2
3785,462,65,2026-05-05 04:22:55,4
3786,258,100,2026-05-20 20:43:03,5
3787,244,76,2026-04-27 11:35:58,2
3788,308,22,2026-07-23 06:18:02,3
3789,358,90,2026-06-14 14:16:07,2
3790,339,97,2026-05-08 06:14:03,2
3791,399,43,2026-07-10 06:33:39,1
3792,54,40,2026-07-10 16:34:00,2
3793,487,45,2026-06-08 05:56:27,4
3794,103,59,2026-04-24 19:01:33,2
3795,124,23,2026-05-23 23:05:59,3
3796,48,24,2026-05-17 15:24:31,2
3797,265,12,2026-07-04 00:24:59,2
3798,97,88,2026-06-17 15:06:58,3
3799,4,62,2026-05-10 04:19:35,3
3800,60,61,2026-06-17 02:15:20,4
3801,423,28,2026-07-22 08:06:58,4
3802,402,49,2026-07-14 10:14:24,4
3803,427,32,2026-07-07 19:06:39,1
3804,237,17,2026-05-25 14:53:09,2
3805,243,99,2026-05-26 11:17:12,3
3806,499,87,2026-07-04 14:57:05,4
3807,358,51,2026-06-15 13:38:22,1
3808,214,63,2026-06-28 17:59:12,5
3809,16,29,2026-07-19 16:37:51,5
3810,111,99,2026-05-17 13:01:04,3
3811,222,44,2026-06-12 09:32:17,1
3812,365,77,2026-07-06 16:36:46,4
3813,46,83,2026-05-17 01:10:16,2
3814,300,25,2026-04-29 00:09:58,2
3815,189,56,2026-05-03 17:25:05,3
3816,234,84,2026-05-12 04:12:06,4
3817,95,37,2026-05-24 21:57:29,4
3818,406,62,2026-04-28 02:12:47,3
3819,254,23,2026-05-10 14:08:37,4
3820,413,67,2026-07-14 16:57:49,1
3821,282,11,2026-05-28 07:58:04,1
3822,394,52,2026-07-11 17:28:08,1
3823,101,41,2026-05-07 05:02:45,5
3824,305,50,2026-06-30 08:15:10,4
3825,7,63,2026-06-27 04:33:56,4
3826,256,99,2026-04-30 00:04:53,3
3827,257,34,2026-07-05 18:11:52,1
3828,362,58,2026-06-12 10:56:57,3
3829,473,61,2026-07-02 20:11:45,3
3830,320,47,2026-05-05 13:16:33,2
3831,257,69,2026-07-07 11:04:57,4
3832,406,11,2026-05-09 07:29:19,1
3833,209,91,2026-06-21 00:13:02,3
3834,123,66,2026-07-12 15:06:15,5
3835,438,59,2026-06-05 22:25:25,1
3836,281,37,2026-04-28 13:54:19,1
3837,294,59,2026-05-30 08:28:32,1
3838,359,88,2026-05-30 13:35:02,3
3839,257,44,2026-06-29 05:54:59,3
3840,465,4,2026-06-16 09:45:24,3
3841,111,38,2026-05-29 08:39:51,4
3842,10,58,2026-05-26 05:30:35,3
3843,382,5,2026-06-21 13:19:35,1
3844,219,94,2026-04-28 06:22:26,5
3845,446,51,2026-05-18 20:24:12,2
3846,50,69,2026-05-03 21:25:52,2
3847,438,19,2026-06-25 03:52:17,4
3848,260,36,2026-05-28 05:52:10,4
3849,417,80,2026-05-18 09:51:25,5
3850,340,59,2026-04-28 15:45:41,1
3851,203,48,2026-04-28 10:16:37,2
3852,364,93,2026-06-25 15:16:35,1
3853,233,66,2026-07-04 03:21:48,1
3854,209,82,2026-07-06 10:58:47,3
3855,256,52,2026-04-26 21:13:06,2
3856,452,33,2026-07-03 18:29:48,1
3857,261,15,2026-07-10 18:23:15,2
3858,342,34,2026-05-24 03:34:17,5
3859,309,70,2026-07-16 15:35:35,2
3860,420,7,2026-05-31 01:05:42,5
3861,286,28,2026-07-07 13:39:53,4
3862,168,96,2026-06-30 14:13:44,2
3863,169,65,2026-06-28 21:37:43,1
3864,362,52,2026-07-22 00:55:26,2
3865,410,37,2026-05-21 04:27:00,1
3866,247,27,2026-04-26 12:40:45,4
3867,396,17,2026-05-21 09:19:06,3
3868,280,77,2026-07-10 10:29:46,3
3869,57,29,2026-05-16 12:56:26,1
3870,429,42,2026-05-16 04:09:46,1
3871,366,37,2026-07-04 09:48:22,5
3872,279,76,2026-06-04 13:30:50,5
3873,204,70,2026-06-01 11:35:19,4
3874,334,2,2026-05-28 00:11:39,3
3875,199,45,2026-07-13 13:55:29,4
3876,95,60,2026-07-16 15:51:17,4
3877,129,69,2026-07-01 10:52:44,2
3878,404,50,2026-05-19 12:52:04,4
3879,19,85,2026-07-16 11:02:40,5
3880,47,81,2026-06-10 22:46:40,5
3881,213,11,2026-05-14 20:41:25,5
3882,226,39,2026-05-23 01:03:29,3
3883,275,87,2026-06-09 02:08:08,1
3884,98,80,2026-06-20 12:03:46,2
3885,375,46,2026-06-18 13:21:21,4
3886,251,98,2026-04-26 23:36:23,3
3887,333,96,2026-06-11 08:36:27,2
3888,229,69,2026-05-07 11:56:17,4
3889,363,16,2026-05-04 03:02:25,4
3890,133,28,2026-05-05 10:51:14,5
3891,177,23,2026-07-17 16:24:30,2
3892,465,100,2026-07-05 00:28:42,4
3893,329,53,2026-05-28 21:20:16,2
3894,253,77,2026-05-21 18:53:52,3
3895,467,47,2026-06-24 21:42:35,1
3896,400,88,2026-06-25 04:20:37,3
3897,302,69,2026-06-15 09:53:44,4
3898,137,52,2026-06-11 18:06:21,4
3899,174,58,2026-05-09 22:49:21,2
3900,243,37,2026-04-25 00:50:15,5
3901,207,98,2026-06-08 18:18:34,2
3902,413,13,2026-05-31 22:20:21,5
3903,393,54,2026-06-04 07:41:59,4
3904,117,82,2026-04-27 12:43:53,5
3905,136,18,2026-06-22 21:46:45,5
3906,302,11,2026-06-21 22:09:22,5
3907,441,53,2026-04-26 22:16:02,3
3908,365,32,2026-05-10 20:56:18,5
3909,376,61,2026-06-30 03:44:33,1
3910,226,3,2026-07-05 20:17:45,5
3911,480,84,2026-06-01 12:17:15,5
3912,307,25,2026-07-16 06:25:28,2
3913,278,48,2026-07-03 21:54:47,2
3914,109,61,2026-07-02 21:59:17,2
3915,201,17,2026-05-23 03:45:30,1
3916,18,27,2026-06-19 18:58:18,4
3917,279,32,2026-06-30 02:07:48,5
3918,270,31,2026-07-11 01:37:53,2
3919,280,65,2026-06-25 23:34:59,1
3920,488,78,2026-07-15 01:27:08,3
3921,100,32,2026-06-08 14:05:37,1
3922,5,96,2026-04-27 20:22:41,4
3923,312,61,2026-07-17 10:03:37,4
3924,41,54,2026-05-19 22:58:23,5
3925,74,92,2026-07-09 02:39:43,5
3926,389,69,2026-07-03 02:34:56,1
3927,267,62,2026-07-14 01:52:02,1
3928,183,51,2026-07-14 03:09:28,1
3929,223,52,2026-07-03 06:55:03,5
3930,379,84,2026-06-06 10:26:31,4
3931,479,16,2026-05-04 18:31:12,2
3932,161,98,2026-07-13 19:58:59,5
3933,456,15,2026-07-03 19:25:46,2
3934,224,53,2026-06-27 10:54:11,3
3935,90,32,2026-07-10 22:50:03,4
3936,129,34,2026-05-04 03:22:49,3
3937,385,89,2026-05-01 21:39:20,4
3938,429,63,2026-07-06 18:31:08,2
3939,459,34,2026-05-27 23:00:39,3
3940,417,57,2026-05-26 19:33:27,4
3941,424,34,2026-06-18 21:08:08,3
3942,357,5,2026-07-07 15:04:18,2
3943,93,67,2026-05-22 17:09:09,1
3944,135,48,2026-06-18 10:12:11,3
3945,431,38,2026-05-24 11:38:13,2
3946,339,82,2026-05-24 07:09:35,4
3947,431,57,2026-06-29 01:54:51,3
3948,98,96,2026-07-11 21:18:35,2
3949,93,78,2026-05-23 02:14:45,4
3950,158,82,2026-05-16 20:08:55,1
3951,130,75,2026-05-24 03:00:03,2
3952,351,2,2026-05-19 21:33:22,3
3953,435,66,2026-07-06 02:06:08,5
3954,246,62,2026-06-23 18:10:38,2
3955,213,83,2026-05-09 20:16:49,5
3956,301,41,2026-06-14 12:31:32,3
3957,231,63,2026-06-26 15:53:16,2
3958,314,62,2026-05-11 17:44:35,4
3959,232,2,2026-06-28 15:20:58,1
3960,212,29,2026-05-24 17:48:05,2
3961,136,20,2026-05-21 17:35:00,5
3962,472,94,2026-07-10 08:12:12,1
3963,390,26,2026-05-29 07:46:11,4
3964,279,73,2026-07-22 07:48:43,1
3965,452,68,2026-07-20 21:51:59,2
3966,447,26,2026-05-30 00:13:05,1
3967,243,81,2026-05-04 07:22:30,3
3968,305,9,2026-05-21 01:38:25,5
3969,320,95,2026-06-15 22:03:38,1
3970,485,8,2026-06-07 01:47:27,5
3971,313,32,2026-05-18 11:14:07,3
3972,485,95,2026-05-12 10:44:49,2
3973,138,89,2026-07-03 08:40:42,4
3974,110,6,2026-06-22 20:27:17,3
3975,330,36,2026-05-03 13:56:36,2
3976,442,9,2026-07-21 16:31:21,2
3977,313,39,2026-04-30 14:53:13,2
3978,138,32,2026-06-20 13:47:18,5
3979,288,60,2026-05-04 06:02:50,5
3980,475,7,2026-05-25 16:03:17,1
3981,122,62,2026-05-06 00:18:27,4
3982,49,61,2026-05-13 21:01:39,1
3983,324,76,2026-05-15 14:01:59,5
3984,293,39,2026-06-18 23:41:40,1
3985,348,56,2026-07-17 07:39:38,1
3986,434,57,2026-07-09 04:31:29,2
3987,353,82,2026-06-23 08:44:52,4
3988,2,33,2026-07-06 23:18:50,4
3989,360,35,2026-06-11 12:54:51,2
3990,204,65,2026-06-10 15:11:03,5
3991,173,83,2026-05-23 19:15:59,3
3992,319,32,2026-05-27 19:58:48,3
3993,410,72,2026-06-12 13:16:52,3
3994,376,57,2026-05-05 12:48:18,2
3995,293,1,2026-05-25 16:52:06,5
3996,284,64,2026-05-10 13:11:00,2
3997,38,98,2026-06-05 15:43:43,3
3998,56,57,2026-05-27 22:59:05,5
3999,113,25,2026-07-09 07:46:39,1
4000,462,30,2026-05-15 09:53:29,3
4001,301,40,2026-05-25 18:45:07,5
4002,285,14,2026-06-30 04:38:08,3
4003,365,27,2026-06-19 03:36:25,2
4004,201,21,2026-05-13 08:13:47,4
4005,478,22,2026-07-16 11:11:51,2
4006,365,85,2026-05-09 23:12:24,3
4007,310,61,2026-06-27 03:48:16,5
4008,479,54,2026-07-09 10:01:18,3
4009,140,34,2026-06-09 12:51:29,3
4010,226,19,2026-05-24 10:38:03,3
4011,438,46,2026-07-14 05:18:36,3
4012,273,40,2026-06-05 00:04:37,5
4013,240,98,2026-06-04 05:01:46,1
4014,462,52,2026-04-30 01:56:12,4
4015,218,83,2026-07-11 21:42:39,2
4016,277,99,2026-05-21 08:00:37,1
4017,499,91,2026-05-14 08:15:06,2
4018,398,92,2026-05-19 13:25:10,3
4019,228,4,2026-05-25 23:00:58,4
4020,480,49,2026-05-26 07:57:44,5
4021,335,95,2026-05-14 01:49:05,2
4022,371,65,2026-06-06 10:34:32,3
4023,63,10,2026-05-18 07:36:47,2
4024,202,93,2026-06-10 06:48:10,5
4025,284,6,2026-07-09 13:27:14,4
4026,417,91,2026-06-10 23:56:58,2
4027,171,78,2026-06-20 14:48:23,4
4028,35,13,2026-04-30 03:49:03,3
4029,169,69,2026-05-30 13:56:21,4
4030,173,15,2026-06-09 12:31:48,2
4031,453,10,2026-05-26 05:18:25,4
4032,95,20,2026-06-20 23:24:50,3
4033,343,26,2026-06-18 06:14:05,1
4034,267,32,2026-05-26 12:59:18,5
4035,327,98,2026-06-27 20:34:56,3
4036,334,68,2026-07-13 01:31:53,3
4037,418,3,2026-05-08 08:22:27,1
4038,478,90,2026-07-02 18:44:58,3
4039,221,99,2026-06-06 23:56:40,2
4040,114,42,2026-06-09 04:20:26,2
4041,279,47,2026-05-27 01:02:07,2
4042,407,91,2026-05-19 20:38:06,3
4043,362,96,2026-04-26 22:58:38,2
4044,74,83,2026-06-03 14:14:43,4
4045,241,63,2026-07-11 04:45:42,1
4046,317,8,2026-07-22 08:27:49,5
4047,228,3,2026-06-18 15:16:17,4
4048,19,65,2026-07-18 11:29:13,3
4049,480,69,2026-06-11 11:31:34,3
4050,344,43,2026-06-25 07:15:33,1
4051,443,10,2026-06-18 14:19:17,1
4052,334,100,2026-05-05 14:49:13,5
4053,100,66,2026-07-15 21:04:53,1
4054,343,60,2026-06-22 22:32:14,2
4055,454,10,2026-07-08 04:34:09,4
4056,498,36,2026-06-08 22:15:21,4
4057,446,20,2026-06-26 20:42:17,3
4058,44,24,2026-06-26 14:38:14,5
4059,210,59,2026-06-14 22:43:25,4
4060,12,52,2026-06-19 12:17:50,3
4061,5,80,2026-07-14 02:57:35,4
4062,11,2,2026-05-16 13:53:05,3
4063,258,20,2026-05-19 20:13:55,2
4064,351,87,2026-07-08 06:06:55,3
4065,319,59,2026-06-27 04:05:20,2
4066,467,74,2026-07-23 13:17:53,3
4067,432,74,2026-05-09 12:39:21,2
4068,468,19,2026-05-14 17:24:42,3
4069,112,13,2026-04-27 06:10:06,5
4070,361,6,2026-07-09 09:20:31,2
4071,323,45,2026-05-01 10:27:52,3
4072,197,30,2026-06-27 14:42:05,2
4073,125,39,2026-05-10 13:33:06,4
4074,166,30,2026-07-23 00:31:58,2
4075,468,46,2026-04-27 08:39:59,2
4076,268,16,2026-07-14 16:47:18,4
4077,16,57,2026-07-17 22:33:32,2
4078,232,7,2026-06-07 02:12:33,4
4079,243,26,2026-05-14 16:13:08,4
4080,354,16,2026-05-03 17:25:17,2
4081,305,75,2026-07-04 01:18:40,5
4082,75,21,2026-07-07 04:04:54,2
4083,74,63,2026-07-05 14:52:55,5
4084,220,96,2026-05-25 11:26:38,4
4085,118,27,2026-05-03 12:37:09,5
4086,221,62,2026-05-19 11:55:01,5
4087,69,59,2026-04-26 06:40:57,1
4088,232,54,2026-06-02 13:50:49,1
4089,218,47,2026-05-24 19:22:15,1
4090,262,84,2026-05-23 21:43:47,2
4091,425,11,2026-06-26 20:40:44,4
4092,285,3,2026-05-21 09:11:45,3
4093,28,19,2026-07-15 23:40:50,2
4094,110,73,2026-04-25 14:40:15,2
4095,311,20,2026-05-08 07:47:53,4
4096,462,5,2026-04-30 15:37:27,5
4097,487,27,2026-07-17 19:47:29,3
4098,227,80,2026-06-03 23:47:35,2
4099,253,23,2026-05-11 15:59:45,5
4100,95,95,2026-07-12 07:08:26,2
4101,223,15,2026-07-10 01:52:16,2
4102,18,64,2026-05-14 12:35:41,3
4103,245,81,2026-05-30 22:38:35,3
4104,373,42,2026-04-27 11:25:12,1
4105,205,4,2026-07-20 00:09:46,4
4106,20,95,2026-07-18 09:02:02,2
4107,247,6,2026-06-16 02:07:43,4
4108,462,77,2026-07-03 20:39:39,5
4109,106,21,2026-05-04 10:20:47,1
4110,215,29,2026-05-03 15:43:31,4
4111,38,15,2026-06-09 21:29:51,4
4112,251,69,2026-06-06 11:18:15,2
4113,361,82,2026-04-24 18:44:33,3
4114,287,61,2026-07-21 01:09:43,3
4115,80,42,2026-06-27 10:31:26,5
4116,224,79,2026-06-28 14:37:13,1
4117,288,64,2026-07-06 09:42:09,5
4118,122,17,2026-05-16 00:05:35,5
4119,81,19,2026-05-16 14:38:05,1
4120,448,13,2026-07-03 08:25:00,4
4121,172,79,2026-05-04 22:15:38,2
4122,137,33,2026-05-12 15:16:21,3
4123,204,91,2026-06-08 13:56:48,5
4124,312,67,2026-06-19 17:57:28,3
4125,461,17,2026-05-26 13:13:33,4
4126,228,85,2026-05-08 19:27:02,5
4127,445,5,2026-07-06 07:52:41,4
4128,380,7,2026-07-10 19:40:09,2
4129,113,2,2026-05-08 14:10:08,1
4130,483,31,2026-05-10 10:16:51,4
4131,201,2,2026-06-19 06:07:11,4
4132,291,45,2026-05-12 22:32:46,5
4133,246,58,2026-05-15 13:39:56,4
4134,373,34,2026-06-16 17:03:08,4
4135,72,96,2026-05-21 19:53:21,5
4136,209,44,2026-07-20 08:47:57,2
4137,157,44,2026-07-12 01:28:50,4
4138,468,71,2026-06-08 00:21:16,1
4139,402,44,2026-07-07 19:36:27,5
4140,161,9,2026-07-09 15:08:47,3
4141,258,83,2026-04-27 04:16:47,5
4142,79,13,2026-05-16 18:18:03,4
4143,67,16,2026-06-17 03:44:13,3
4144,79,45,2026-05-24 12:29:37,4
4145,265,71,2026-05-02 18:23:19,5
4146,113,51,2026-07-13 07:51:41,5
4147,121,19,2026-07-15 06:25:58,2
4148,470,3,2026-05-14 00:00:44,3
4149,316,77,2026-07-09 10:26:51,2
4150,337,68,2026-06-14 16:30:18,1
4151,486,69,2026-05-29 22:06:40,5
4152,140,89,2026-06-15 06:04:40,2
4153,228,21,2026-05-04 10:23:59,2
4154,382,82,2026-07-17 02:32:17,5
4155,137,97,2026-07-03 05:39:44,2
4156,323,79,2026-06-04 21:05:21,2
4157,170,7,2026-06-02 15:09:45,3
4158,238,67,2026-06-04 14:40:39,4
4159,283,42,2026-05-07 22:14:36,3
4160,2,10,2026-05-19 02:42:02,5
4161,402,40,2026-05-14 23:29:42,5
4162,357,9,2026-04-30 11:03:32,4
4163,89,19,2026-06-10 09:42:51,2
4164,463,32,2026-06-01 16:42:44,2
4165,388,54,2026-06-01 16:09:22,5
4166,121,32,2026-07-14 17:11:19,3
4167,41,29,2026-05-21 12:41:43,2
4168,244,16,2026-07-04 04:42:52,5
4169,404,20,2026-05-14 16:40:56,4
4170,90,87,2026-05-21 10:57:12,3
4171,7,82,2026-05-06 02:22:16,5
4172,195,68,2026-05-04 16:09:53,5
4173,285,30,2026-06-27 19:57:16,4
4174,186,16,2026-06-16 06:17:13,5
4175,276,20,2026-05-01 13:06:40,3
4176,167,6,2026-05-31 18:01:28,3
4177,69,81,2026-06-09 00:08:41,4
4178,351,22,2026-07-18 18:51:13,4
4179,460,38,2026-05-16 12:29:41,5
4180,61,12,2026-07-04 18:11:01,5
4181,359,47,2026-05-18 03:18:48,4
4182,425,56,2026-06-04 15:37:58,1
4183,383,14,2026-07-17 17:02:48,3
4184,436,94,2026-05-21 11:52:28,3
4185,384,66,2026-05-26 15:17:23,4
4186,401,33,2026-05-29 08:08:31,1
4187,8,13,2026-07-02 22:41:39,4
4188,150,75,2026-06-11 18:26:20,2
4189,354,56,2026-06-28 08:05:16,3
4190,62,100,2026-07-13 22:23:18,4
4191,336,78,2026-07-15 00:22:21,5
4192,229,78,2026-06-14 02:20:28,4
4193,25,78,2026-05-05 04:14:52,5
4194,483,83,2026-05-04 06:45:41,5
4195,56,16,2026-07-07 21:22:53,2
4196,221,75,2026-06-29 00:21:16,5
4197,254,51,2026-07-03 10:47:44,1
4198,214,83,2026-07-10 05:33:06,4
4199,279,74,2026-07-17 12:57:18,5
4200,22,52,2026-07-12 15:51:46,4
4201,402,4,2026-05-15 16:28:10,5
4202,112,4,2026-06-24 22:16:55,3
4203,58,38,2026-07-23 02:22:37,4
4204,487,4,2026-07-04 11:53:16,4
4205,156,46,2026-07-13 03:59:51,3
4206,217,32,2026-05-21 13:39:41,4
4207,476,7,2026-05-26 05:13:47,4
4208,423,82,2026-05-20 06:18:00,2
4209,129,72,2026-07-08 13:10:33,5
4210,389,42,2026-07-05 15:01:41,4
4211,456,45,2026-07-09 12:50:56,2
4212,300,12,2026-05-27 02:47:09,3
4213,370,69,2026-07-05 13:03:29,2
4214,198,40,2026-05-04 13:06:10,1
4215,384,52,2026-05-25 02:13:39,5
4216,299,82,2026-05-12 18:55:12,4
4217,125,34,2026-07-16 19:37:47,4
4218,216,44,2026-07-11 22:56:18,4
4219,222,97,2026-05-10 04:03:52,2
4220,201,3,2026-05-05 12:49:47,2
4221,348,40,2026-07-21 22:47:21,5
4222,424,83,2026-06-18 03:05:11,3
4223,459,72,2026-06-15 23:17:04,2
4224,242,80,2026-07-01 06:00:38,1
4225,123,12,2026-05-03 12:02:23,5
4226,399,52,2026-07-16 10:51:05,3
4227,92,92,2026-05-27 17:42:02,5
4228,218,51,2026-05-07 15:02:55,4
4229,62,95,2026-07-12 19:09:14,3
4230,369,73,2026-05-02 16:37:40,3
4231,137,57,2026-07-13 22:05:34,1
4232,151,71,2026-05-09 18:15:53,3
4233,16,64,2026-05-16 12:06:39,2
4234,151,29,2026-06-06 11:09:53,2
4235,92,2,2026-05-23 12:38:21,2
4236,12,79,2026-06-10 15:10:10,4
4237,251,72,2026-06-17 05:30:40,5
4238,120,53,2026-05-12 18:36:27,5
4239,348,52,2026-06-24 14:40:17,5
4240,237,96,2026-05-20 02:22:56,3
4241,488,34,2026-06-05 14:05:49,3
4242,223,31,2026-05-25 19:04:32,5
4243,219,10,2026-07-01 00:19:55,2
4244,200,90,2026-05-18 16:22:08,5
4245,347,17,2026-05-04 02:12:19,5
4246,428,61,2026-06-15 16:32:24,3
4247,62,78,2026-05-16 19:55:49,3
4248,433,90,2026-06-26 07:56:26,5
4249,500,29,2026-06-08 21:15:25,3
4250,344,7,2026-06-08 09:29:43,5
4251,267,64,2026-06-21 02:20:15,4
4252,38,22,2026-04-26 20:35:35,5
4253,272,72,2026-06-26 20:19:03,1
4254,214,62,2026-07-17 22:39:44,2
4255,37,88,2026-05-29 02:54:05,1
4256,434,36,2026-06-19 00:40:59,3
4257,438,4,2026-07-02 23:53:52,5
4258,295,56,2026-07-02 02:00:27,2
4259,241,28,2026-06-27 23:10:07,4
4260,194,69,2026-07-01 09:40:07,3
4261,205,30,2026-06-19 00:55:30,5
4262,247,19,2026-07-08 02:40:12,5
4263,412,76,2026-05-25 05:48:09,1
4264,365,7,2026-07-02 20:24:22,3
4265,352,16,2026-07-08 22:03:31,1
4266,369,9,2026-06-15 03:31:09,4
4267,439,21,2026-07-04 20:02:27,2
4268,153,77,2026-07-08 19:59:32,2
4269,112,4,2026-06-26 18:17:20,4
4270,439,16,2026-05-26 22:11:17,1
4271,56,52,2026-06-19 10:35:05,4
4272,489,53,2026-05-31 17:31:58,4
4273,87,44,2026-05-12 11:27:28,1
4274,195,46,2026-05-11 22:27:30,4
4275,156,64,2026-05-03 12:29:16,2
4276,160,52,2026-05-14 04:30:35,2
4277,216,83,2026-06-25 04:04:30,1
4278,210,58,2026-07-06 16:55:04,1
4279,314,33,2026-04-26 16:35:53,5
4280,36,72,2026-04-30 10:52:54,3
4281,56,22,2026-04-24 21:05:23,5
4282,8,1,2026-05-26 10:41:57,4
4283,191,4,2026-07-11 09:17:06,5
4284,337,48,2026-07-17 03:30:42,1
4285,108,25,2026-06-25 12:10:15,5
4286,300,24,2026-06-15 16:12:00,2
4287,213,13,2026-07-18 09:11:40,2
4288,360,48,2026-06-19 10:32:35,2
4289,268,91,2026-07-15 20:19:16,2
4290,305,20,2026-07-12 18:39:39,4
4291,18,80,2026-04-28 11:24:42,5
4292,483,16,2026-07-12 01:59:04,3
4293,183,14,2026-05-28 14:24:57,2
4294,354,67,2026-05-10 23:05:49,1
4295,299,25,2026-06-22 07:19:33,2
4296,366,44,2026-06-07 20:30:43,5
4297,238,58,2026-05-06 00:14:59,5
4298,38,44,2026-05-18 14:48:01,3
4299,90,31,2026-07-13 02:10:24,4
4300,117,52,2026-04-28 17:58:25,3
4301,35,62,2026-07-12 10:36:43,5
4302,58,67,2026-05-03 12:59:53,3
4303,316,73,2026-06-19 13:06:37,5
4304,313,51,2026-07-07 04:49:14,5
4305,386,26,2026-05-22 03:28:38,3
4306,86,58,2026-07-07 20:11:51,2
4307,183,81,2026-06-05 02:27:24,4
4308,262,49,2026-05-02 17:02:28,4
4309,14,63,2026-05-04 20:08:27,3
4310,336,62,2026-06-22 21:40:45,4
4311,191,64,2026-07-10 01:24:45,3
4312,467,88,2026-07-01 13:37:12,1
4313,317,6,2026-05-12 23:19:00,1
4314,192,76,2026-07-06 07:40:52,5
4315,324,23,2026-06-25 22:32:30,3
4316,446,7,2026-06-15 14:03:07,1
4317,29,39,2026-06-01 01:56:46,2
4318,217,69,2026-04-29 19:14:38,4
4319,446,66,2026-06-14 14:02:00,2
4320,306,48,2026-06-29 20:13:00,1
4321,131,13,2026-06-08 02:29:34,2
4322,135,92,2026-05-25 19:26:19,1
4323,431,27,2026-06-11 19:08:09,2
4324,342,82,2026-06-23 05:29:39,1
4325,28,49,2026-05-14 17:08:43,1
4326,177,1,2026-07-21 12:27:21,2
4327,397,43,2026-05-11 21:38:08,4
4328,138,48,2026-07-22 19:11:09,4
4329,26,20,2026-05-08 11:10:29,5
4330,152,80,2026-06-28 14:51:19,3
4331,256,88,2026-06-19 02:30:54,3
4332,126,84,2026-07-05 05:32:30,3
4333,248,89,2026-04-25 16:53:33,4
4334,250,49,2026-05-21 17:03:00,2
4335,498,100,2026-06-11 02:41:16,3
4336,360,2,2026-06-24 12:59:54,4
4337,25,90,2026-07-08 04:35:44,4
4338,80,85,2026-06-30 15:42:39,2
4339,41,82,2026-05-05 19:35:12,1
4340,100,63,2026-05-01 04:01:05,2
4341,321,42,2026-05-10 23:03:13,3
4342,412,92,2026-07-01 04:34:23,4
4343,173,69,2026-05-22 12:30:44,3
4344,340,34,2026-05-05 05:51:57,1
4345,241,26,2026-05-03 02:37:40,5
4346,299,26,2026-05-07 01:15:38,5
4347,21,61,2026-06-10 04:47:31,1
4348,69,30,2026-04-28 09:40:49,4
4349,114,11,2026-07-07 17:54:40,1
4350,147,56,2026-06-23 10:51:45,3
4351,267,95,2026-05-08 13:42:46,4
4352,358,99,2026-04-28 16:43:08,5
4353,465,25,2026-07-08 07:54:38,2
4354,437,41,2026-04-28 23:01:27,5
4355,9,20,2026-05-27 20:27:30,3
4356,109,45,2026-06-08 13:40:54,2
4357,386,8,2026-06-01 16:53:01,4
4358,97,38,2026-06-12 19:10:54,1
4359,137,24,2026-06-24 14:34:29,2
4360,207,85,2026-07-03 17:32:05,4
4361,14,57,2026-05-01 10:44:05,2
4362,361,68,2026-05-22 15:41:56,5
4363,101,19,2026-06-16 19:57:03,3
4364,34,15,2026-06-30 04:40:26,1
4365,248,67,2026-06-15 14:00:33,1
4366,371,93,2026-05-11 04:59:32,3
4367,226,5,2026-05-08 15:24:31,1
4368,415,30,2026-04-25 06:48:46,4
4369,3,73,2026-04-30 09:11:01,4
4370,466,73,2026-05-06 07:50:50,2
4371,462,81,2026-04-28 03:04:18,5
4372,327,10,2026-04-26 15:10:58,4
4373,342,83,2026-06-01 04:38:01,3
4374,416,79,2026-06-01 06:17:37,4
4375,453,31,2026-06-30 00:17:22,4
4376,366,33,2026-05-28 05:18:36,4
4377,289,20,2026-06-07 19:28:40,5
4378,221,29,2026-05-08 17:33:17,3
4379,383,94,2026-05-11 15:20:00,4
4380,158,21,2026-05-30 10:44:42,1
4381,261,39,2026-05-08 16:34:03,1
4382,279,53,2026-07-02 17:04:44,5
4383,138,52,2026-05-06 20:23:19,3
4384,128,52,2026-06-04 14:23:23,4
4385,279,94,2026-06-07 15:01:26,4
4386,237,60,2026-05-30 00:13:04,3
4387,202,86,2026-06-02 10:31:33,2
4388,436,68,2026-05-14 16:52:40,2
4389,133,92,2026-05-13 06:02:31,5
4390,121,94,2026-06-27 17:24:07,5
4391,223,60,2026-06-16 22:28:21,4
4392,228,83,2026-05-24 12:11:15,2
4393,240,19,2026-06-09 08:46:55,1
4394,324,84,2026-06-07 15:02:33,3
4395,469,80,2026-06-03 17:21:55,1
4396,124,28,2026-05-27 11:55:11,5
4397,99,85,2026-06-01 00:31:22,5
4398,261,24,2026-06-06 17:16:48,1
4399,420,27,2026-06-01 04:26:16,5
4400,401,23,2026-05-21 05:56:34,5
4401,466,20,2026-06-25 23:15:15,4
4402,344,26,2026-05-09 08:10:42,4
4403,198,60,2026-05-18 13:34:48,2
4404,462,63,2026-05-25 09:53:40,5
4405,462,79,2026-06-15 05:25:15,1
4406,407,13,2026-07-10 02:48:57,1
4407,50,3,2026-04-25 13:15:38,1
4408,205,12,2026-05-25 03:05:19,3
4409,125,96,2026-05-09 07:59:28,2
4410,192,9,2026-05-29 22:46:21,5
4411,197,75,2026-07-21 12:44:02,4
4412,287,44,2026-07-02 00:34:31,2
4413,177,39,2026-05-04 13:34:19,5
4414,100,20,2026-05-10 13:28:36,4
4415,72,69,2026-07-22 02:03:15,5
4416,248,21,2026-06-18 05:49:59,5
4417,378,61,2026-07-01 15:51:33,3
4418,418,32,2026-05-05 17:12:36,2
4419,270,13,2026-07-07 01:54:28,1
4420,86,49,2026-06-09 14:47:43,4
4421,288,22,2026-07-08 04:37:20,1
4422,352,89,2026-07-13 03:01:36,3
4423,268,75,2026-06-19 05:42:30,2
4424,272,3,2026-06-11 10:57:40,5
4425,213,44,2026-05-02 23:08:59,3
4426,40,23,2026-05-07 19:30:07,5
4427,187,87,2026-06-01 22:15:08,2
4428,67,86,2026-05-13 20:24:41,3
4429,183,92,2026-07-10 16:22:36,1
4430,218,78,2026-07-11 07:36:22,4
4431,10,80,2026-07-20 05:21:09,5
4432,252,22,2026-05-30 04:04:33,3
4433,120,66,2026-05-21 22:04:52,5
4434,14,63,2026-05-25 15:22:38,2
4435,31,84,2026-05-17 21:30:52,3
4436,161,58,2026-06-05 17:54:25,3
4437,24,35,2026-07-06 12:40:56,4
4438,397,11,2026-05-27 00:49:05,5
4439,19,17,2026-07-18 09:03:41,5
4440,7,95,2026-06-19 09:46:06,1
4441,189,49,2026-05-14 02:15:41,4
4442,232,50,2026-04-28 04:54:28,3
4443,422,49,2026-05-27 07:08:49,3
4444,488,66,2026-07-16 14:09:19,4
4445,247,91,2026-05-27 22:16:43,2
4446,214,93,2026-05-20 02:36:18,5
4447,120,63,2026-05-22 01:19:57,3
4448,49,58,2026-07-22 21:57:52,1
4449,489,86,2026-07-22 09:18:05,3
4450,306,15,2026-04-26 22:40:20,2
4451,489,98,2026-05-05 02:30:17,2
4452,45,23,2026-05-30 23:07:08,1
4453,97,74,2026-07-11 12:35:29,2
4454,472,12,2026-07-17 13:36:20,1
4455,6,93,2026-04-26 00:23:43,3
4456,371,10,2026-05-09 21:08:07,5
4457,376,59,2026-06-24 23:24:16,3
4458,478,86,2026-05-04 23:40:09,5
4459,75,8,2026-07-02 01:50:38,2
4460,124,96,2026-07-23 16:06:24,1
4461,115,12,2026-07-03 10:42:54,1
4462,3,56,2026-07-10 13:36:21,2
4463,129,7,2026-07-03 07:44:37,1
4464,237,42,2026-06-24 10:28:09,5
4465,120,61,2026-07-13 02:05:34,2
4466,428,64,2026-06-22 11:52:48,2
4467,284,37,2026-07-04 17:43:49,5
4468,36,57,2026-05-12 15:58:27,5
4469,5,11,2026-05-11 18:49:24,2
4470,161,19,2026-07-18 23:21:39,5
4471,344,25,2026-07-01 16:06:08,1
4472,425,98,2026-05-02 01:38:26,2
4473,115,42,2026-07-07 03:20:08,2
4474,102,51,2026-06-25 09:24:36,5
4475,185,77,2026-06-03 17:44:51,5
4476,384,37,2026-05-15 21:38:22,4
4477,154,45,2026-07-05 02:46:04,2
4478,318,1,2026-06-27 06:57:14,3
4479,172,97,2026-05-10 08:50:01,1
4480,36,9,2026-06-11 15:59:06,3
4481,442,8,2026-06-23 21:24:19,4
4482,47,87,2026-07-07 22:19:15,4
4483,8,96,2026-06-29 04:45:45,1
4484,199,76,2026-07-08 14:31:15,3
4485,423,88,2026-06-22 11:59:39,1
4486,340,34,2026-07-04 07:26:27,3
4487,273,46,2026-07-05 18:29:43,4
4488,226,64,2026-05-23 20:41:15,4
4489,196,70,2026-07-06 00:57:55,2
4490,138,76,2026-05-11 06:28:41,1
4491,418,46,2026-06-03 11:48:24,4
4492,280,42,2026-07-23 08:50:46,4
4493,281,60,2026-06-07 14:42:30,2
4494,90,95,2026-07-06 13:58:27,4
4495,253,4,2026-07-18 12:08:29,2
4496,479,41,2026-05-31 17:55:16,2
4497,243,47,2026-04-26 01:34:02,4
4498,482,85,2026-07-21 14:42:29,2
4499,95,76,2026-05-12 13:36:05,2
4500,56,3,2026-06-01 16:50:12,4
4501,94,35,2026-05-27 11:03:45,2
4502,13,64,2026-06-01 19:01:39,2
4503,190,71,2026-05-21 16:04:41,2
4504,118,63,2026-06-22 15:03:57,4
4505,261,56,2026-07-16 09:25:34,2
4506,293,86,2026-04-30 12:18:46,3
4507,63,9,2026-05-26 02:21:50,4
4508,364,38,2026-05-08 10:43:41,2
4509,311,64,2026-07-11 17:38:10,2
4510,252,63,2026-04-25 23:16:40,3
4511,380,21,2026-05-27 14:00:39,3
4512,415,80,2026-06-05 08:41:51,5
4513,75,77,2026-05-07 06:39:01,5
4514,172,44,2026-07-04 01:52:00,3
4515,490,89,2026-07-17 14:33:15,2
4516,226,73,2026-06-09 16:26:59,1
4517,11,58,2026-05-30 15:14:36,4
4518,152,27,2026-05-26 09:09:49,2
4519,196,82,2026-07-22 14:53:06,4
4520,478,36,2026-06-17 14:17:41,3
4521,345,43,2026-07-01 12:17:12,2
4522,80,42,2026-07-09 14:18:35,5
4523,140,91,2026-06-21 06:27:58,5
4524,144,32,2026-06-11 03:33:12,5
4525,284,3,2026-05-25 03:28:33,5
4526,56,50,2026-07-06 13:08:09,2
4527,375,42,2026-05-02 14:31:18,5
4528,295,60,2026-06-22 05:13:13,3
4529,39,58,2026-06-01 12:50:24,2
4530,482,99,2026-05-21 12:40:40,2
4531,223,100,2026-04-30 10:35:26,4
4532,152,29,2026-06-25 04:13:14,1
4533,203,46,2026-07-13 19:04:12,5
4534,291,72,2026-05-08 21:32:45,3
4535,199,63,2026-05-25 05:07:34,5
4536,321,26,2026-07-13 17:26:17,2
4537,358,78,2026-05-06 09:31:33,3
4538,442,8,2026-07-05 02:53:18,2
4539,314,65,2026-05-22 03:13:54,2
4540,480,49,2026-06-04 18:42:08,1
4541,186,34,2026-05-14 12:58:29,2
4542,185,4,2026-04-27 12:13:10,4
4543,47,48,2026-06-08 20:26:55,2
4544,271,81,2026-05-31 19:13:51,5
4545,99,77,2026-06-06 19:58:50,3
4546,64,36,2026-06-07 23:29:09,3
4547,123,91,2026-06-22 14:24:27,4
4548,173,21,2026-06-20 15:39:33,2
4549,201,3,2026-05-06 17:48:13,1
4550,203,71,2026-06-10 00:47:17,3
4551,90,41,2026-07-14 11:18:20,4
4552,329,4,2026-06-24 18:28:54,4
4553,388,42,2026-06-02 02:43:50,2
4554,203,79,2026-07-14 21:15:11,1
4555,386,37,2026-05-26 04:04:07,5
4556,459,73,2026-04-28 12:49:35,5
4557,33,93,2026-07-03 08:25:18,2
4558,299,9,2026-07-23 17:00:29,1
4559,89,20,2026-05-04 15:19:42,5
4560,102,92,2026-05-17 12:40:56,1
4561,458,47,2026-05-29 09:07:12,3
4562,48,53,2026-05-28 01:38:40,1
4563,296,52,2026-06-16 15:15:45,1
4564,314,54,2026-06-26 00:36:25,4
4565,420,20,2026-06-16 22:13:15,1
4566,493,27,2026-06-07 06:08:15,2
4567,71,98,2026-07-22 04:50:01,3
4568,138,31,2026-04-30 04:44:55,5
4569,14,7,2026-06-26 03:07:57,2
4570,289,6,2026-04-28 19:20:16,2
4571,460,30,2026-05-09 12:42:59,2
4572,301,41,2026-05-26 01:35:23,4
4573,459,82,2026-06-28 18:53:13,4
4574,11,66,2026-07-08 00:53:27,3
4575,296,4,2026-06-28 17:26:24,4
4576,329,9,2026-04-28 14:34:15,2
4577,353,5,2026-05-14 23:41:08,2
4578,350,63,2026-04-25 09:43:38,3
4579,425,11,2026-06-20 04:14:53,3
4580,306,22,2026-06-02 06:33:39,2
4581,95,69,2026-04-25 10:11:15,5
4582,172,35,2026-06-17 17:14:49,3
4583,307,50,2026-05-10 05:34:10,2
4584,458,78,2026-05-19 14:13:57,3
4585,122,42,2026-07-20 21:23:07,3
4586,240,16,2026-06-26 20:44:56,3
4587,275,4,2026-06-06 23:15:09,5
4588,392,86,2026-06-13 09:39:12,4
4589,126,24,2026-05-05 15:39:21,1
4590,237,14,2026-07-05 19:56:30,2
4591,124,98,2026-06-19 01:44:22,3
4592,418,87,2026-05-15 12:30:54,5
4593,498,39,2026-05-29 18:06:30,4
4594,32,83,2026-06-24 12:01:15,2
4595,339,33,2026-05-15 18:15:21,5
4596,14,40,2026-04-25 21:51:46,2
4597,112,43,2026-05-14 17:53:51,4
4598,434,50,2026-07-03 14:42:40,3
4599,278,51,2026-06-22 03:23:13,2
4600,295,62,2026-06-18 03:53:21,5
4601,174,86,2026-07-16 22:51:08,2
4602,46,79,2026-05-05 02:59:55,1
4603,18,80,2026-04-29 13:38:05,1
4604,168,1,2026-05-24 04:08:34,4
4605,233,94,2026-06-18 20:51:19,2
4606,57,7,2026-05-30 10:40:45,2
4607,388,25,2026-06-04 19:06:30,3
4608,45,36,2026-06-04 05:52:35,1
4609,186,99,2026-04-28 02:36:00,1
4610,189,19,2026-05-20 05:15:22,4
4611,486,27,2026-05-06 09:26:19,1
4612,287,23,2026-04-26 02:29:06,1
4613,52,93,2026-05-17 12:11:28,4
4614,347,89,2026-06-17 20:00:06,3
4615,166,3,2026-07-01 22:52:57,5
4616,289,9,2026-07-04 17:25:33,2
4617,132,9,2026-06-02 07:23:38,4
4618,18,5,2026-06-12 00:08:30,4
4619,282,53,2026-05-11 16:53:38,1
4620,345,6,2026-06-27 11:04:24,1
4621,467,36,2026-07-02 15:15:07,3
4622,434,62,2026-05-14 09:22:59,3
4623,14,86,2026-05-21 02:46:46,2
4624,143,89,2026-06-07 04:57:05,1
4625,390,6,2026-07-18 12:30:44,5
4626,262,72,2026-07-01 23:02:46,4
4627,482,30,2026-07-03 04:27:30,1
4628,174,47,2026-05-03 07:05:07,5
4629,225,59,2026-07-13 09:27:49,4
4630,326,21,2026-05-30 22:50:14,3
4631,437,71,2026-06-16 05:08:22,2
4632,200,95,2026-06-25 18:46:16,3
4633,247,23,2026-06-20 01:03:09,4
4634,227,60,2026-05-28 10:38:53,3
4635,93,87,2026-07-06 16:33:14,4
4636,406,70,2026-06-03 07:21:50,3
4637,261,12,2026-06-22 04:10:36,3
4638,87,43,2026-07-23 11:48:45,3
4639,388,60,2026-06-07 11:25:42,5
4640,412,22,2026-07-20 02:18:27,1
4641,212,65,2026-07-22 20:51:07,2
4642,359,44,2026-06-16 03:50:38,2
4643,485,74,2026-05-08 06:10:09,2
4644,419,51,2026-05-02 15:32:13,4
4645,69,65,2026-06-16 12:39:55,1
4646,312,14,2026-06-19 13:59:26,1
4647,157,71,2026-06-28 05:46:38,2
4648,446,30,2026-06-30 02:55:17,3
4649,294,15,2026-05-26 07:30:05,3
4650,328,51,2026-06-14 12:01:17,4
4651,134,74,2026-05-28 19:15:48,4
4652,417,97,2026-05-05 01:03:11,2
4653,384,83,2026-06-07 18:09:06,2
4654,420,97,2026-05-12 23:54:16,1
4655,483,65,2026-07-11 09:02:42,1
4656,297,19,2026-07-22 15:07:53,1
4657,420,40,2026-05-18 04:34:25,4
4658,190,27,2026-06-16 07:56:07,1
4659,496,25,2026-04-26 23:49:59,1
4660,18,38,2026-05-06 11:11:15,2
4661,115,100,2026-06-29 18:41:52,1
4662,39,33,2026-06-07 15:41:38,1
4663,256,46,2026-06-27 22:39:57,4
4664,7,90,2026-06-21 17:28:43,3
4665,212,50,2026-05-31 02:40:42,2
4666,190,55,2026-06-23 20:02:10,5
4667,288,82,2026-06-23 09:39:22,5
4668,25,87,2026-06-11 09:57:03,1
4669,300,41,2026-05-28 20:06:30,1
4670,157,90,2026-06-09 16:37:23,4
4671,456,69,2026-07-08 10:47:44,1
4672,256,89,2026-06-20 17:09:39,5
4673,216,88,2026-06-11 07:33:45,1
4674,232,5,2026-06-11 00:53:53,1
4675,287,33,2026-06-16 12:03:19,1
4676,49,32,2026-07-04 00:45:09,1
4677,276,49,2026-07-06 10:28:45,3
4678,147,78,2026-06-09 06:33:41,1
4679,201,40,2026-06-17 08:46:20,4
4680,132,79,2026-06-03 13:50:41,1
4681,7,88,2026-05-07 04:13:04,5
4682,406,100,2026-04-27 10:51:18,5
4683,270,9,2026-06-12 10:58:30,2
4684,281,36,2026-07-01 09:29:39,5
4685,237,69,2026-06-27 04:17:52,1
4686,156,75,2026-05-06 03:14:55,5
4687,295,23,2026-07-21 07:29:00,4
4688,184,21,2026-04-28 13:50:24,3
4689,360,43,2026-06-05 03:25:04,1
4690,416,20,2026-07-15 00:17:05,1
4691,123,62,2026-06-10 22:05:59,2
4692,4,50,2026-07-09 00:39:59,2
4693,468,49,2026-04-28 23:17:47,3
4694,113,29,2026-05-27 17:28:57,5
4695,296,30,2026-07-03 00:24:02,4
4696,490,90,2026-07-22 05:22:18,1
4697,60,22,2026-05-08 05:25:58,2
4698,447,78,2026-06-18 08:24:43,1
4699,267,64,2026-05-30 07:28:38,4
4700,12,91,2026-06-14 16:48:29,3
4701,382,70,2026-05-05 00:49:24,4
4702,286,5,2026-05-21 18:57:01,4
4703,334,90,2026-06-04 16:59:13,1
4704,38,12,2026-05-20 05:22:21,3
4705,287,52,2026-06-12 22:43:16,2
4706,87,16,2026-04-27 01:14:23,2
4707,52,74,2026-05-12 20:18:54,2
4708,271,85,2026-06-16 17:08:39,3
4709,334,34,2026-06-10 02:36:05,1
4710,480,85,2026-05-12 17:19:52,5
4711,250,15,2026-06-18 01:10:43,1
4712,141,26,2026-05-09 00:29:53,3
4713,83,96,2026-07-01 19:36:49,4
4714,7,48,2026-04-30 12:51:26,5
4715,479,2,2026-05-05 15:47:37,5
4716,400,35,2026-06-20 13:32:41,5
4717,6,39,2026-07-19 04:30:21,2
4718,199,32,2026-07-17 06:22:15,4
4719,487,28,2026-05-13 00:41:13,4
4720,288,62,2026-05-15 12:00:09,1
4721,108,50,2026-06-17 09:43:13,5
4722,488,10,2026-05-08 21:31:39,2
4723,307,19,2026-07-17 07:46:07,1
4724,288,66,2026-05-01 18:12:29,5
4725,103,32,2026-06-24 13:56:21,4
4726,376,47,2026-05-16 14:08:46,3
4727,247,8,2026-07-06 18:12:44,4
4728,25,42,2026-07-09 12:03:55,4
4729,17,25,2026-06-28 22:07:58,3
4730,239,58,2026-06-22 14:09:38,2
4731,453,17,2026-06-10 06:03:51,5
4732,480,66,2026-07-19 23:59:06,4
4733,388,97,2026-06-25 09:31:15,2
4734,147,77,2026-06-14 07:40:53,3
4735,299,99,2026-05-01 23:57:10,4
4736,360,4,2026-06-04 05:28:44,1
4737,336,11,2026-07-02 02:36:19,2
4738,468,83,2026-04-28 14:08:52,3
4739,170,51,2026-05-21 23:27:01,4
4740,390,44,2026-05-24 04:15:36,5
4741,362,42,2026-07-22 23:14:52,3
4742,284,66,2026-06-11 01:41:18,4
4743,459,89,2026-06-20 22:50:16,5
4744,413,78,2026-06-21 21:37:44,5
4745,87,61,2026-05-27 10:30:12,1
4746,419,63,2026-05-27 22:56:03,5
4747,310,79,2026-06-25 00:15:00,1
4748,154,81,2026-05-20 18:02:22,3
4749,176,77,2026-06-13 13:38:40,2
4750,196,42,2026-07-21 19:01:53,2
4751,338,25,2026-05-28 13:09:20,3
4752,120,43,2026-06-13 23:19:25,4
4753,170,34,2026-06-21 17:56:38,4
4754,402,85,2026-05-12 23:57:17,5
4755,478,18,2026-07-11 14:25:33,3
4756,118,88,2026-06-30 07:30:34,3
4757,430,70,2026-06-17 09:25:08,3
4758,126,60,2026-06-20 04:38:04,5
4759,108,16,2026-07-04 01:29:04,3
4760,383,32,2026-05-14 16:27:20,5
4761,480,82,2026-07-14 08:00:30,3
4762,113,83,2026-07-12 07:30:48,4
4763,228,32,2026-06-01 17:37:32,4
4764,433,35,2026-06-18 21:02:18,4
4765,322,44,2026-05-08 22:03:28,3
4766,363,10,2026-05-19 05:30:42,1
4767,229,71,2026-06-01 21:00:22,1
4768,39,25,2026-07-12 13:08:15,3
4769,297,59,2026-06-17 04:09:18,5
4770,500,36,2026-06-13 08:03:11,5
4771,254,26,2026-05-20 12:11:23,1
4772,258,81,2026-06-11 05:49:03,5
4773,64,61,2026-06-06 03:44:46,4
4774,196,16,2026-05-08 06:38:58,2
4775,75,47,2026-07-07 12:16:45,1
4776,25,9,2026-05-21 15:20:50,1
4777,328,69,2026-05-20 18:30:42,2
4778,476,13,2026-07-23 14:12:35,4
4779,126,6,2026-07-20 05:58:03,5
4780,35,2,2026-05-05 12:42:59,3
4781,375,93,2026-05-21 14:55:22,3
4782,260,31,2026-05-17 02:08:16,2
4783,371,78,2026-06-19 02:41:43,3
4784,330,46,2026-07-15 08:11:33,2
4785,95,3,2026-06-17 11:17:58,5
4786,198,98,2026-05-16 01:24:02,2
4787,489,50,2026-05-14 10:24:51,5
4788,370,3,2026-05-10 06:48:37,1
4789,342,95,2026-06-23 08:05:34,3
4790,491,63,2026-05-06 19:18:52,1
4791,152,53,2026-05-16 03:57:59,2
4792,279,79,2026-05-10 19:02:10,2
4793,134,36,2026-05-05 03:17:26,1
4794,146,86,2026-05-24 15:54:17,4
4795,347,77,2026-07-16 04:44:53,4
4796,271,28,2026-05-17 06:04:53,1
4797,48,53,2026-07-02 21:07:54,4
4798,269,20,2026-07-05 11:26:20,4
4799,369,97,2026-05-31 14:54:15,1
4800,324,98,2026-05-21 02:13:20,2
4801,404,63,2026-06-06 02:31:48,5
4802,212,42,2026-04-26 17:19:56,4
4803,305,79,2026-06-01 08:56:06,4
4804,363,27,2026-05-30 22:07:24,2
4805,426,10,2026-06-22 01:23:03,4
4806,106,52,2026-05-14 19:42:40,2
4807,196,46,2026-06-03 01:01:04,3
4808,153,92,2026-05-22 22:23:30,2
4809,232,77,2026-07-18 22:19:17,4
4810,14,88,2026-06-18 09:39:59,2
4811,388,90,2026-04-30 23:48:40,4
4812,431,3,2026-06-01 11:11:36,5
4813,213,47,2026-05-31 16:47:15,1
4814,295,56,2026-07-04 00:31:09,4
4815,257,12,2026-06-06 04:11:21,3
4816,215,30,2026-05-20 20:09:35,3
4817,160,62,2026-05-10 01:27:23,2
4818,134,75,2026-06-26 08:02:27,5
4819,359,68,2026-07-12 08:49:44,2
4820,21,49,2026-05-30 02:34:30,1
4821,461,30,2026-05-03 10:42:44,2
4822,55,79,2026-07-01 05:15:26,5
4823,30,33,2026-05-02 09:44:22,5
4824,157,58,2026-05-09 04:19:28,3
4825,90,56,2026-05-21 18:02:40,2
4826,140,53,2026-05-24 23:08:16,2
4827,312,9,2026-05-17 05:13:50,1
4828,372,7,2026-06-19 07:20:12,2
4829,176,71,2026-06-09 08:49:09,4
4830,104,31,2026-04-26 09:05:51,2
4831,361,92,2026-05-02 04:35:41,1
4832,468,13,2026-05-20 19:58:45,2
4833,320,16,2026-07-09 08:24:03,4
4834,332,98,2026-05-30 12:43:54,2
4835,97,69,2026-05-12 20:21:08,2
4836,478,2,2026-05-26 07:28:46,2
4837,465,35,2026-06-13 13:00:38,1
4838,301,65,2026-07-20 14:11:06,1
4839,240,18,2026-05-10 22:12:08,1
4840,284,20,2026-07-15 21:38:08,2
4841,147,78,2026-07-14 17:04:27,3
4842,343,36,2026-06-08 14:32:36,2
4843,276,23,2026-07-02 15:58:06,1
4844,431,32,2026-05-10 10:45:03,5
4845,458,6,2026-05-01 05:21:17,4
4846,86,1,2026-05-22 14:17:29,4
4847,317,63,2026-06-29 11:48:35,4
4848,329,70,2026-07-04 05:18:40,4
4849,314,60,2026-06-26 13:30:12,5
4850,218,78,2026-06-19 18:40:05,4
4851,454,33,2026-06-14 12:50:08,4
4852,104,65,2026-07-17 00:10:31,4
4853,79,5,2026-05-14 19:09:24,1
4854,360,48,2026-07-15 10:56:15,3
4855,71,78,2026-07-21 11:55:07,4
4856,233,49,2026-05-23 18:59:18,3
4857,14,41,2026-06-11 00:22:10,2
4858,454,3,2026-05-15 15:22:35,4
4859,469,82,2026-07-06 13:29:51,2
4860,273,76,2026-07-10 11:06:58,2
4861,390,39,2026-06-02 04:38:55,2
4862,90,3,2026-07-21 03:23:11,2
4863,267,33,2026-06-10 23:19:51,4
4864,282,92,2026-06-08 21:03:59,3
4865,126,60,2026-05-07 08:56:52,4
4866,31,32,2026-05-08 20:11:16,1
4867,185,48,2026-04-29 20:50:17,3
4868,282,50,2026-07-19 20:01:45,4
4869,46,77,2026-05-23 06:01:00,3
4870,500,66,2026-06-17 06:23:52,4
4871,24,62,2026-05-01 06:56:35,3
4872,205,25,2026-05-24 20:12:35,5
4873,103,2,2026-05-04 13:06:48,2
4874,449,92,2026-06-18 05:39:39,3
4875,35,4,2026-06-13 04:17:52,2
4876,379,67,2026-05-30 18:10:28,1
4877,272,52,2026-05-27 03:25:58,5
4878,279,45,2026-06-24 01:53:47,3
4879,173,48,2026-04-29 15:42:17,5
4880,351,16,2026-07-19 11:50:32,4
4881,460,63,2026-06-05 18:58:31,5
4882,21,86,2026-07-09 08:58:48,5
4883,439,96,2026-06-18 16:45:12,5
4884,39,20,2026-07-13 18:46:53,4
4885,205,85,2026-07-03 01:26:00,4
4886,441,93,2026-06-25 09:11:43,3
4887,91,19,2026-07-07 16:54:11,2
4888,55,79,2026-05-31 23:35:18,3
4889,240,29,2026-04-28 18:40:32,1
4890,190,2,2026-05-07 14:50:18,2
4891,253,73,2026-05-13 12:19:53,4
4892,486,20,2026-06-05 03:50:13,5
4893,339,33,2026-07-22 15:39:42,2
4894,2,9,2026-05-10 13:47:26,1
4895,163,94,2026-06-10 13:45:03,1
4896,134,60,2026-07-22 13:28:40,2
4897,404,64,2026-05-05 19:15:09,1
4898,402,59,2026-07-12 12:26:07,3
4899,370,94,2026-05-30 20:09:18,4
4900,159,74,2026-06-17 22:37:12,5
4901,493,95,2026-05-26 19:24:52,3
4902,316,20,2026-06-28 13:02:08,5
4903,312,88,2026-05-21 19:05:44,5
4904,472,32,2026-05-16 16:08:33,1
4905,262,62,2026-05-21 03:18:22,3
4906,306,39,2026-06-12 03:31:21,4
4907,31,76,2026-05-23 20:54:35,3
4908,63,19,2026-06-17 14:20:15,2
4909,476,29,2026-07-19 05:20:54,2
4910,281,20,2026-07-23 14:55:04,1
4911,423,70,2026-06-12 19:45:44,3
4912,250,96,2026-06-02 12:46:50,4
4913,339,43,2026-05-23 17:58:42,1
4914,150,21,2026-06-24 04:53:30,4
4915,399,9,2026-07-08 22:51:46,3
4916,34,56,2026-06-03 02:56:03,4
4917,97,54,2026-06-09 15:38:12,1
4918,206,48,2026-05-06 04:32:54,3
4919,143,63,2026-07-19 01:31:34,4
4920,241,76,2026-05-15 11:47:01,4
4921,260,31,2026-05-22 12:34:44,2
4922,365,22,2026-05-27 08:15:25,2
4923,359,42,2026-06-21 07:53:26,4
4924,49,13,2026-05-02 16:21:21,1
4925,484,95,2026-04-25 12:50:38,2
4926,323,55,2026-06-11 13:00:54,1
4927,483,90,2026-06-26 14:56:24,2
4928,31,1,2026-06-09 11:03:20,2
4929,19,18,2026-05-23 00:07:33,3
4930,410,88,2026-07-22 20:21:03,3
4931,401,74,2026-05-03 04:59:52,1
4932,103,40,2026-05-26 18:20:49,1
4933,22,75,2026-05-02 16:56:26,1
4934,369,1,2026-07-13 11:07:52,2
4935,480,22,2026-07-20 19:21:12,4
4936,295,14,2026-05-20 15:59:09,5
4937,183,79,2026-07-14 23:03:45,5
4938,41,79,2026-05-22 07:51:56,2
4939,38,60,2026-06-22 13:32:03,3
4940,99,83,2026-07-09 01:26:50,5
4941,57,64,2026-06-22 14:16:13,2
4942,417,37,2026-04-27 19:42:18,4
4943,210,86,2026-05-10 12:25:40,4
4944,491,58,2026-05-29 13:00:49,5
4945,191,38,2026-06-27 03:48:06,4
4946,253,31,2026-07-10 19:48:54,3
4947,401,42,2026-05-15 03:40:18,2
4948,280,20,2026-07-01 23:42:59,2
4949,21,11,2026-04-30 09:57:14,5
4950,72,19,2026-05-05 03:57:39,4
4951,79,20,2026-07-03 21:14:11,1
4952,172,99,2026-05-27 00:22:26,3
4953,347,31,2026-07-03 11:36:53,4
4954,262,53,2026-05-06 14:46:58,5
4955,439,76,2026-05-24 02:02:39,2
4956,286,84,2026-04-27 23:54:18,3
4957,99,51,2026-05-13 07:15:42,3
4958,38,7,2026-04-27 18:10:50,3
4959,238,24,2026-07-12 14:22:01,4
4960,281,85,2026-06-02 07:16:44,3
4961,273,18,2026-07-12 21:58:08,3
4962,449,91,2026-06-04 17:12:15,3
4963,454,73,2026-07-17 23:57:34,2
4964,5,22,2026-05-19 01:00:08,4
4965,55,63,2026-07-18 17:10:22,3
4966,93,6,2026-07-19 13:26:27,2
4967,146,66,2026-06-22 08:18:03,4
4968,170,26,2026-07-03 16:36:37,2
4969,252,5,2026-07-08 13:17:41,1
4970,380,47,2026-07-02 18:39:43,3
4971,486,79,2026-05-30 22:16:11,3
4972,3,14,2026-06-10 14:03:46,5
4973,125,28,2026-05-09 01:28:25,3
4974,412,85,2026-07-16 23:49:10,5
4975,168,68,2026-06-01 15:26:06,5
4976,354,79,2026-07-23 16:08:41,5
4977,122,56,2026-07-08 10:37:10,1
4978,276,93,2026-06-21 02:07:58,5
4979,177,69,2026-07-07 02:08:28,4
4980,26,37,2026-05-27 00:05:16,1
4981,247,76,2026-06-24 14:10:35,1
4982,286,54,2026-06-08 17:11:41,5
4983,342,30,2026-07-23 08:00:56,3
4984,354,29,2026-06-07 07:56:21,3
4985,187,84,2026-07-16 10:44:55,1
4986,498,30,2026-06-28 14:37:15,5
4987,157,51,2026-05-20 11:24:30,1
4988,318,30,2026-04-28 15:32:08,2
4989,500,58,2026-05-17 21:55:29,4
4990,3,56,2026-04-29 08:21:31,1
4991,487,36,2026-06-15 16:18:06,5
4992,252,3,2026-06-12 10:13:39,3
4993,466,77,2026-06-28 02:41:42,1
4994,299,75,2026-05-15 10:21:11,5
4995,398,71,2026-05-22 15:07:04,1
4996,143,50,2026-06-18 03:42:51,3
4997,110,70,2026-06-27 09:53:26,2
4998,9,88,2026-06-05 09:52:11,1
4999,204,83,2026-05-18 13:20:31,4
5000,12,13,2026-05-07 07:41:51,3
