behavior_id,user_id,product_id,action,timestamp
1,106,85,view,2026-05-19 16:07:49
2,251,21,add_to_cart,2026-05-14 12:37:59
3,439,21,view,2026-07-07 23:51:23
4,176,40,purchase,2026-06-30 20:30:25
5,328,82,view,2026-05-09 19:33:45
6,75,1,purchase,2026-05-01 02:48:40
7,472,99,search,2026-05-20 22:19:33
8,111,15,search,2026-05-27 11:33:46
9,75,65,search,2026-07-09 09:30:55
10,320,60,search,2026-06-10 10:26:10
11,402,79,view,2026-05-02 19:05:24
12,219,12,view,2026-06-01 08:53:19
13,489,25,search,2026-05-19 00:14:47
14,437,3,add_to_cart,2026-06-23 22:33:46
15,488,99,view,2026-04-30 20:52:15
16,102,19,view,2026-06-14 09:36:41
17,496,89,search,2026-06-10 04:29:26
18,459,81,view,2026-05-27 17:44:24
19,238,97,view,2026-07-12 02:08:54
20,308,100,add_to_cart,2026-05-15 07:53:45
21,104,25,search,2026-06-10 15:31:08
22,469,76,search,2026-05-01 04:57:03
23,449,30,add_to_cart,2026-07-22 08:13:56
24,473,64,search,2026-06-08 03:56:11
25,237,42,search,2026-05-14 01:01:42
26,25,5,view,2026-04-25 01:44:01
27,342,46,view,2026-06-28 05:38:44
28,227,84,view,2026-07-06 12:03:54
29,5,41,add_to_cart,2026-05-02 23:39:02
30,83,13,search,2026-06-18 05:14:48
31,465,15,search,2026-06-09 16:13:58
32,297,71,purchase,2026-07-04 04:32:22
33,461,44,view,2026-07-12 10:25:50
34,19,82,view,2026-05-25 00:12:34
35,321,55,view,2026-07-17 01:52:37
36,63,8,add_to_cart,2026-06-28 06:12:46
37,87,90,view,2026-05-31 13:32:58
38,97,36,view,2026-06-03 17:09:37
39,45,68,view,2026-06-12 02:09:15
40,192,95,view,2026-04-26 22:01:52
41,16,37,view,2026-07-02 19:40:34
42,55,18,add_to_cart,2026-06-22 05:56:06
43,359,13,view,2026-05-03 22:47:37
44,163,99,view,2026-07-19 23:12:10
45,77,24,search,2026-06-20 05:45:05
46,486,11,view,2026-05-21 13:23:16
47,195,98,search,2026-06-16 06:23:47
48,47,92,search,2026-06-19 18:24:43
49,418,70,view,2026-06-17 08:10:09
50,396,39,view,2026-06-02 21:38:00
51,456,6,view,2026-07-18 22:51:59
52,254,12,search,2026-05-20 19:59:20
53,447,7,view,2026-05-03 20:49:52
54,353,1,view,2026-06-10 00:29:54
55,25,61,add_to_cart,2026-06-03 03:05:00
56,324,14,view,2026-06-21 01:51:02
57,336,32,view,2026-05-11 01:24:53
58,114,84,add_to_cart,2026-07-01 17:48:17
59,62,81,add_to_cart,2026-06-09 08:58:34
60,133,94,search,2026-05-11 03:43:16
61,445,88,search,2026-06-03 07:33:42
62,4,88,search,2026-05-21 05:55:48
63,345,94,search,2026-05-12 22:05:04
64,296,71,view,2026-06-05 10:23:19
65,130,79,search,2026-05-13 09:33:11
66,317,38,view,2026-06-02 23:39:45
67,354,53,add_to_cart,2026-05-22 15:21:51
68,165,32,search,2026-07-20 01:54:15
69,77,91,view,2026-06-26 15:47:51
70,362,64,view,2026-05-05 20:07:25
71,246,76,view,2026-05-19 06:26:43
72,418,17,search,2026-07-12 18:51:31
73,385,75,view,2026-06-28 20:39:36
74,153,17,search,2026-05-17 02:59:38
75,153,96,view,2026-05-01 17:17:52
76,415,51,view,2026-05-15 21:21:15
77,169,15,search,2026-06-26 23:59:20
78,129,92,view,2026-07-01 07:22:52
79,9,53,view,2026-05-14 17:51:11
80,271,19,view,2026-06-26 14:55:31
81,478,16,add_to_cart,2026-05-26 06:37:34
82,249,49,search,2026-06-29 18:18:32
83,168,57,search,2026-07-16 23:46:41
84,382,19,view,2026-05-29 00:01:34
85,117,86,add_to_cart,2026-06-28 00:20:25
86,150,63,view,2026-05-21 07:17:19
87,265,7,view,2026-06-05 18:42:29
88,281,21,view,2026-07-20 00:26:02
89,35,96,view,2026-05-22 18:39:00
90,126,53,view,2026-05-22 14:18:32
91,90,37,view,2026-06-05 02:04:05
92,466,2,view,2026-07-07 18:07:33
93,318,9,search,2026-05-28 11:35:39
94,190,83,view,2026-05-14 05:14:53
95,417,36,add_to_cart,2026-06-01 15:12:48
96,166,21,view,2026-06-06 05:58:35
97,83,3,search,2026-06-26 08:32:01
98,292,50,view,2026-06-17 06:43:26
99,306,83,add_to_cart,2026-05-05 08:58:14
100,165,93,view,2026-05-19 10:48:52
101,418,13,view,2026-06-27 14:59:49
102,310,40,search,2026-04-26 16:21:46
103,37,73,purchase,2026-05-05 02:40:01
104,147,37,view,2026-05-18 10:18:29
105,459,86,add_to_cart,2026-07-16 19:20:12
106,369,74,search,2026-06-15 03:51:46
107,113,81,view,2026-06-15 00:09:15
108,3,20,purchase,2026-05-26 11:54:15
109,466,89,search,2026-06-04 11:05:39
110,339,44,view,2026-05-13 11:45:38
111,115,14,search,2026-07-03 16:50:07
112,463,55,view,2026-07-11 19:53:57
113,167,76,view,2026-06-02 17:40:52
114,402,78,search,2026-05-29 08:40:10
115,57,49,view,2026-05-13 18:24:02
116,151,42,view,2026-05-27 08:20:34
117,219,61,search,2026-06-15 09:50:37
118,206,64,view,2026-06-18 07:37:50
119,10,89,view,2026-06-18 13:58:37
120,87,30,view,2026-04-28 23:18:05
121,126,60,view,2026-07-05 10:09:35
122,44,14,search,2026-06-16 23:19:03
123,268,92,view,2026-07-05 08:46:59
124,131,28,view,2026-04-28 06:22:57
125,158,2,add_to_cart,2026-06-03 10:25:20
126,74,36,search,2026-07-20 02:26:57
127,273,27,view,2026-07-23 09:07:43
128,144,79,view,2026-07-11 21:48:58
129,154,77,search,2026-06-24 18:59:12
130,461,31,view,2026-06-30 14:32:24
131,169,70,view,2026-07-07 05:45:35
132,422,94,view,2026-07-15 11:10:21
133,294,28,search,2026-07-19 21:00:44
134,205,13,view,2026-06-20 07:16:06
135,140,74,view,2026-06-05 04:17:23
136,422,45,add_to_cart,2026-07-06 20:26:29
137,275,72,search,2026-04-27 07:44:29
138,446,13,purchase,2026-06-19 05:13:43
139,12,86,view,2026-05-11 10:00:33
140,99,30,search,2026-07-04 19:46:14
141,111,26,add_to_cart,2026-05-13 21:36:24
142,82,38,view,2026-06-27 22:50:38
143,273,29,search,2026-04-27 18:26:25
144,72,93,add_to_cart,2026-05-14 12:47:49
145,224,81,search,2026-07-07 14:32:08
146,187,88,view,2026-06-30 12:01:28
147,37,21,view,2026-04-25 10:49:25
148,107,48,view,2026-05-11 17:03:50
149,415,54,view,2026-07-07 22:17:00
150,99,28,view,2026-06-04 00:12:16
151,64,56,view,2026-07-12 14:33:20
152,104,35,search,2026-07-03 00:09:17
153,333,87,search,2026-07-21 04:20:34
154,354,75,purchase,2026-07-19 18:29:44
155,275,21,add_to_cart,2026-06-21 09:48:35
156,319,85,search,2026-06-07 07:26:37
157,257,23,search,2026-07-10 20:53:06
158,270,36,view,2026-06-22 13:47:57
159,131,94,search,2026-07-14 20:12:20
160,12,26,view,2026-05-31 04:06:02
161,468,69,view,2026-05-03 13:09:51
162,348,15,search,2026-05-07 00:28:39
163,32,30,search,2026-06-15 12:18:23
164,69,72,view,2026-07-21 23:57:38
165,390,75,search,2026-07-13 00:07:13
166,86,7,search,2026-06-16 01:04:53
167,141,17,view,2026-04-29 15:20:11
168,306,78,search,2026-05-01 21:53:48
169,147,69,search,2026-05-27 15:14:58
170,314,69,view,2026-05-20 01:33:43
171,206,71,view,2026-05-12 00:33:14
172,26,55,view,2026-07-15 01:30:47
173,127,18,add_to_cart,2026-05-16 02:52:54
174,423,82,view,2026-05-09 01:30:43
175,375,57,view,2026-07-03 16:55:34
176,381,70,view,2026-07-07 12:18:54
177,200,59,view,2026-05-21 12:54:47
178,209,4,view,2026-04-25 19:55:38
179,473,4,search,2026-06-30 18:56:12
180,14,93,view,2026-05-26 00:31:58
181,103,97,search,2026-06-25 13:28:13
182,351,11,view,2026-05-13 04:46:36
183,290,13,view,2026-07-20 12:55:05
184,322,83,view,2026-07-10 03:59:22
185,379,96,purchase,2026-04-27 05:16:33
186,434,20,purchase,2026-05-25 02:02:26
187,232,87,view,2026-07-22 11:26:21
188,303,83,view,2026-05-23 01:47:31
189,160,21,view,2026-07-12 14:56:35
190,93,77,search,2026-06-16 03:23:01
191,288,37,view,2026-07-22 02:06:21
192,466,10,view,2026-07-13 17:57:08
193,462,37,search,2026-07-10 05:57:23
194,25,41,view,2026-04-28 15:09:39
195,305,56,view,2026-04-28 23:55:47
196,359,7,view,2026-05-20 01:54:00
197,151,49,view,2026-05-27 20:47:19
198,53,47,search,2026-05-21 10:02:33
199,318,20,view,2026-06-18 08:56:59
200,75,31,view,2026-07-11 03:50:14
201,165,66,view,2026-05-25 22:32:16
202,226,85,view,2026-05-24 19:42:29
203,500,22,search,2026-05-31 03:37:59
204,439,6,search,2026-04-28 12:48:50
205,376,61,view,2026-05-14 21:32:31
206,147,53,search,2026-06-23 08:16:17
207,334,59,search,2026-07-10 01:47:35
208,10,99,search,2026-06-25 11:37:10
209,316,24,view,2026-04-30 14:31:48
210,165,7,add_to_cart,2026-07-17 17:14:35
211,239,33,add_to_cart,2026-05-06 18:37:06
212,333,68,search,2026-05-20 02:39:06
213,376,94,view,2026-07-16 21:53:23
214,386,23,search,2026-06-09 16:43:36
215,300,32,search,2026-05-31 10:04:12
216,433,98,view,2026-06-26 14:24:39
217,37,52,view,2026-05-09 17:54:48
218,404,9,view,2026-06-02 13:19:17
219,371,87,view,2026-05-11 07:13:11
220,313,74,search,2026-06-28 11:14:06
221,441,40,view,2026-05-10 02:36:34
222,12,32,add_to_cart,2026-07-07 03:47:10
223,433,17,view,2026-07-04 02:57:58
224,317,56,view,2026-05-24 18:26:48
225,472,33,view,2026-07-18 12:20:01
226,24,50,view,2026-06-25 00:52:16
227,238,21,view,2026-07-06 13:22:14
228,228,97,view,2026-07-18 12:23:12
229,25,24,view,2026-05-16 22:51:15
230,435,87,view,2026-06-16 11:26:11
231,413,24,view,2026-07-17 17:44:53
232,439,3,search,2026-06-09 07:50:57
233,231,40,view,2026-05-21 21:00:49
234,177,66,search,2026-07-12 19:30:03
235,318,65,add_to_cart,2026-04-26 21:28:17
236,468,29,search,2026-05-30 11:25:47
237,147,72,search,2026-06-14 01:49:45
238,111,36,view,2026-05-07 17:53:43
239,282,79,add_to_cart,2026-04-30 16:26:12
240,404,89,view,2026-05-22 20:06:08
241,416,82,view,2026-07-16 12:36:53
242,183,31,view,2026-05-15 16:41:19
243,128,98,add_to_cart,2026-05-13 13:52:50
244,316,33,search,2026-07-19 11:43:10
245,428,16,view,2026-05-16 06:04:35
246,490,19,add_to_cart,2026-05-03 10:54:39
247,56,92,search,2026-06-14 19:13:22
248,282,93,add_to_cart,2026-05-06 17:29:12
249,326,7,search,2026-05-13 23:52:36
250,147,76,view,2026-06-29 14:44:25
251,123,64,view,2026-06-03 00:46:01
252,386,42,purchase,2026-04-28 12:25:47
253,247,5,search,2026-05-02 20:28:54
254,454,79,search,2026-06-11 22:22:40
255,460,42,purchase,2026-05-03 23:08:40
256,280,65,add_to_cart,2026-07-09 08:03:39
257,330,93,add_to_cart,2026-07-20 07:09:42
258,6,2,add_to_cart,2026-05-14 23:22:33
259,500,4,purchase,2026-04-27 13:33:51
260,352,14,view,2026-06-04 00:08:03
261,69,71,view,2026-06-21 16:37:49
262,314,2,view,2026-05-31 08:12:48
263,206,61,search,2026-06-11 23:58:29
264,163,94,view,2026-06-21 14:00:36
265,74,93,add_to_cart,2026-07-22 17:03:44
266,3,80,search,2026-06-01 17:55:53
267,225,79,search,2026-05-07 17:07:56
268,34,10,view,2026-05-01 14:17:59
269,490,16,add_to_cart,2026-06-25 18:42:41
270,468,74,view,2026-06-16 01:33:24
271,183,29,view,2026-06-15 03:47:28
272,288,44,add_to_cart,2026-06-20 15:50:18
273,89,97,purchase,2026-05-13 14:45:32
274,107,93,view,2026-05-15 15:24:44
275,363,78,search,2026-05-01 20:19:56
276,146,58,view,2026-05-27 11:56:49
277,253,10,view,2026-04-28 06:04:21
278,422,96,add_to_cart,2026-05-23 06:00:38
279,81,67,search,2026-07-06 06:02:10
280,25,47,search,2026-07-09 05:58:32
281,482,44,view,2026-06-02 02:38:06
282,259,56,purchase,2026-07-05 22:08:28
283,28,67,search,2026-05-06 00:33:19
284,452,17,view,2026-07-15 21:38:07
285,11,6,add_to_cart,2026-07-18 15:33:39
286,33,67,add_to_cart,2026-05-29 19:00:10
287,238,51,add_to_cart,2026-05-03 07:00:04
288,498,98,view,2026-05-09 15:53:17
289,415,59,view,2026-07-06 01:24:47
290,130,13,purchase,2026-07-08 05:41:11
291,133,33,add_to_cart,2026-05-29 06:07:28
292,31,56,search,2026-05-12 12:25:24
293,265,74,view,2026-06-24 12:37:42
294,292,55,search,2026-06-26 06:02:30
295,91,80,view,2026-06-14 15:12:59
296,163,38,search,2026-04-28 15:03:52
297,71,31,view,2026-06-17 13:12:41
298,4,68,purchase,2026-07-09 11:09:35
299,121,44,view,2026-06-10 00:17:18
300,401,71,search,2026-06-15 00:48:25
301,86,53,view,2026-05-17 09:43:56
302,388,48,search,2026-05-06 18:19:18
303,32,14,search,2026-06-07 13:12:41
304,418,89,view,2026-07-13 13:03:31
305,29,65,view,2026-06-18 12:21:09
306,348,91,view,2026-05-22 19:17:41
307,174,74,view,2026-04-26 05:48:56
308,431,58,purchase,2026-06-20 07:18:53
309,490,22,view,2026-06-21 18:09:13
310,427,74,search,2026-06-24 11:39:34
311,254,99,search,2026-07-12 04:00:03
312,229,100,search,2026-07-14 07:45:32
313,330,83,search,2026-06-21 23:53:12
314,449,94,search,2026-07-07 14:30:59
315,277,12,add_to_cart,2026-05-23 09:44:13
316,92,69,search,2026-06-19 22:52:50
317,234,82,purchase,2026-05-18 19:24:40
318,93,43,search,2026-05-23 07:04:50
319,12,99,search,2026-05-24 18:27:57
320,340,80,search,2026-07-16 21:37:50
321,121,23,add_to_cart,2026-05-05 05:32:47
322,114,100,add_to_cart,2026-05-16 08:45:14
323,184,100,view,2026-06-05 10:44:30
324,245,73,search,2026-04-30 00:41:26
325,247,80,search,2026-06-17 21:04:57
326,286,20,view,2026-05-06 03:21:39
327,278,98,view,2026-07-20 06:39:26
328,18,83,view,2026-07-06 11:00:08
329,132,40,search,2026-07-04 01:02:19
330,138,67,search,2026-05-26 08:10:45
331,403,85,search,2026-05-29 20:07:13
332,390,32,add_to_cart,2026-06-14 05:14:06
333,87,85,add_to_cart,2026-07-07 05:01:39
334,10,37,add_to_cart,2026-07-20 19:48:26
335,213,53,add_to_cart,2026-05-06 03:34:03
336,90,89,search,2026-06-05 20:42:00
337,211,4,search,2026-07-16 03:18:32
338,476,19,view,2026-07-07 19:13:31
339,220,70,search,2026-06-05 20:41:38
340,398,35,view,2026-06-17 04:05:05
341,233,74,view,2026-06-03 05:15:54
342,379,10,add_to_cart,2026-05-15 17:51:02
343,9,72,view,2026-06-05 01:36:20
344,58,87,add_to_cart,2026-07-19 08:56:19
345,92,99,view,2026-06-15 00:33:59
346,196,74,view,2026-07-23 09:43:55
347,454,16,view,2026-05-13 08:32:56
348,470,35,view,2026-05-09 04:08:41
349,147,76,search,2026-05-24 21:08:39
350,306,35,search,2026-04-28 15:34:40
351,18,22,view,2026-05-16 10:24:03
352,2,1,search,2026-06-13 14:31:54
353,262,77,view,2026-07-19 15:48:20
354,238,9,purchase,2026-05-06 01:11:15
355,462,50,search,2026-05-01 23:57:22
356,48,86,view,2026-06-23 02:52:05
357,207,4,view,2026-05-01 03:22:15
358,229,68,view,2026-06-26 15:40:31
359,170,11,view,2026-06-22 14:23:14
360,44,95,view,2026-06-07 16:56:48
361,247,100,view,2026-06-24 19:59:22
362,313,26,add_to_cart,2026-06-06 18:03:25
363,385,53,search,2026-04-29 14:16:01
364,439,48,view,2026-05-21 21:02:35
365,166,3,add_to_cart,2026-06-06 11:50:57
366,269,77,view,2026-05-10 11:16:35
367,34,92,add_to_cart,2026-07-19 16:16:32
368,89,93,view,2026-07-17 12:02:06
369,249,86,view,2026-05-08 00:44:40
370,213,3,search,2026-05-03 15:35:56
371,449,63,search,2026-07-13 21:47:41
372,286,50,add_to_cart,2026-05-10 08:09:10
373,338,90,add_to_cart,2026-05-01 04:42:10
374,466,100,view,2026-06-02 06:47:17
375,314,87,search,2026-05-01 05:33:03
376,121,26,view,2026-05-17 05:55:26
377,53,17,purchase,2026-05-25 05:12:02
378,220,92,add_to_cart,2026-05-14 09:11:48
379,213,52,view,2026-06-16 14:16:13
380,47,60,view,2026-07-16 04:38:45
381,103,87,view,2026-06-22 05:59:00
382,102,1,view,2026-05-15 23:04:04
383,454,55,view,2026-06-13 13:07:26
384,402,41,view,2026-06-11 20:14:17
385,327,74,purchase,2026-05-31 05:09:39
386,75,25,view,2026-05-01 22:16:36
387,401,70,view,2026-05-20 09:37:15
388,356,7,search,2026-05-11 02:08:45
389,347,42,view,2026-07-17 14:36:48
390,241,38,search,2026-07-13 01:53:03
391,56,56,view,2026-04-29 20:19:39
392,144,58,view,2026-05-18 23:53:49
393,61,51,view,2026-05-05 05:22:41
394,90,60,search,2026-06-12 05:20:58
395,401,66,view,2026-05-12 19:59:00
396,45,2,add_to_cart,2026-06-25 18:11:05
397,55,63,add_to_cart,2026-06-20 21:30:53
398,321,24,view,2026-05-13 11:40:55
399,160,67,add_to_cart,2026-06-04 11:25:26
400,107,74,search,2026-07-05 00:40:55
401,295,94,search,2026-06-06 05:30:52
402,142,98,view,2026-07-13 22:33:30
403,141,70,view,2026-05-05 20:59:48
404,309,23,search,2026-05-25 15:05:03
405,248,4,view,2026-06-19 06:54:32
406,454,58,purchase,2026-04-26 22:27:56
407,296,90,search,2026-07-03 12:52:44
408,382,55,view,2026-05-06 06:20:23
409,276,62,search,2026-06-02 19:19:32
410,299,31,add_to_cart,2026-06-14 00:44:06
411,473,19,add_to_cart,2026-04-26 05:05:24
412,223,98,view,2026-06-16 04:47:55
413,91,11,search,2026-05-11 07:22:51
414,112,29,search,2026-05-26 13:06:06
415,406,21,view,2026-06-01 21:38:56
416,410,85,view,2026-07-09 04:16:13
417,207,70,purchase,2026-05-04 21:29:53
418,416,34,view,2026-05-09 07:22:48
419,442,10,search,2026-07-08 11:30:05
420,109,10,purchase,2026-05-08 04:21:30
421,203,73,view,2026-06-08 01:18:34
422,458,77,purchase,2026-06-17 20:11:31
423,354,69,search,2026-05-20 18:45:08
424,143,56,search,2026-06-16 07:40:52
425,176,70,add_to_cart,2026-05-10 02:00:47
426,79,5,add_to_cart,2026-07-11 05:26:00
427,20,78,search,2026-05-17 00:31:55
428,399,70,view,2026-07-03 12:53:35
429,359,92,search,2026-06-12 23:17:55
430,183,83,view,2026-07-19 09:24:53
431,363,44,add_to_cart,2026-06-22 21:50:06
432,308,71,search,2026-06-26 13:18:41
433,50,37,view,2026-06-24 11:54:01
434,327,65,view,2026-07-12 09:06:09
435,454,5,search,2026-06-06 13:36:39
436,54,46,add_to_cart,2026-05-17 13:18:20
437,326,52,view,2026-06-10 01:57:12
438,122,70,search,2026-06-27 11:20:44
439,115,4,add_to_cart,2026-06-07 14:18:45
440,168,49,search,2026-06-23 07:50:29
441,37,93,search,2026-06-08 12:12:54
442,297,79,search,2026-06-01 00:57:06
443,324,20,add_to_cart,2026-06-19 11:57:35
444,265,65,view,2026-07-15 19:14:43
445,97,17,view,2026-06-19 17:06:45
446,122,64,purchase,2026-04-28 10:01:37
447,480,83,search,2026-06-29 21:13:03
448,314,1,view,2026-05-12 19:01:31
449,413,81,search,2026-05-30 12:09:00
450,31,90,view,2026-04-27 14:43:41
451,399,47,search,2026-06-01 14:11:13
452,233,94,search,2026-06-30 06:39:14
453,277,73,view,2026-06-29 01:17:28
454,77,22,view,2026-06-16 07:28:37
455,110,100,search,2026-07-16 11:29:14
456,228,35,view,2026-06-14 13:06:09
457,240,59,search,2026-05-13 18:01:27
458,89,46,add_to_cart,2026-06-23 01:41:50
459,184,24,search,2026-06-25 06:16:10
460,83,88,search,2026-06-19 15:21:45
461,165,51,add_to_cart,2026-05-16 06:49:05
462,121,70,purchase,2026-07-23 09:36:15
463,343,14,view,2026-05-10 16:11:28
464,160,11,search,2026-07-22 15:29:21
465,203,24,search,2026-05-27 12:23:50
466,435,62,view,2026-05-28 01:07:35
467,238,22,purchase,2026-05-11 09:31:03
468,245,76,view,2026-07-01 03:35:28
469,135,44,search,2026-07-09 14:30:49
470,416,48,view,2026-07-17 06:03:20
471,303,14,search,2026-06-01 16:40:06
472,226,47,view,2026-06-26 09:55:58
473,294,67,view,2026-06-01 05:09:24
474,335,42,view,2026-05-25 19:44:38
475,459,63,search,2026-05-22 14:31:47
476,160,29,view,2026-05-24 11:32:10
477,378,80,view,2026-06-29 06:55:10
478,308,74,view,2026-07-14 12:41:14
479,69,62,search,2026-05-10 17:06:28
480,29,26,search,2026-07-02 03:05:56
481,206,75,view,2026-07-10 17:56:14
482,22,12,add_to_cart,2026-05-15 02:49:47
483,240,40,view,2026-05-23 05:18:55
484,276,14,view,2026-05-26 12:48:42
485,125,14,view,2026-05-11 13:22:05
486,224,80,add_to_cart,2026-07-13 02:03:53
487,253,61,search,2026-06-14 15:17:33
488,57,31,search,2026-06-07 03:24:30
489,198,6,view,2026-06-23 23:33:43
490,164,20,search,2026-06-26 04:05:13
491,487,14,view,2026-07-08 10:43:50
492,482,12,view,2026-05-29 01:36:49
493,110,59,view,2026-06-15 02:12:53
494,75,90,search,2026-06-09 14:58:10
495,336,8,search,2026-07-14 18:32:51
496,82,97,view,2026-05-21 02:07:35
497,221,17,view,2026-06-13 15:21:51
498,316,72,add_to_cart,2026-05-28 12:41:49
499,244,21,add_to_cart,2026-05-26 20:05:54
500,334,100,view,2026-04-30 09:04:16
501,202,99,search,2026-06-04 01:16:33
502,482,97,view,2026-06-06 15:27:55
503,171,39,add_to_cart,2026-05-08 03:08:06
504,296,91,view,2026-05-27 10:59:35
505,447,86,view,2026-06-25 02:07:47
506,210,94,search,2026-05-30 00:33:59
507,484,41,search,2026-07-15 10:04:35
508,369,37,view,2026-05-07 05:24:46
509,190,79,add_to_cart,2026-05-02 18:24:49
510,492,89,view,2026-05-26 23:21:51
511,16,18,add_to_cart,2026-04-25 07:38:33
512,24,6,view,2026-05-24 12:03:12
513,227,82,view,2026-06-26 13:28:22
514,141,10,purchase,2026-05-07 10:36:41
515,386,15,search,2026-07-18 00:46:42
516,198,9,view,2026-05-26 03:58:53
517,211,62,view,2026-05-14 12:37:42
518,381,82,view,2026-07-05 09:05:14
519,113,88,view,2026-05-24 03:42:50
520,173,67,search,2026-05-31 21:40:24
521,235,76,search,2026-07-03 07:10:50
522,295,19,view,2026-07-16 06:30:07
523,418,29,view,2026-07-20 23:34:38
524,383,57,search,2026-05-23 03:01:39
525,386,53,view,2026-04-25 07:53:37
526,81,47,add_to_cart,2026-07-05 10:28:12
527,426,22,add_to_cart,2026-05-22 15:56:52
528,129,9,search,2026-07-11 21:44:38
529,493,23,search,2026-07-12 03:12:24
530,496,14,search,2026-05-13 04:46:50
531,37,17,view,2026-05-08 14:46:15
532,388,1,search,2026-06-24 07:14:41
533,55,8,view,2026-04-25 11:58:13
534,54,67,view,2026-05-20 04:28:30
535,294,21,view,2026-06-17 09:03:10
536,281,45,view,2026-05-10 17:40:37
537,465,61,view,2026-07-02 06:32:56
538,52,86,view,2026-07-10 02:43:29
539,112,45,view,2026-05-25 20:41:36
540,160,96,purchase,2026-06-18 06:42:45
541,378,35,view,2026-05-31 11:59:05
542,98,74,add_to_cart,2026-05-26 07:22:41
543,90,80,view,2026-07-13 00:02:08
544,470,86,search,2026-05-31 20:08:51
545,396,71,view,2026-05-04 15:19:15
546,239,7,search,2026-05-12 08:20:32
547,433,57,purchase,2026-06-26 08:59:58
548,284,23,view,2026-06-30 11:00:45
549,132,26,view,2026-07-03 08:14:43
550,438,28,add_to_cart,2026-06-27 08:14:41
551,350,24,purchase,2026-07-23 15:00:02
552,17,42,view,2026-05-09 18:41:02
553,345,73,add_to_cart,2026-05-15 11:56:49
554,447,53,add_to_cart,2026-05-04 11:57:56
555,442,55,search,2026-06-27 12:33:29
556,351,10,search,2026-05-17 15:36:54
557,332,71,view,2026-07-20 18:32:20
558,104,42,search,2026-07-01 21:56:08
559,151,74,add_to_cart,2026-06-16 03:44:01
560,126,41,search,2026-05-24 14:53:47
561,164,54,view,2026-07-04 01:56:07
562,388,60,search,2026-07-19 09:27:00
563,296,29,view,2026-06-01 21:00:30
564,177,32,add_to_cart,2026-06-19 03:41:22
565,206,34,add_to_cart,2026-06-19 18:59:15
566,492,100,view,2026-07-03 04:16:33
567,437,15,view,2026-06-07 02:14:35
568,362,75,view,2026-05-12 20:19:28
569,342,23,view,2026-05-10 10:45:26
570,33,43,view,2026-07-21 04:42:45
571,358,60,search,2026-07-22 03:03:39
572,299,93,view,2026-06-11 07:36:26
573,428,42,view,2026-06-17 22:01:23
574,311,32,view,2026-04-27 10:29:19
575,492,87,search,2026-05-04 06:42:52
576,83,47,view,2026-07-10 11:15:34
577,437,7,search,2026-05-11 12:48:04
578,22,6,view,2026-06-17 12:27:51
579,294,78,add_to_cart,2026-06-30 07:35:28
580,282,67,search,2026-07-17 13:26:56
581,340,57,view,2026-05-15 03:45:42
582,419,95,search,2026-07-19 00:09:01
583,227,86,search,2026-05-12 15:20:29
584,144,82,search,2026-07-23 10:50:33
585,36,97,search,2026-07-12 16:54:41
586,466,6,view,2026-05-21 17:09:06
587,189,31,add_to_cart,2026-06-26 08:58:06
588,48,74,add_to_cart,2026-06-19 10:14:03
589,200,15,view,2026-05-28 09:22:03
590,102,27,add_to_cart,2026-06-19 02:27:37
591,55,3,search,2026-06-26 03:09:14
592,345,22,search,2026-07-04 13:32:28
593,352,96,view,2026-04-27 01:03:18
594,55,39,view,2026-05-21 14:56:50
595,393,95,search,2026-04-30 05:09:19
596,366,26,add_to_cart,2026-06-19 16:31:06
597,251,61,view,2026-06-30 09:21:34
598,356,64,view,2026-05-05 21:25:38
599,92,51,view,2026-05-09 08:45:28
600,441,20,view,2026-05-09 23:50:26
601,72,88,add_to_cart,2026-06-08 09:44:32
602,248,60,search,2026-05-08 06:26:04
603,32,15,search,2026-07-06 03:24:59
604,404,12,view,2026-05-31 20:32:31
605,245,14,view,2026-05-12 06:08:21
606,25,16,search,2026-04-27 19:26:03
607,271,18,search,2026-06-27 22:58:31
608,448,68,search,2026-05-18 20:30:48
609,123,80,search,2026-05-15 11:55:31
610,21,38,search,2026-06-05 14:24:33
611,232,44,view,2026-04-26 00:18:24
612,398,23,view,2026-07-18 20:19:20
613,400,39,search,2026-05-04 18:32:08
614,94,98,search,2026-05-11 19:29:26
615,60,12,view,2026-07-10 09:30:53
616,334,88,view,2026-06-14 15:58:19
617,89,44,add_to_cart,2026-06-19 16:14:22
618,400,42,purchase,2026-05-09 06:53:06
619,358,37,view,2026-04-26 08:56:31
620,354,25,search,2026-05-30 07:35:51
621,216,93,view,2026-07-10 12:10:05
622,38,95,search,2026-04-24 19:56:29
623,489,28,search,2026-06-18 22:37:29
624,358,45,view,2026-07-01 03:30:17
625,350,64,add_to_cart,2026-07-09 02:07:05
626,57,30,purchase,2026-05-06 05:32:12
627,90,36,view,2026-05-29 13:37:46
628,329,42,search,2026-06-01 07:41:45
629,192,98,add_to_cart,2026-05-15 07:05:11
630,16,34,add_to_cart,2026-07-19 22:29:23
631,448,100,view,2026-05-08 09:15:21
632,290,7,view,2026-05-29 20:10:08
633,369,21,view,2026-06-17 20:11:48
634,297,36,view,2026-06-21 20:59:17
635,372,8,view,2026-07-03 18:23:20
636,50,56,view,2026-06-21 01:45:16
637,13,53,view,2026-05-06 23:47:15
638,172,68,search,2026-07-21 04:49:23
639,63,44,view,2026-07-17 14:27:21
640,100,88,search,2026-04-25 10:43:05
641,135,90,search,2026-05-22 10:13:17
642,19,32,view,2026-04-26 08:20:54
643,370,47,add_to_cart,2026-06-03 02:02:17
644,299,73,add_to_cart,2026-06-25 19:59:36
645,275,48,view,2026-07-10 02:31:49
646,192,80,view,2026-06-06 16:53:19
647,354,87,search,2026-05-28 12:02:06
648,227,37,view,2026-05-11 10:58:29
649,152,33,view,2026-05-05 01:02:58
650,87,33,view,2026-04-24 23:25:38
651,67,6,search,2026-07-08 09:19:36
652,72,66,view,2026-05-14 19:55:03
653,16,95,search,2026-06-17 11:36:35
654,140,13,view,2026-05-21 12:35:02
655,462,12,view,2026-06-04 20:35:57
656,310,6,search,2026-06-13 21:24:49
657,57,94,search,2026-06-07 04:25:14
658,63,19,search,2026-07-18 00:39:21
659,434,14,purchase,2026-07-02 02:12:29
660,36,60,view,2026-06-13 01:37:59
661,25,53,view,2026-05-18 15:27:18
662,32,60,search,2026-05-26 23:00:07
663,47,7,add_to_cart,2026-05-22 15:30:35
664,221,68,purchase,2026-06-11 11:34:54
665,187,26,add_to_cart,2026-05-11 16:47:44
666,70,91,view,2026-04-26 09:40:31
667,338,56,view,2026-06-15 07:59:34
668,317,87,view,2026-06-05 01:29:59
669,426,55,search,2026-06-11 21:13:51
670,18,27,view,2026-04-25 05:47:58
671,206,26,purchase,2026-07-11 17:42:34
672,470,26,search,2026-05-09 21:55:46
673,491,57,add_to_cart,2026-07-15 02:30:48
674,265,51,view,2026-05-09 04:03:18
675,47,46,search,2026-06-14 15:30:18
676,147,18,search,2026-06-09 19:53:58
677,11,5,view,2026-05-20 12:53:47
678,245,54,view,2026-05-24 20:48:53
679,205,81,search,2026-07-07 00:33:45
680,39,15,view,2026-06-20 20:23:56
681,292,86,view,2026-07-22 10:40:16
682,156,5,view,2026-06-27 07:33:44
683,161,75,view,2026-07-08 07:15:59
684,330,9,add_to_cart,2026-06-18 08:45:42
685,459,90,add_to_cart,2026-06-24 23:34:18
686,422,35,search,2026-05-25 07:10:26
687,153,86,purchase,2026-05-01 02:20:13
688,198,23,view,2026-06-22 23:45:56
689,364,65,view,2026-06-20 23:02:07
690,186,83,add_to_cart,2026-07-13 11:47:18
691,299,51,search,2026-06-15 02:09:30
692,296,82,view,2026-05-01 00:47:55
693,123,60,search,2026-06-30 05:35:23
694,74,54,view,2026-06-17 17:53:53
695,453,38,view,2026-07-21 21:01:52
696,233,13,view,2026-06-10 19:05:21
697,174,7,view,2026-06-19 03:37:46
698,164,32,view,2026-05-11 14:57:58
699,462,42,view,2026-05-15 04:34:35
700,445,89,purchase,2026-06-28 17:38:56
701,354,77,view,2026-06-18 21:40:30
702,70,79,view,2026-04-26 03:13:22
703,39,92,add_to_cart,2026-05-20 08:29:27
704,103,56,add_to_cart,2026-06-27 19:43:25
705,89,4,view,2026-04-29 15:51:18
706,309,59,add_to_cart,2026-06-16 04:38:05
707,107,14,view,2026-04-30 01:02:24
708,100,85,search,2026-04-27 08:58:35
709,379,85,search,2026-05-03 22:36:33
710,327,11,view,2026-06-30 03:42:12
711,425,97,search,2026-06-13 12:20:01
712,357,65,add_to_cart,2026-07-09 10:41:05
713,351,58,add_to_cart,2026-07-20 20:15:50
714,69,11,purchase,2026-04-26 21:17:16
715,441,69,search,2026-06-20 18:22:44
716,177,85,search,2026-07-12 20:53:31
717,500,10,purchase,2026-06-02 10:48:09
718,160,39,search,2026-05-10 07:33:27
719,460,16,view,2026-07-19 04:01:23
720,219,67,search,2026-05-17 08:18:42
721,342,57,purchase,2026-05-31 00:04:36
722,267,2,search,2026-04-30 16:51:59
723,492,4,view,2026-04-29 06:09:55
724,253,61,view,2026-06-28 10:18:53
725,55,24,add_to_cart,2026-05-31 15:06:28
726,337,11,view,2026-06-02 20:39:15
727,54,98,search,2026-05-02 20:52:16
728,99,66,add_to_cart,2026-06-29 04:23:18
729,498,76,view,2026-05-10 18:21:12
730,360,86,view,2026-07-21 11:05:42
731,303,20,view,2026-07-06 17:42:47
732,239,75,add_to_cart,2026-06-28 18:55:04
733,288,86,search,2026-05-20 15:31:47
734,26,76,view,2026-07-02 23:21:42
735,72,34,add_to_cart,2026-05-03 07:08:04
736,480,75,view,2026-05-29 03:21:45
737,258,6,view,2026-06-17 06:57:37
738,385,32,view,2026-05-22 07:06:11
739,406,89,search,2026-05-16 11:19:25
740,206,93,view,2026-05-05 02:24:36
741,472,59,search,2026-07-17 02:39:39
742,489,85,search,2026-06-02 08:50:13
743,113,38,search,2026-07-19 14:43:08
744,362,54,search,2026-05-22 04:35:32
745,365,49,view,2026-05-18 20:28:09
746,434,34,add_to_cart,2026-06-05 09:25:19
747,16,35,view,2026-05-25 00:59:29
748,95,9,view,2026-05-09 13:27:32
749,336,44,view,2026-05-08 12:44:12
750,100,46,search,2026-05-18 07:39:38
751,379,53,view,2026-06-16 18:59:32
752,79,1,search,2026-06-19 10:16:34
753,480,100,view,2026-06-15 14:49:16
754,243,69,search,2026-05-16 20:13:41
755,369,6,add_to_cart,2026-05-08 01:21:53
756,159,51,view,2026-07-06 19:26:04
757,316,57,search,2026-05-01 07:51:43
758,257,3,search,2026-04-30 20:49:02
759,53,39,view,2026-07-14 06:23:37
760,69,76,add_to_cart,2026-07-04 01:53:59
761,153,46,search,2026-06-21 22:26:25
762,384,21,purchase,2026-07-18 11:36:29
763,126,92,view,2026-05-17 07:10:21
764,131,61,search,2026-07-20 13:15:48
765,2,44,view,2026-05-18 20:24:01
766,26,33,view,2026-06-13 07:52:45
767,56,52,view,2026-07-14 07:14:18
768,424,3,add_to_cart,2026-05-29 16:39:32
769,170,97,view,2026-05-08 18:06:27
770,161,16,search,2026-06-05 08:30:43
771,198,84,view,2026-05-13 11:21:47
772,422,38,view,2026-07-10 04:31:50
773,339,54,view,2026-04-30 20:16:49
774,284,97,search,2026-07-20 18:14:03
775,452,9,search,2026-05-07 00:28:25
776,424,34,search,2026-06-19 08:47:41
777,456,70,search,2026-06-16 18:58:29
778,324,94,view,2026-06-02 14:46:15
779,280,71,view,2026-05-21 01:41:56
780,47,57,view,2026-06-13 21:41:33
781,62,29,add_to_cart,2026-06-24 03:42:08
782,114,51,search,2026-05-20 10:37:04
783,327,55,search,2026-06-15 23:37:59
784,371,32,search,2026-06-20 04:40:58
785,241,90,search,2026-06-06 11:08:36
786,195,65,view,2026-05-25 00:53:25
787,417,12,view,2026-06-20 20:01:16
788,160,41,add_to_cart,2026-04-29 11:56:23
789,67,16,search,2026-07-03 20:19:56
790,359,87,view,2026-07-15 17:37:52
791,416,100,view,2026-05-29 18:59:19
792,152,90,add_to_cart,2026-07-20 00:56:23
793,420,6,view,2026-05-01 13:04:01
794,286,11,view,2026-07-04 09:53:05
795,36,30,add_to_cart,2026-06-15 22:16:00
796,456,99,search,2026-06-02 01:12:42
797,128,54,view,2026-06-03 14:16:13
798,429,83,view,2026-06-13 16:19:27
799,347,34,view,2026-06-21 21:58:59
800,33,49,view,2026-04-29 11:35:35
801,14,77,search,2026-06-19 06:50:58
802,189,18,view,2026-06-20 01:24:26
803,154,23,view,2026-07-23 02:00:05
804,229,49,search,2026-05-21 07:27:42
805,478,95,add_to_cart,2026-06-23 06:21:53
806,262,56,view,2026-04-29 13:34:31
807,203,56,view,2026-04-26 02:30:40
808,499,40,view,2026-07-17 17:04:23
809,223,63,search,2026-05-27 17:07:29
810,322,4,search,2026-07-09 16:27:27
811,192,99,view,2026-05-16 03:24:20
812,120,65,add_to_cart,2026-04-27 12:22:59
813,257,17,view,2026-07-09 15:47:26
814,226,34,search,2026-07-18 18:01:22
815,233,17,add_to_cart,2026-05-12 14:34:14
816,467,54,view,2026-05-22 18:55:26
817,32,14,view,2026-05-27 03:20:33
818,362,78,view,2026-07-23 13:17:18
819,32,2,search,2026-06-29 06:32:55
820,257,21,add_to_cart,2026-05-06 04:59:12
821,109,20,view,2026-07-07 16:44:07
822,485,58,view,2026-07-19 06:45:55
823,288,89,search,2026-05-24 20:50:59
824,244,18,search,2026-06-23 06:05:28
825,39,50,view,2026-05-02 09:17:46
826,110,36,search,2026-05-04 09:52:46
827,55,48,add_to_cart,2026-07-16 09:52:06
828,302,33,search,2026-06-13 21:55:14
829,384,50,purchase,2026-04-25 07:19:13
830,461,69,view,2026-06-09 18:55:31
831,353,67,purchase,2026-06-10 10:20:22
832,430,64,purchase,2026-05-07 02:58:42
833,122,11,view,2026-06-21 12:44:01
834,220,57,add_to_cart,2026-07-20 19:50:28
835,8,35,view,2026-07-03 10:46:16
836,248,34,add_to_cart,2026-06-25 17:05:36
837,492,55,view,2026-07-04 15:07:33
838,67,22,view,2026-06-15 01:09:57
839,154,30,search,2026-07-19 14:05:27
840,289,44,view,2026-05-28 06:38:44
841,422,76,search,2026-07-17 19:54:57
842,456,69,view,2026-06-17 12:13:32
843,216,82,view,2026-05-20 09:55:12
844,309,23,view,2026-05-06 16:37:04
845,403,72,search,2026-05-17 06:58:01
846,302,42,add_to_cart,2026-05-29 20:39:01
847,485,97,purchase,2026-05-20 18:22:23
848,29,5,search,2026-06-05 09:15:24
849,157,40,search,2026-05-22 09:38:30
850,392,60,view,2026-05-08 20:25:54
851,122,10,view,2026-05-13 12:03:48
852,97,92,purchase,2026-05-22 10:14:43
853,467,69,search,2026-07-05 05:10:54
854,441,63,search,2026-06-23 23:36:25
855,442,11,view,2026-07-21 04:56:26
856,469,51,search,2026-05-18 07:03:02
857,400,38,search,2026-06-29 14:07:24
858,448,22,view,2026-04-27 16:36:34
859,120,72,search,2026-06-30 05:25:13
860,106,10,add_to_cart,2026-05-29 01:04:46
861,431,2,search,2026-04-30 14:41:05
862,487,9,search,2026-06-01 06:53:40
863,152,6,view,2026-07-03 02:34:07
864,382,25,view,2026-06-22 19:51:23
865,482,30,view,2026-06-16 15:44:45
866,302,19,view,2026-07-20 11:45:10
867,140,43,add_to_cart,2026-07-19 06:09:54
868,191,2,view,2026-07-23 02:45:24
869,424,82,search,2026-06-13 16:24:16
870,40,92,add_to_cart,2026-06-06 11:35:51
871,286,65,view,2026-07-21 13:52:16
872,39,55,view,2026-05-11 10:25:58
873,170,33,view,2026-06-28 18:20:05
874,221,34,view,2026-04-29 21:41:44
875,319,27,add_to_cart,2026-07-19 01:17:56
876,222,89,view,2026-06-22 05:36:40
877,372,28,view,2026-07-09 20:33:43
878,330,14,view,2026-06-30 08:07:02
879,392,97,add_to_cart,2026-07-04 04:49:36
880,402,42,view,2026-06-21 13:16:28
881,77,19,search,2026-06-12 11:35:47
882,308,85,view,2026-06-16 00:42:42
883,443,50,add_to_cart,2026-06-18 20:21:39
884,347,55,purchase,2026-06-14 22:40:37
885,309,100,view,2026-07-19 19:16:47
886,463,89,search,2026-05-24 10:16:04
887,197,62,search,2026-05-07 14:36:44
888,289,14,view,2026-06-07 08:16:20
889,412,18,view,2026-05-17 06:56:41
890,21,12,add_to_cart,2026-06-21 19:00:31
891,323,96,purchase,2026-07-02 16:34:57
892,156,23,view,2026-07-21 12:50:08
893,126,72,search,2026-06-21 05:26:12
894,273,21,search,2026-05-17 20:15:50
895,339,14,view,2026-05-05 15:44:25
896,388,85,search,2026-04-27 15:09:40
897,239,21,add_to_cart,2026-06-18 17:17:28
898,129,23,search,2026-06-13 16:21:42
899,30,92,search,2026-07-23 10:25:26
900,130,22,view,2026-04-29 01:24:40
901,496,15,view,2026-05-17 01:02:43
902,109,1,view,2026-06-30 20:45:27
903,313,50,view,2026-05-31 13:07:59
904,70,6,add_to_cart,2026-06-13 00:36:29
905,380,77,search,2026-06-17 21:32:53
906,487,87,view,2026-06-01 05:03:05
907,75,2,search,2026-07-13 02:44:35
908,185,25,view,2026-07-11 01:52:43
909,55,37,view,2026-07-04 01:16:57
910,143,71,view,2026-05-25 17:08:30
911,390,32,search,2026-05-02 23:14:52
912,353,66,search,2026-07-10 00:58:02
913,291,36,view,2026-07-06 15:11:35
914,465,71,search,2026-05-13 15:24:53
915,197,40,view,2026-06-20 20:50:07
916,197,87,search,2026-04-28 02:18:45
917,3,26,search,2026-04-26 08:26:42
918,278,97,view,2026-05-12 10:02:10
919,3,48,add_to_cart,2026-05-21 19:03:23
920,204,96,search,2026-06-06 04:35:29
921,45,43,view,2026-06-30 14:37:17
922,28,56,view,2026-07-20 18:57:32
923,402,50,view,2026-05-03 15:30:03
924,44,2,add_to_cart,2026-06-01 20:47:18
925,226,39,add_to_cart,2026-07-02 13:03:18
926,54,91,add_to_cart,2026-05-16 12:52:21
927,172,1,add_to_cart,2026-06-16 07:12:22
928,201,13,view,2026-07-13 03:00:40
929,354,35,search,2026-06-09 06:55:16
930,25,67,search,2026-05-30 08:53:44
931,468,72,search,2026-06-05 10:47:34
932,253,71,view,2026-06-17 11:53:03
933,90,49,search,2026-06-18 19:21:28
934,338,80,view,2026-06-01 10:07:56
935,363,59,search,2026-06-14 23:17:04
936,142,70,view,2026-06-17 15:17:08
937,312,82,search,2026-06-09 14:00:57
938,317,88,search,2026-06-10 19:52:51
939,475,79,view,2026-04-27 16:26:44
940,226,76,view,2026-05-29 22:57:44
941,276,10,search,2026-07-20 18:44:19
942,231,3,search,2026-05-17 16:43:23
943,79,3,add_to_cart,2026-05-07 14:16:38
944,260,90,search,2026-05-29 12:26:33
945,276,81,search,2026-06-17 23:47:01
946,115,49,view,2026-05-02 08:21:03
947,332,1,search,2026-07-20 19:58:26
948,342,48,add_to_cart,2026-05-01 18:47:24
949,476,60,view,2026-06-13 06:36:18
950,196,16,view,2026-06-08 01:45:28
951,177,91,view,2026-07-06 07:55:07
952,87,63,view,2026-06-22 04:06:36
953,114,10,view,2026-06-29 01:12:18
954,485,83,search,2026-05-21 22:16:46
955,55,78,search,2026-06-02 19:41:00
956,87,56,view,2026-05-10 12:13:25
957,90,78,add_to_cart,2026-05-27 03:57:39
958,308,76,view,2026-04-29 21:28:47
959,492,91,add_to_cart,2026-07-22 09:28:04
960,163,93,search,2026-05-20 13:49:14
961,82,14,add_to_cart,2026-05-28 08:43:28
962,412,38,view,2026-07-14 15:06:53
963,28,41,view,2026-06-12 19:39:18
964,79,1,add_to_cart,2026-05-08 10:51:50
965,79,47,view,2026-04-24 17:12:11
966,429,74,view,2026-07-05 00:08:41
967,30,9,search,2026-05-16 00:40:01
968,426,44,view,2026-04-29 20:11:24
969,279,22,view,2026-05-07 21:59:35
970,170,61,purchase,2026-06-12 13:21:58
971,102,72,search,2026-07-19 20:54:34
972,435,36,view,2026-05-03 08:21:06
973,292,67,search,2026-07-22 07:08:24
974,498,67,view,2026-06-30 14:11:31
975,161,92,view,2026-05-03 10:59:06
976,86,54,view,2026-06-16 08:35:01
977,483,99,view,2026-06-10 10:58:06
978,38,8,search,2026-06-18 07:41:02
979,385,90,search,2026-04-30 10:32:44
980,54,15,search,2026-04-24 19:27:05
981,365,23,add_to_cart,2026-07-19 17:22:40
982,490,14,purchase,2026-06-27 11:50:10
983,52,41,view,2026-05-02 13:30:14
984,452,6,search,2026-05-16 18:58:17
985,498,57,view,2026-06-19 00:07:12
986,86,26,view,2026-06-08 14:28:27
987,41,56,search,2026-06-29 18:42:26
988,9,1,purchase,2026-05-19 14:34:35
989,424,84,view,2026-06-12 15:53:09
990,343,40,search,2026-05-26 11:33:35
991,423,38,view,2026-06-26 10:01:25
992,90,73,search,2026-06-03 19:53:50
993,356,72,search,2026-07-17 17:08:02
994,250,45,view,2026-05-19 16:07:35
995,170,61,search,2026-06-03 20:23:55
996,442,12,purchase,2026-07-10 16:57:31
997,435,66,add_to_cart,2026-06-09 17:52:33
998,125,40,add_to_cart,2026-05-02 17:37:56
999,131,99,search,2026-05-01 13:51:30
1000,21,34,view,2026-05-09 15:16:33
1001,217,100,search,2026-06-23 00:16:03
1002,245,29,search,2026-05-01 09:11:32
1003,283,38,view,2026-07-19 07:27:05
1004,476,94,view,2026-05-19 13:39:46
1005,314,98,add_to_cart,2026-05-18 04:51:39
1006,209,20,view,2026-04-30 13:58:46
1007,246,35,purchase,2026-06-05 23:40:03
1008,22,96,view,2026-05-13 12:32:45
1009,353,71,view,2026-07-03 09:32:05
1010,154,39,add_to_cart,2026-06-12 14:01:17
1011,121,71,view,2026-05-11 21:12:50
1012,198,30,view,2026-07-11 04:03:18
1013,379,39,view,2026-05-08 02:23:27
1014,323,7,view,2026-04-29 20:43:49
1015,271,57,add_to_cart,2026-07-02 03:06:11
1016,30,51,view,2026-06-23 21:28:26
1017,207,46,view,2026-06-02 06:17:31
1018,100,27,search,2026-07-04 12:11:20
1019,6,77,view,2026-05-27 01:43:18
1020,465,42,view,2026-06-11 14:43:50
1021,379,90,view,2026-04-27 09:16:20
1022,401,77,view,2026-05-17 09:19:16
1023,60,11,purchase,2026-06-08 15:13:47
1024,472,65,add_to_cart,2026-05-03 21:51:21
1025,360,88,view,2026-05-26 14:36:03
1026,489,38,search,2026-06-06 22:25:05
1027,413,50,view,2026-07-01 22:27:52
1028,110,22,search,2026-06-03 03:23:46
1029,433,80,view,2026-05-17 09:52:23
1030,197,35,search,2026-05-02 18:49:59
1031,413,23,purchase,2026-07-20 09:49:46
1032,49,86,view,2026-06-06 05:03:48
1033,196,73,view,2026-04-30 11:45:19
1034,7,21,add_to_cart,2026-07-07 10:55:59
1035,492,90,add_to_cart,2026-05-02 09:00:16
1036,199,15,view,2026-07-17 11:35:10
1037,434,24,add_to_cart,2026-05-28 09:41:13
1038,485,84,search,2026-06-20 19:40:04
1039,159,57,search,2026-06-23 16:15:20
1040,210,5,view,2026-04-28 23:10:59
1041,296,13,search,2026-07-02 01:55:48
1042,118,17,view,2026-06-17 04:23:21
1043,30,46,search,2026-06-20 23:35:53
1044,406,47,search,2026-07-22 09:33:59
1045,141,86,search,2026-05-01 02:17:59
1046,29,2,purchase,2026-05-22 15:47:25
1047,407,80,view,2026-05-24 05:34:41
1048,468,93,view,2026-06-30 16:56:46
1049,347,16,view,2026-05-28 12:26:56
1050,79,5,add_to_cart,2026-06-05 07:19:29
1051,28,65,search,2026-07-07 12:43:42
1052,173,9,view,2026-05-23 19:51:36
1053,376,79,add_to_cart,2026-05-16 04:55:02
1054,393,44,add_to_cart,2026-06-23 13:50:32
1055,109,70,view,2026-07-07 11:54:31
1056,454,32,add_to_cart,2026-06-30 07:36:53
1057,339,44,view,2026-05-29 19:03:30
1058,237,10,view,2026-06-03 06:44:17
1059,293,73,add_to_cart,2026-04-25 23:27:57
1060,386,3,view,2026-06-05 07:28:34
1061,328,8,view,2026-06-01 06:30:15
1062,433,57,view,2026-04-28 23:47:44
1063,472,90,add_to_cart,2026-06-10 05:10:13
1064,301,35,search,2026-05-06 21:02:47
1065,432,28,search,2026-06-19 01:54:02
1066,176,40,search,2026-05-31 02:48:05
1067,137,3,view,2026-06-11 08:39:12
1068,278,49,search,2026-07-15 21:34:32
1069,99,43,view,2026-05-15 20:57:34
1070,101,82,view,2026-04-25 18:49:10
1071,44,64,view,2026-05-31 13:19:14
1072,196,33,view,2026-06-01 16:32:14
1073,114,37,view,2026-06-15 20:55:07
1074,157,24,search,2026-06-24 15:47:35
1075,115,85,add_to_cart,2026-07-01 21:54:12
1076,472,20,view,2026-05-16 04:46:47
1077,192,43,add_to_cart,2026-05-01 11:34:36
1078,9,95,search,2026-06-19 04:19:41
1079,24,83,add_to_cart,2026-06-04 15:49:17
1080,407,6,view,2026-04-25 06:09:13
1081,383,98,purchase,2026-06-17 16:08:10
1082,250,66,view,2026-04-26 01:33:15
1083,95,15,view,2026-06-01 19:50:38
1084,270,29,search,2026-06-23 13:03:57
1085,5,37,add_to_cart,2026-05-27 04:31:48
1086,277,43,search,2026-06-18 07:57:03
1087,333,70,view,2026-07-16 22:30:18
1088,338,24,view,2026-06-21 07:49:41
1089,445,76,search,2026-05-24 23:20:23
1090,104,51,view,2026-07-15 13:46:35
1091,147,54,search,2026-07-19 08:58:54
1092,111,2,add_to_cart,2026-05-08 10:41:57
1093,278,48,view,2026-05-12 19:43:40
1094,46,33,view,2026-06-08 16:47:07
1095,14,89,search,2026-04-24 19:37:06
1096,270,15,view,2026-05-28 03:13:38
1097,101,29,search,2026-06-17 04:21:25
1098,5,24,view,2026-07-01 17:10:03
1099,106,13,search,2026-06-22 17:47:27
1100,437,85,view,2026-05-28 22:36:46
1101,314,16,search,2026-07-22 01:11:26
1102,294,93,view,2026-05-30 06:00:04
1103,338,13,view,2026-07-08 17:49:18
1104,69,65,view,2026-06-15 16:56:16
1105,227,43,search,2026-05-02 15:05:37
1106,439,76,add_to_cart,2026-06-18 22:52:09
1107,453,60,search,2026-06-09 09:16:41
1108,104,91,search,2026-05-31 18:31:58
1109,333,67,view,2026-04-29 14:22:16
1110,454,99,view,2026-05-17 15:45:27
1111,289,69,search,2026-07-01 14:41:53
1112,362,28,view,2026-05-31 03:53:40
1113,364,20,search,2026-06-20 04:57:01
1114,289,23,add_to_cart,2026-05-21 12:26:47
1115,205,40,add_to_cart,2026-06-27 12:48:47
1116,57,66,view,2026-07-03 20:20:04
1117,458,62,view,2026-04-29 22:49:50
1118,110,71,view,2026-05-23 07:24:08
1119,321,17,search,2026-07-15 03:20:01
1120,140,18,search,2026-05-09 19:22:21
1121,35,33,view,2026-05-21 18:35:00
1122,293,36,search,2026-07-04 16:44:46
1123,82,96,add_to_cart,2026-07-06 07:29:52
1124,67,9,view,2026-05-29 15:41:33
1125,345,78,search,2026-07-01 18:44:40
1126,7,87,view,2026-06-24 14:46:58
1127,443,2,view,2026-06-25 06:29:26
1128,128,7,view,2026-07-03 01:43:13
1129,422,20,view,2026-05-07 10:46:50
1130,81,92,view,2026-05-29 14:00:01
1131,80,90,add_to_cart,2026-05-18 08:55:18
1132,227,92,view,2026-07-20 22:44:38
1133,470,98,view,2026-05-03 19:01:06
1134,252,43,add_to_cart,2026-06-03 05:48:29
1135,156,51,view,2026-06-29 22:39:37
1136,34,45,search,2026-06-21 11:12:38
1137,141,57,view,2026-05-29 06:16:22
1138,242,75,view,2026-06-15 20:59:20
1139,136,17,search,2026-06-30 02:24:02
1140,13,84,view,2026-06-21 19:00:11
1141,53,54,search,2026-07-12 15:22:59
1142,416,96,view,2026-05-23 16:42:19
1143,231,78,view,2026-05-10 03:50:27
1144,350,96,purchase,2026-05-15 21:26:01
1145,74,4,view,2026-07-15 11:24:20
1146,447,70,add_to_cart,2026-05-01 04:54:18
1147,372,50,view,2026-05-09 08:32:03
1148,339,11,add_to_cart,2026-05-14 10:08:30
1149,72,54,view,2026-06-12 08:40:45
1150,33,47,view,2026-07-19 14:47:25
1151,225,54,add_to_cart,2026-07-21 19:28:57
1152,240,59,purchase,2026-07-18 20:38:58
1153,24,50,view,2026-06-01 23:09:02
1154,97,11,search,2026-07-11 18:56:27
1155,240,47,view,2026-05-24 03:33:39
1156,348,37,search,2026-07-09 18:06:08
1157,157,39,search,2026-06-06 12:36:29
1158,260,51,purchase,2026-06-30 04:53:44
1159,191,78,search,2026-07-03 08:26:39
1160,137,73,view,2026-04-25 12:57:07
1161,189,83,search,2026-05-10 22:50:23
1162,276,25,view,2026-05-11 02:43:40
1163,235,18,view,2026-07-14 16:28:35
1164,72,12,view,2026-05-08 23:15:55
1165,157,28,search,2026-06-28 07:42:22
1166,87,95,view,2026-06-27 06:15:51
1167,333,90,view,2026-06-29 02:26:39
1168,95,13,search,2026-07-16 06:03:19
1169,308,82,add_to_cart,2026-04-28 12:36:56
1170,320,95,view,2026-06-21 09:27:28
1171,416,80,view,2026-06-24 04:13:53
1172,247,19,search,2026-07-04 00:55:50
1173,195,92,view,2026-06-22 00:59:31
1174,342,88,view,2026-05-16 03:06:14
1175,124,72,view,2026-05-17 22:57:17
1176,83,93,purchase,2026-05-22 01:32:52
1177,279,24,add_to_cart,2026-06-28 10:36:33
1178,34,47,search,2026-05-16 13:08:46
1179,151,34,add_to_cart,2026-07-12 20:42:00
1180,20,89,view,2026-05-02 08:24:43
1181,427,47,add_to_cart,2026-06-15 01:43:31
1182,300,52,view,2026-07-03 11:54:43
1183,164,48,add_to_cart,2026-07-09 06:46:34
1184,438,50,add_to_cart,2026-06-18 10:36:49
1185,406,35,view,2026-07-11 00:01:46
1186,276,52,search,2026-07-20 14:21:47
1187,434,35,search,2026-07-21 05:40:48
1188,382,43,add_to_cart,2026-05-29 17:04:12
1189,146,56,view,2026-06-09 13:20:22
1190,166,51,view,2026-07-04 09:44:07
1191,357,100,search,2026-07-12 01:15:32
1192,37,56,view,2026-05-21 22:20:27
1193,79,11,view,2026-05-22 10:26:33
1194,226,3,search,2026-07-21 21:27:27
1195,6,74,view,2026-07-15 03:32:28
1196,371,40,search,2026-07-12 19:36:13
1197,211,24,search,2026-06-21 13:42:46
1198,91,42,search,2026-05-30 18:03:24
1199,344,49,view,2026-07-15 16:16:55
1200,271,24,view,2026-07-23 06:57:49
1201,146,2,view,2026-05-21 12:36:59
1202,86,31,view,2026-07-03 08:44:05
1203,353,16,view,2026-06-01 01:43:27
1204,75,37,view,2026-06-28 12:54:36
1205,163,84,search,2026-05-13 16:24:26
1206,152,21,add_to_cart,2026-07-12 23:49:33
1207,71,39,search,2026-07-19 17:53:45
1208,194,28,search,2026-04-30 03:10:11
1209,275,73,view,2026-06-27 13:48:45
1210,467,59,view,2026-07-21 19:35:50
1211,412,3,view,2026-06-26 09:27:25
1212,416,94,view,2026-06-15 05:59:07
1213,500,46,add_to_cart,2026-05-08 12:09:07
1214,74,11,view,2026-06-17 00:17:02
1215,271,12,add_to_cart,2026-06-17 18:55:19
1216,171,41,view,2026-05-29 22:19:32
1217,496,85,view,2026-07-20 17:30:04
1218,110,56,add_to_cart,2026-06-12 18:55:44
1219,485,59,view,2026-07-15 16:03:13
1220,412,84,add_to_cart,2026-06-12 01:36:51
1221,29,15,view,2026-06-26 02:55:50
1222,102,83,add_to_cart,2026-06-29 09:53:57
1223,14,89,search,2026-07-11 01:20:59
1224,211,95,add_to_cart,2026-05-16 07:40:26
1225,270,60,view,2026-06-19 18:16:43
1226,260,52,search,2026-06-03 04:49:43
1227,117,25,view,2026-05-05 12:49:02
1228,170,8,search,2026-04-29 05:44:36
1229,462,81,search,2026-07-12 20:49:38
1230,97,57,add_to_cart,2026-04-30 19:35:11
1231,14,48,view,2026-06-14 02:45:16
1232,397,6,view,2026-07-23 02:37:20
1233,95,62,add_to_cart,2026-05-12 00:15:14
1234,439,17,view,2026-05-12 19:11:30
1235,199,60,search,2026-05-13 15:08:08
1236,74,55,view,2026-05-23 22:43:51
1237,138,74,search,2026-05-06 16:38:45
1238,466,28,search,2026-06-15 01:55:21
1239,489,81,search,2026-06-11 17:02:36
1240,103,5,view,2026-05-13 22:42:15
1241,231,80,view,2026-07-02 13:35:15
1242,97,67,search,2026-05-11 19:11:42
1243,435,4,search,2026-05-12 19:36:27
1244,344,93,search,2026-06-10 18:21:13
1245,476,32,view,2026-07-03 12:46:15
1246,228,79,view,2026-07-20 10:29:16
1247,397,88,view,2026-05-17 11:47:30
1248,93,22,view,2026-07-01 00:23:33
1249,467,57,view,2026-06-23 12:19:32
1250,118,67,search,2026-05-11 15:13:28
1251,2,37,view,2026-06-09 16:49:08
1252,418,89,add_to_cart,2026-07-09 14:34:59
1253,135,46,view,2026-05-16 17:09:51
1254,256,55,view,2026-05-28 16:38:21
1255,20,61,view,2026-07-21 19:27:07
1256,30,71,purchase,2026-04-29 03:13:40
1257,307,24,view,2026-06-12 01:05:56
1258,479,16,search,2026-07-12 01:20:05
1259,100,26,view,2026-05-04 06:58:47
1260,9,63,view,2026-06-02 04:48:01
1261,60,46,search,2026-07-13 16:15:01
1262,332,29,add_to_cart,2026-06-17 21:56:18
1263,410,72,search,2026-05-12 11:12:51
1264,427,12,purchase,2026-06-11 13:49:23
1265,401,81,view,2026-07-02 09:32:34
1266,462,34,search,2026-05-19 18:52:32
1267,473,52,view,2026-05-26 04:45:45
1268,269,97,view,2026-05-08 19:16:55
1269,129,28,purchase,2026-05-09 13:01:57
1270,90,21,add_to_cart,2026-06-13 01:37:19
1271,10,82,view,2026-06-22 16:28:18
1272,183,33,purchase,2026-05-28 07:32:49
1273,335,86,add_to_cart,2026-06-18 16:06:29
1274,97,92,add_to_cart,2026-06-30 05:59:29
1275,380,24,view,2026-05-29 01:19:58
1276,246,8,view,2026-07-13 10:15:11
1277,371,44,view,2026-06-27 09:51:40
1278,30,50,view,2026-07-20 19:25:47
1279,382,93,view,2026-07-11 06:15:21
1280,151,9,add_to_cart,2026-05-05 20:25:32
1281,319,8,view,2026-06-30 02:08:15
1282,483,63,view,2026-07-14 01:40:46
1283,143,1,view,2026-05-25 07:39:34
1284,140,72,add_to_cart,2026-07-08 16:20:54
1285,75,84,search,2026-05-09 03:05:05
1286,8,85,view,2026-07-08 22:24:09
1287,235,23,view,2026-04-30 06:39:16
1288,306,37,search,2026-05-16 23:13:33
1289,342,93,view,2026-05-30 04:26:48
1290,235,9,view,2026-05-21 14:09:57
1291,480,61,view,2026-05-25 15:02:05
1292,154,73,view,2026-05-11 15:09:46
1293,376,85,view,2026-05-03 02:34:10
1294,259,93,view,2026-05-02 05:38:00
1295,338,99,add_to_cart,2026-05-27 22:29:38
1296,204,55,view,2026-06-19 00:16:06
1297,403,12,search,2026-05-31 05:08:50
1298,356,28,search,2026-06-07 11:38:22
1299,328,64,view,2026-05-12 15:49:22
1300,35,62,add_to_cart,2026-07-12 11:18:08
1301,87,3,view,2026-06-05 21:44:43
1302,100,86,view,2026-06-24 04:10:21
1303,392,64,view,2026-07-04 11:40:15
1304,398,12,view,2026-05-01 19:50:35
1305,125,74,view,2026-07-03 06:31:00
1306,260,80,view,2026-06-15 08:39:55
1307,339,83,view,2026-04-28 05:43:46
1308,338,67,view,2026-05-01 21:56:39
1309,103,55,view,2026-06-10 16:33:59
1310,141,11,search,2026-07-08 12:26:09
1311,114,17,view,2026-06-01 12:26:13
1312,406,98,view,2026-05-27 15:15:56
1313,422,74,purchase,2026-06-15 15:09:16
1314,373,61,search,2026-06-04 12:33:47
1315,217,31,add_to_cart,2026-05-14 21:44:52
1316,380,88,search,2026-07-22 15:07:50
1317,423,89,view,2026-05-05 21:42:07
1318,361,12,search,2026-05-31 19:43:29
1319,204,40,view,2026-06-13 11:15:33
1320,404,93,search,2026-06-25 13:13:32
1321,207,24,view,2026-05-08 18:18:38
1322,28,21,view,2026-05-01 10:25:57
1323,217,4,search,2026-06-10 22:11:56
1324,490,49,view,2026-05-22 04:00:21
1325,337,82,view,2026-07-23 04:41:12
1326,173,62,view,2026-04-29 13:26:02
1327,2,18,view,2026-06-18 04:53:51
1328,281,51,view,2026-06-16 14:26:01
1329,400,98,view,2026-06-02 15:15:28
1330,186,74,view,2026-06-07 09:57:39
1331,194,12,view,2026-05-14 06:08:20
1332,235,45,view,2026-04-27 23:45:43
1333,158,43,view,2026-06-03 04:45:18
1334,151,46,view,2026-05-16 03:04:30
1335,284,26,view,2026-07-05 11:19:25
1336,235,35,search,2026-06-23 13:30:51
1337,115,60,view,2026-05-05 09:10:12
1338,382,73,search,2026-05-08 01:07:03
1339,340,90,view,2026-05-25 21:16:11
1340,127,7,search,2026-06-21 08:10:00
1341,282,93,view,2026-05-30 10:34:46
1342,216,15,view,2026-05-10 08:27:24
1343,280,53,search,2026-06-05 03:01:59
1344,187,31,purchase,2026-07-16 13:27:13
1345,196,79,view,2026-06-14 15:16:55
1346,372,72,add_to_cart,2026-07-07 20:01:49
1347,207,79,view,2026-07-23 06:52:57
1348,172,53,search,2026-05-18 18:58:30
1349,186,43,search,2026-07-18 15:09:52
1350,183,96,view,2026-07-02 13:14:11
1351,158,10,search,2026-05-24 08:35:03
1352,366,16,view,2026-06-22 07:16:23
1353,353,32,search,2026-05-18 06:01:46
1354,427,34,view,2026-06-07 11:42:43
1355,173,29,search,2026-05-20 21:21:58
1356,248,34,view,2026-07-07 09:49:25
1357,407,85,search,2026-05-11 08:18:22
1358,92,29,view,2026-05-26 13:47:41
1359,301,54,view,2026-07-03 21:39:25
1360,288,93,add_to_cart,2026-06-19 14:21:07
1361,402,69,search,2026-07-19 09:03:18
1362,313,75,add_to_cart,2026-05-20 21:17:42
1363,60,32,view,2026-04-25 11:38:49
1364,461,74,view,2026-04-30 15:40:36
1365,418,23,view,2026-06-10 04:35:59
1366,461,6,view,2026-05-23 23:16:40
1367,311,45,view,2026-06-24 21:45:37
1368,429,53,view,2026-06-09 14:20:25
1369,486,75,view,2026-07-09 05:20:27
1370,79,5,view,2026-04-28 21:03:02
1371,189,36,search,2026-07-16 01:38:32
1372,190,49,add_to_cart,2026-05-09 02:48:56
1373,436,79,view,2026-04-30 00:18:23
1374,17,19,add_to_cart,2026-07-18 15:07:26
1375,219,14,view,2026-05-05 20:33:42
1376,126,94,add_to_cart,2026-05-27 01:44:58
1377,240,46,search,2026-06-21 11:17:30
1378,239,25,view,2026-05-27 11:13:04
1379,378,87,add_to_cart,2026-04-24 22:27:35
1380,333,56,purchase,2026-05-02 08:52:05
1381,343,79,view,2026-05-01 09:20:25
1382,160,91,view,2026-05-23 16:15:17
1383,117,34,search,2026-06-02 05:05:13
1384,237,29,view,2026-05-16 08:16:29
1385,324,71,view,2026-07-19 15:18:10
1386,126,38,add_to_cart,2026-05-13 04:56:37
1387,247,21,add_to_cart,2026-07-05 15:23:39
1388,86,5,add_to_cart,2026-05-13 15:13:04
1389,194,59,view,2026-05-20 10:50:35
1390,247,27,search,2026-04-26 12:40:26
1391,189,30,search,2026-07-03 01:16:51
1392,347,54,search,2026-07-01 00:12:34
1393,406,85,view,2026-07-13 11:25:18
1394,323,4,view,2026-07-10 13:19:10
1395,392,41,search,2026-07-20 19:39:25
1396,90,73,add_to_cart,2026-05-31 17:51:20
1397,456,75,purchase,2026-05-09 13:33:19
1398,489,84,view,2026-06-28 01:10:50
1399,293,57,add_to_cart,2026-04-30 23:09:02
1400,282,34,view,2026-04-28 08:32:08
1401,189,27,add_to_cart,2026-04-30 09:14:56
1402,98,30,search,2026-07-10 13:05:55
1403,224,7,view,2026-07-12 20:18:16
1404,335,79,add_to_cart,2026-06-04 16:40:56
1405,239,44,view,2026-07-06 16:25:52
1406,209,94,add_to_cart,2026-07-23 06:07:59
1407,460,21,view,2026-05-07 16:05:03
1408,312,20,search,2026-05-17 09:47:32
1409,6,18,view,2026-05-26 18:27:27
1410,244,74,purchase,2026-05-15 15:16:26
1411,126,2,view,2026-05-16 00:26:21
1412,123,33,view,2026-06-06 12:36:12
1413,39,94,search,2026-06-28 19:02:15
1414,259,59,view,2026-07-12 21:58:42
1415,7,57,add_to_cart,2026-05-08 11:55:56
1416,470,62,search,2026-05-28 10:30:00
1417,454,41,view,2026-07-06 08:56:34
1418,34,23,view,2026-05-30 15:40:42
1419,129,8,view,2026-07-21 10:23:44
1420,108,30,search,2026-06-17 16:56:05
1421,467,34,add_to_cart,2026-05-11 06:39:06
1422,143,4,view,2026-07-03 07:11:02
1423,482,17,view,2026-06-16 03:46:50
1424,185,59,view,2026-07-11 08:09:33
1425,348,95,search,2026-07-22 18:27:30
1426,467,3,view,2026-07-03 09:25:19
1427,102,21,search,2026-05-07 13:34:55
1428,183,7,add_to_cart,2026-04-30 09:21:08
1429,267,93,view,2026-07-14 10:11:24
1430,159,85,add_to_cart,2026-06-08 14:55:38
1431,439,100,purchase,2026-07-14 11:03:21
1432,287,83,search,2026-06-11 18:56:34
1433,200,34,view,2026-06-24 03:07:19
1434,478,77,add_to_cart,2026-05-12 11:11:42
1435,163,7,view,2026-06-25 19:56:49
1436,324,30,search,2026-07-23 01:58:39
1437,268,20,search,2026-06-09 06:17:08
1438,379,19,view,2026-07-18 09:27:27
1439,37,24,view,2026-06-21 20:21:36
1440,24,75,search,2026-05-28 00:52:24
1441,235,51,search,2026-05-22 01:34:49
1442,430,33,add_to_cart,2026-07-04 01:45:04
1443,446,19,add_to_cart,2026-06-10 20:16:59
1444,153,81,view,2026-06-19 09:11:17
1445,466,10,search,2026-05-04 09:26:54
1446,81,11,view,2026-04-29 06:55:12
1447,74,68,view,2026-06-13 13:37:58
1448,25,31,search,2026-06-30 13:03:23
1449,332,54,add_to_cart,2026-07-05 19:47:16
1450,369,7,search,2026-07-20 04:54:17
1451,44,59,add_to_cart,2026-07-17 11:53:22
1452,292,38,search,2026-07-11 04:23:27
1453,379,29,search,2026-05-28 22:29:48
1454,62,76,purchase,2026-06-23 15:21:33
1455,154,89,view,2026-06-21 18:54:58
1456,198,95,add_to_cart,2026-07-07 22:03:05
1457,67,64,view,2026-05-11 18:00:45
1458,90,64,add_to_cart,2026-07-06 09:02:56
1459,157,32,view,2026-06-07 19:53:53
1460,113,21,view,2026-07-16 22:22:38
1461,177,20,view,2026-05-31 04:27:37
1462,110,49,search,2026-06-30 05:27:29
1463,492,34,search,2026-06-26 10:27:52
1464,233,25,add_to_cart,2026-07-05 13:28:28
1465,443,1,search,2026-07-12 23:32:13
1466,122,26,purchase,2026-05-23 07:07:39
1467,189,57,add_to_cart,2026-07-14 15:17:22
1468,11,40,search,2026-06-14 01:24:18
1469,300,66,search,2026-07-23 06:31:20
1470,205,2,view,2026-04-26 17:33:04
1471,488,22,view,2026-05-31 00:59:22
1472,369,88,view,2026-06-12 23:35:29
1473,415,45,view,2026-07-08 02:10:38
1474,196,25,search,2026-06-07 05:25:53
1475,299,33,search,2026-07-21 11:00:24
1476,113,51,view,2026-06-27 14:09:19
1477,129,21,add_to_cart,2026-06-21 17:52:45
1478,447,41,view,2026-05-20 17:33:50
1479,114,58,add_to_cart,2026-06-09 17:56:47
1480,199,22,view,2026-05-29 12:52:33
1481,339,20,view,2026-05-02 12:45:51
1482,243,45,search,2026-05-08 11:23:09
1483,491,78,view,2026-06-27 05:16:15
1484,225,74,search,2026-05-10 00:27:15
1485,95,76,view,2026-05-01 15:17:09
1486,201,99,view,2026-04-28 19:01:30
1487,95,76,view,2026-07-07 06:02:59
1488,400,90,search,2026-05-17 07:02:18
1489,265,32,view,2026-07-03 15:15:09
1490,492,20,search,2026-05-11 10:41:25
1491,373,93,view,2026-07-07 21:11:00
1492,112,6,view,2026-05-02 02:08:56
1493,207,85,view,2026-06-13 15:38:06
1494,16,83,search,2026-05-27 16:29:08
1495,57,25,view,2026-05-05 02:19:03
1496,136,84,search,2026-07-16 08:48:42
1497,24,6,view,2026-06-15 14:22:47
1498,136,91,add_to_cart,2026-04-30 22:44:00
1499,499,83,view,2026-07-16 06:52:43
1500,95,13,add_to_cart,2026-05-11 11:56:15
1501,475,10,view,2026-05-23 10:57:37
1502,307,85,add_to_cart,2026-05-05 15:33:40
1503,430,48,search,2026-07-18 03:40:46
1504,262,70,view,2026-06-12 04:59:20
1505,244,39,add_to_cart,2026-05-04 19:21:18
1506,462,75,view,2026-05-26 10:21:58
1507,161,72,search,2026-06-01 12:34:36
1508,194,40,search,2026-07-14 23:48:45
1509,404,1,view,2026-06-01 09:47:21
1510,110,73,add_to_cart,2026-07-22 14:29:07
1511,299,57,search,2026-06-10 08:34:16
1512,151,41,search,2026-07-09 01:07:43
1513,445,50,search,2026-05-22 01:37:50
1514,243,96,view,2026-07-06 01:51:58
1515,72,77,view,2026-05-07 06:21:17
1516,133,38,search,2026-05-05 13:33:29
1517,365,19,search,2026-06-06 01:17:29
1518,491,19,view,2026-05-13 11:30:05
1519,113,3,view,2026-04-30 22:06:28
1520,28,37,view,2026-05-19 06:26:38
1521,319,28,search,2026-05-05 15:49:46
1522,172,94,view,2026-06-13 07:57:49
1523,339,99,add_to_cart,2026-07-17 18:37:02
1524,69,12,view,2026-06-23 10:06:32
1525,271,20,add_to_cart,2026-06-03 03:41:43
1526,353,79,search,2026-06-23 05:22:34
1527,170,74,search,2026-05-04 02:00:15
1528,392,21,search,2026-05-14 01:08:37
1529,67,95,search,2026-04-30 05:54:41
1530,134,56,view,2026-04-26 17:50:51
1531,445,89,search,2026-07-02 06:41:50
1532,3,8,view,2026-05-13 19:25:31
1533,452,21,search,2026-05-13 11:41:48
1534,326,51,view,2026-05-04 01:35:57
1535,3,42,search,2026-05-26 10:10:54
1536,491,23,view,2026-07-19 18:16:50
1537,318,31,search,2026-04-24 21:30:51
1538,218,71,search,2026-07-23 12:14:45
1539,252,79,view,2026-07-09 06:45:22
1540,338,99,search,2026-04-30 12:02:08
1541,273,51,search,2026-06-05 16:09:00
1542,102,59,search,2026-05-18 09:46:31
1543,138,23,add_to_cart,2026-07-20 01:49:44
1544,127,65,search,2026-06-01 03:01:32
1545,404,27,view,2026-06-10 16:03:09
1546,247,96,view,2026-05-27 08:30:59
1547,382,15,add_to_cart,2026-06-16 08:47:03
1548,492,97,add_to_cart,2026-06-02 18:55:55
1549,110,51,view,2026-05-18 18:33:07
1550,262,71,view,2026-07-09 03:32:10
1551,64,1,purchase,2026-05-13 03:29:42
1552,98,85,search,2026-05-09 22:33:04
1553,124,29,search,2026-05-09 12:04:23
1554,58,87,search,2026-06-13 01:01:27
1555,441,29,view,2026-05-12 20:25:06
1556,280,95,search,2026-07-16 20:00:29
1557,37,68,view,2026-07-02 11:23:48
1558,463,95,add_to_cart,2026-04-26 15:09:48
1559,246,62,view,2026-05-03 22:21:43
1560,392,6,view,2026-06-24 19:05:10
1561,436,48,add_to_cart,2026-05-10 22:18:42
1562,5,82,add_to_cart,2026-06-15 23:13:10
1563,313,13,add_to_cart,2026-07-12 15:59:53
1564,164,32,search,2026-06-24 00:29:31
1565,80,60,search,2026-06-03 11:51:06
1566,71,59,add_to_cart,2026-07-01 04:02:51
1567,67,46,purchase,2026-06-04 09:24:01
1568,347,69,search,2026-06-16 05:43:27
1569,419,39,view,2026-06-12 00:16:13
1570,111,95,search,2026-07-03 05:54:22
1571,500,94,view,2026-06-01 15:39:58
1572,229,48,search,2026-07-13 12:24:09
1573,243,69,view,2026-05-11 07:05:20
1574,366,46,search,2026-05-03 20:33:54
1575,87,42,view,2026-05-24 14:51:54
1576,370,65,search,2026-07-20 05:29:46
1577,102,44,view,2026-06-22 04:37:28
1578,167,86,view,2026-06-25 12:07:30
1579,6,98,view,2026-05-23 15:07:44
1580,86,75,add_to_cart,2026-04-26 21:25:53
1581,270,35,search,2026-05-08 13:37:17
1582,463,80,view,2026-06-21 00:28:48
1583,190,9,search,2026-06-19 10:47:53
1584,371,51,view,2026-06-18 07:37:55
1585,3,71,search,2026-06-08 02:36:39
1586,192,88,search,2026-05-19 11:02:41
1587,335,46,search,2026-07-16 07:07:19
1588,342,37,view,2026-05-02 00:26:54
1589,306,25,add_to_cart,2026-07-11 13:48:59
1590,303,39,view,2026-06-08 13:42:01
1591,150,37,add_to_cart,2026-06-14 02:23:24
1592,379,44,view,2026-07-04 21:15:09
1593,348,69,add_to_cart,2026-05-05 01:57:53
1594,232,38,search,2026-06-15 12:40:56
1595,17,34,view,2026-04-25 16:04:29
1596,482,78,view,2026-06-25 20:23:31
1597,309,51,add_to_cart,2026-05-26 10:15:02
1598,107,16,add_to_cart,2026-04-27 18:13:35
1599,102,52,view,2026-06-08 05:51:55
1600,24,51,view,2026-06-17 09:21:28
1601,361,8,view,2026-06-16 13:31:18
1602,111,35,search,2026-05-19 05:48:29
1603,220,67,view,2026-05-16 05:03:10
1604,2,72,add_to_cart,2026-06-19 08:33:40
1605,333,25,add_to_cart,2026-07-11 19:40:38
1606,25,43,view,2026-06-28 10:43:06
1607,496,70,search,2026-06-23 19:05:47
1608,357,95,view,2026-07-14 15:02:30
1609,448,14,search,2026-06-04 02:23:51
1610,144,2,view,2026-06-07 02:49:44
1611,479,48,add_to_cart,2026-04-29 07:08:46
1612,2,28,view,2026-05-28 04:46:04
1613,434,50,search,2026-06-02 20:48:41
1614,61,76,add_to_cart,2026-07-09 07:13:27
1615,358,46,search,2026-04-26 09:20:38
1616,220,50,view,2026-06-17 21:11:53
1617,160,99,search,2026-07-13 20:32:28
1618,267,70,search,2026-07-20 19:41:42
1619,184,56,view,2026-04-29 17:43:56
1620,302,98,view,2026-07-03 17:08:39
1621,11,84,view,2026-06-09 13:08:37
1622,101,54,add_to_cart,2026-07-11 17:41:31
1623,20,4,view,2026-07-06 12:58:05
1624,126,55,view,2026-06-30 12:03:34
1625,75,7,view,2026-07-22 22:19:58
1626,185,39,add_to_cart,2026-05-19 04:24:55
1627,82,77,search,2026-04-28 21:52:41
1628,240,62,view,2026-05-28 00:10:44
1629,256,72,add_to_cart,2026-06-02 15:09:16
1630,499,48,view,2026-04-28 11:03:03
1631,231,19,search,2026-05-06 22:46:11
1632,71,42,add_to_cart,2026-06-23 01:27:04
1633,358,56,add_to_cart,2026-05-08 00:07:28
1634,197,55,search,2026-05-12 14:21:51
1635,112,16,search,2026-05-26 22:10:37
1636,143,28,add_to_cart,2026-06-26 13:53:01
1637,397,38,view,2026-04-27 13:34:02
1638,159,64,view,2026-07-21 03:59:58
1639,238,39,search,2026-06-30 04:36:28
1640,478,42,view,2026-05-16 08:18:36
1641,360,56,view,2026-05-04 01:39:49
1642,498,30,search,2026-05-25 01:19:55
1643,5,63,add_to_cart,2026-05-08 00:42:49
1644,176,43,search,2026-05-15 21:24:51
1645,61,22,search,2026-07-17 09:19:25
1646,358,8,view,2026-05-18 21:35:32
1647,240,17,search,2026-05-03 14:02:58
1648,39,92,search,2026-05-17 16:54:42
1649,472,82,view,2026-06-08 16:39:44
1650,297,21,view,2026-05-20 23:50:16
1651,321,83,search,2026-05-18 15:10:12
1652,371,45,search,2026-07-02 20:59:35
1653,406,42,search,2026-05-11 07:26:54
1654,112,75,search,2026-05-11 05:54:54
1655,412,45,view,2026-07-17 03:10:58
1656,196,13,view,2026-06-12 11:38:17
1657,203,63,view,2026-05-02 20:52:24
1658,272,9,view,2026-07-22 16:02:53
1659,31,68,add_to_cart,2026-04-29 06:57:38
1660,222,40,search,2026-05-19 19:00:19
1661,272,59,view,2026-06-09 12:00:22
1662,140,98,view,2026-05-15 13:38:14
1663,219,99,view,2026-06-06 06:30:54
1664,317,94,search,2026-07-04 19:19:28
1665,185,15,add_to_cart,2026-07-15 15:58:02
1666,280,16,view,2026-05-23 20:45:54
1667,425,74,view,2026-05-19 22:48:22
1668,177,78,view,2026-05-27 01:52:11
1669,141,63,search,2026-04-27 15:37:51
1670,135,25,view,2026-05-15 20:30:35
1671,254,11,add_to_cart,2026-05-01 09:01:19
1672,417,26,view,2026-06-26 06:24:42
1673,312,77,purchase,2026-06-05 04:19:56
1674,22,66,view,2026-06-15 15:34:49
1675,109,72,view,2026-07-10 20:09:23
1676,109,62,search,2026-05-13 18:28:18
1677,6,37,add_to_cart,2026-06-05 22:12:25
1678,114,41,search,2026-05-25 03:28:41
1679,112,16,view,2026-05-24 09:27:46
1680,248,42,add_to_cart,2026-05-15 08:42:15
1681,203,94,view,2026-07-12 13:32:58
1682,489,66,view,2026-06-13 09:50:15
1683,338,14,view,2026-06-30 06:31:47
1684,288,25,view,2026-07-18 02:48:32
1685,233,64,view,2026-06-10 05:39:24
1686,269,96,view,2026-05-10 11:54:45
1687,356,51,search,2026-05-01 01:13:54
1688,194,29,view,2026-06-02 03:56:00
1689,86,76,search,2026-05-19 15:48:15
1690,229,81,search,2026-05-20 03:32:58
1691,211,7,search,2026-06-19 13:10:40
1692,351,4,search,2026-05-05 14:25:33
1693,29,69,search,2026-05-27 17:58:52
1694,289,30,search,2026-06-15 07:03:38
1695,142,88,search,2026-05-10 14:34:12
1696,56,91,view,2026-06-21 10:13:57
1697,248,85,search,2026-07-21 12:56:13
1698,176,22,search,2026-06-01 13:30:24
1699,169,95,add_to_cart,2026-07-09 02:23:18
1700,310,39,search,2026-07-21 04:24:47
1701,403,79,search,2026-06-20 07:10:28
1702,226,57,view,2026-07-22 03:28:09
1703,226,100,add_to_cart,2026-05-26 14:44:22
1704,382,91,search,2026-07-06 22:33:12
1705,312,17,add_to_cart,2026-07-05 17:48:26
1706,67,76,view,2026-05-08 15:20:44
1707,41,57,search,2026-06-08 15:22:19
1708,441,69,search,2026-07-20 19:40:29
1709,399,81,add_to_cart,2026-07-13 07:48:13
1710,87,39,search,2026-05-12 22:02:28
1711,384,78,add_to_cart,2026-06-07 13:57:20
1712,48,60,view,2026-05-26 13:44:38
1713,454,75,search,2026-07-22 15:16:21
1714,161,43,add_to_cart,2026-07-10 09:40:45
1715,164,27,view,2026-07-07 13:16:12
1716,100,67,purchase,2026-06-14 12:36:07
1717,62,11,view,2026-05-15 20:11:39
1718,383,4,view,2026-06-12 12:37:04
1719,211,97,view,2026-06-15 18:54:29
1720,70,100,view,2026-05-18 13:43:39
1721,365,63,add_to_cart,2026-05-02 10:58:37
1722,168,44,search,2026-07-19 21:06:17
1723,500,3,search,2026-06-23 15:13:49
1724,396,93,search,2026-07-15 20:12:18
1725,104,14,view,2026-06-19 17:47:01
1726,29,48,view,2026-06-18 02:35:40
1727,257,55,search,2026-05-16 04:03:16
1728,480,48,view,2026-07-14 04:54:31
1729,396,41,search,2026-06-15 23:45:59
1730,454,3,search,2026-06-08 19:50:34
1731,453,2,search,2026-06-28 15:47:42
1732,199,25,view,2026-06-02 00:27:42
1733,12,96,search,2026-05-06 13:01:01
1734,344,31,search,2026-05-02 11:03:21
1735,7,32,purchase,2026-06-15 10:11:54
1736,79,74,purchase,2026-05-24 13:17:39
1737,83,83,add_to_cart,2026-05-28 15:35:57
1738,75,32,search,2026-04-28 19:32:24
1739,343,8,search,2026-05-26 13:34:00
1740,320,13,add_to_cart,2026-07-03 08:12:33
1741,75,6,view,2026-04-30 15:11:37
1742,86,39,view,2026-06-08 11:21:32
1743,127,52,view,2026-05-28 00:53:39
1744,422,68,view,2026-05-31 12:27:45
1745,459,52,view,2026-06-06 10:02:04
1746,47,28,search,2026-06-13 04:38:53
1747,434,77,view,2026-05-18 12:45:32
1748,129,46,view,2026-06-23 18:41:41
1749,35,91,view,2026-05-27 03:01:10
1750,326,42,purchase,2026-07-06 15:39:38
1751,260,12,view,2026-05-23 01:14:05
1752,273,86,view,2026-06-26 21:12:45
1753,207,50,add_to_cart,2026-05-17 22:55:27
1754,351,63,search,2026-05-29 09:05:27
1755,214,15,view,2026-05-22 21:13:24
1756,152,51,purchase,2026-06-23 06:29:24
1757,25,85,view,2026-06-13 00:55:21
1758,146,61,view,2026-06-08 01:47:55
1759,17,21,search,2026-06-04 15:58:58
1760,465,84,view,2026-04-25 03:58:49
1761,212,32,view,2026-06-14 07:38:19
1762,49,49,add_to_cart,2026-05-19 14:34:27
1763,40,91,search,2026-05-02 03:25:13
1764,20,14,search,2026-07-01 08:10:55
1765,280,42,search,2026-05-14 14:08:05
1766,207,69,add_to_cart,2026-06-25 08:17:02
1767,187,53,add_to_cart,2026-04-28 20:55:03
1768,228,16,view,2026-06-28 16:35:38
1769,335,70,view,2026-06-11 07:48:39
1770,131,2,view,2026-06-10 22:56:11
1771,253,27,view,2026-07-16 22:31:02
1772,306,14,view,2026-05-19 20:57:18
1773,407,35,view,2026-06-15 01:24:51
1774,458,75,view,2026-05-25 11:41:53
1775,483,28,add_to_cart,2026-06-19 13:42:40
1776,249,74,search,2026-06-04 07:58:43
1777,297,52,view,2026-07-07 03:04:06
1778,397,78,search,2026-06-30 21:40:02
1779,3,73,view,2026-06-12 19:19:33
1780,321,98,add_to_cart,2026-06-23 07:00:25
1781,306,59,search,2026-07-18 07:01:54
1782,199,97,purchase,2026-05-05 13:46:27
1783,427,31,add_to_cart,2026-07-08 04:06:45
1784,204,69,search,2026-06-07 18:11:58
1785,86,63,view,2026-05-20 12:36:41
1786,122,3,search,2026-06-04 22:57:34
1787,489,71,purchase,2026-05-06 08:15:28
1788,479,14,search,2026-07-15 04:24:28
1789,500,35,search,2026-07-08 01:11:38
1790,20,26,view,2026-05-14 22:21:10
1791,354,65,search,2026-07-21 04:53:00
1792,38,65,view,2026-06-16 22:52:18
1793,284,57,search,2026-05-29 13:55:41
1794,308,29,search,2026-05-15 12:45:50
1795,246,37,search,2026-06-07 08:29:20
1796,9,33,view,2026-07-03 08:51:52
1797,6,78,view,2026-07-22 08:50:30
1798,69,45,view,2026-07-13 21:33:31
1799,383,54,purchase,2026-05-12 19:08:52
1800,327,17,view,2026-05-28 13:32:47
1801,163,22,purchase,2026-07-23 09:44:26
1802,161,9,search,2026-05-11 06:05:19
1803,142,11,search,2026-07-04 00:28:45
1804,393,46,view,2026-05-07 17:11:19
1805,5,35,search,2026-05-01 03:30:57
1806,12,8,search,2026-06-11 17:54:27
1807,418,76,add_to_cart,2026-05-21 03:07:36
1808,60,73,view,2026-05-20 23:53:26
1809,227,100,view,2026-06-17 04:36:27
1810,386,10,view,2026-06-10 13:52:59
1811,431,79,view,2026-06-25 07:04:06
1812,91,19,search,2026-06-16 12:38:27
1813,282,4,search,2026-07-05 02:37:04
1814,334,61,view,2026-06-01 13:18:07
1815,157,74,view,2026-05-12 12:15:23
1816,110,48,view,2026-06-11 20:50:45
1817,186,19,view,2026-04-26 01:39:27
1818,163,89,search,2026-05-15 11:40:56
1819,108,54,view,2026-06-15 12:22:05
1820,373,7,view,2026-05-24 08:52:42
1821,233,68,view,2026-06-30 11:09:03
1822,233,28,view,2026-04-25 21:01:17
1823,94,70,view,2026-07-01 03:16:01
1824,393,22,view,2026-05-09 09:57:25
1825,472,5,view,2026-05-27 06:10:59
1826,473,31,view,2026-07-11 15:13:34
1827,251,93,view,2026-06-19 04:08:59
1828,221,26,view,2026-06-16 11:58:38
1829,350,4,view,2026-06-08 20:13:54
1830,287,78,view,2026-04-30 12:42:51
1831,57,64,view,2026-05-27 02:15:43
1832,485,73,purchase,2026-04-27 05:38:18
1833,485,60,view,2026-06-08 12:23:08
1834,53,25,search,2026-04-28 01:42:07
1835,394,58,view,2026-05-03 18:59:18
1836,64,27,search,2026-05-31 16:05:52
1837,338,6,search,2026-06-09 14:19:54
1838,45,84,view,2026-05-08 13:11:31
1839,115,16,view,2026-07-13 16:15:08
1840,156,41,add_to_cart,2026-07-02 15:21:13
1841,469,36,search,2026-07-10 15:21:50
1842,69,64,view,2026-05-10 22:37:40
1843,328,9,view,2026-04-25 07:42:54
1844,276,33,view,2026-06-03 05:35:07
1845,32,19,add_to_cart,2026-07-07 11:00:08
1846,189,38,add_to_cart,2026-07-21 07:47:09
1847,82,24,view,2026-05-03 17:24:04
1848,389,51,view,2026-05-27 22:43:39
1849,112,28,add_to_cart,2026-05-20 21:55:22
1850,458,11,view,2026-07-04 20:04:09
1851,400,94,view,2026-05-21 01:55:43
1852,191,95,add_to_cart,2026-07-11 04:09:16
1853,286,24,view,2026-04-26 21:43:56
1854,128,87,view,2026-06-25 23:59:15
1855,376,46,view,2026-05-16 12:31:55
1856,81,61,view,2026-06-26 23:16:22
1857,282,78,add_to_cart,2026-07-03 15:14:57
1858,334,4,purchase,2026-06-29 10:52:55
1859,83,35,add_to_cart,2026-07-14 00:29:12
1860,419,46,search,2026-05-28 18:22:52
1861,69,49,view,2026-05-04 23:31:13
1862,63,74,search,2026-05-25 17:56:40
1863,321,75,add_to_cart,2026-05-03 12:55:03
1864,107,56,search,2026-06-02 23:51:20
1865,459,90,view,2026-06-22 14:39:32
1866,487,69,add_to_cart,2026-05-19 11:57:06
1867,289,72,view,2026-07-19 00:49:58
1868,309,87,view,2026-05-15 11:28:13
1869,281,49,purchase,2026-07-21 20:30:57
1870,6,65,search,2026-05-24 23:59:04
1871,277,34,view,2026-07-06 10:49:38
1872,141,57,add_to_cart,2026-06-17 20:06:28
1873,53,73,view,2026-04-27 20:51:34
1874,295,38,search,2026-06-18 18:51:30
1875,81,11,view,2026-04-28 22:41:05
1876,30,52,search,2026-07-04 04:59:46
1877,463,68,add_to_cart,2026-07-08 07:52:39
1878,125,51,search,2026-07-04 14:55:43
1879,376,17,add_to_cart,2026-07-09 23:13:47
1880,202,30,view,2026-05-20 19:54:46
1881,307,56,view,2026-04-28 12:06:26
1882,303,21,view,2026-06-19 10:46:28
1883,317,53,view,2026-06-05 14:58:48
1884,115,19,search,2026-04-25 15:43:48
1885,106,9,purchase,2026-05-14 01:28:06
1886,448,94,view,2026-07-05 19:18:48
1887,93,2,view,2026-05-26 15:20:43
1888,2,27,search,2026-04-24 21:40:16
1889,36,3,view,2026-06-14 02:24:44
1890,229,32,search,2026-07-05 22:11:12
1891,431,52,view,2026-06-21 08:35:04
1892,67,79,view,2026-06-13 19:47:47
1893,312,74,search,2026-06-18 20:53:45
1894,54,16,view,2026-06-03 03:33:41
1895,485,1,view,2026-07-16 19:23:32
1896,55,50,search,2026-07-05 16:36:28
1897,378,20,add_to_cart,2026-05-08 04:38:14
1898,415,64,view,2026-06-08 01:21:26
1899,447,75,search,2026-07-08 19:03:39
1900,345,94,view,2026-07-03 06:18:11
1901,371,6,view,2026-06-16 07:29:36
1902,484,94,view,2026-06-16 11:06:15
1903,49,71,view,2026-05-19 18:16:32
1904,237,32,view,2026-04-26 22:47:22
1905,358,76,search,2026-06-30 03:35:19
1906,134,32,view,2026-07-20 03:39:14
1907,57,93,add_to_cart,2026-06-06 23:32:45
1908,49,13,search,2026-05-02 23:30:19
1909,198,12,search,2026-06-17 14:59:41
1910,388,48,search,2026-05-26 17:22:43
1911,301,19,search,2026-07-11 20:30:41
1912,194,20,purchase,2026-05-13 01:43:32
1913,382,34,add_to_cart,2026-06-28 05:59:46
1914,8,9,view,2026-05-26 03:54:02
1915,462,31,view,2026-06-03 15:01:50
1916,18,58,view,2026-06-19 12:20:08
1917,363,77,view,2026-06-20 05:13:49
1918,426,35,add_to_cart,2026-06-05 15:33:36
1919,269,19,search,2026-05-03 23:34:13
1920,34,71,view,2026-07-19 06:29:12
1921,386,93,view,2026-05-08 05:36:19
1922,427,99,search,2026-05-03 14:30:35
1923,417,65,view,2026-05-08 02:05:42
1924,393,29,search,2026-06-21 14:55:19
1925,465,37,purchase,2026-05-09 04:56:11
1926,239,19,view,2026-05-28 08:48:57
1927,301,9,view,2026-06-30 14:08:42
1928,202,18,view,2026-07-10 09:07:21
1929,220,82,purchase,2026-06-03 16:07:33
1930,195,21,purchase,2026-05-16 06:59:10
1931,213,59,view,2026-05-23 07:40:01
1932,52,21,search,2026-07-08 14:59:43
1933,335,18,search,2026-05-26 22:42:49
1934,63,71,view,2026-06-04 08:38:23
1935,40,81,view,2026-06-25 00:40:18
1936,203,45,search,2026-05-22 13:30:16
1937,400,51,view,2026-04-27 18:56:39
1938,36,60,search,2026-05-15 23:30:56
1939,33,34,view,2026-04-26 23:53:38
1940,32,11,view,2026-05-18 05:40:05
1941,313,19,view,2026-04-27 14:05:31
1942,53,93,add_to_cart,2026-07-21 19:23:57
1943,109,26,purchase,2026-05-07 01:20:51
1944,339,95,purchase,2026-06-24 14:25:08
1945,258,9,view,2026-05-06 20:33:00
1946,18,84,add_to_cart,2026-06-15 09:31:49
1947,432,48,view,2026-07-05 02:44:02
1948,259,56,search,2026-05-16 11:55:26
1949,496,99,add_to_cart,2026-07-22 09:32:44
1950,458,34,view,2026-07-04 03:22:48
1951,28,40,search,2026-07-20 11:50:41
1952,91,57,view,2026-05-15 22:48:58
1953,381,39,view,2026-04-27 03:40:21
1954,63,80,view,2026-05-17 16:22:27
1955,5,47,view,2026-07-05 21:35:32
1956,485,81,purchase,2026-07-04 18:29:10
1957,194,63,add_to_cart,2026-05-19 21:40:38
1958,143,45,search,2026-06-04 16:03:23
1959,49,63,purchase,2026-06-15 15:08:16
1960,106,21,add_to_cart,2026-07-07 04:40:42
1961,60,96,search,2026-07-13 21:53:51
1962,278,86,purchase,2026-06-01 23:42:34
1963,275,1,search,2026-07-15 23:25:22
1964,253,91,add_to_cart,2026-05-28 19:08:33
1965,423,52,purchase,2026-07-16 19:30:46
1966,81,36,purchase,2026-07-23 16:11:26
1967,373,57,add_to_cart,2026-06-03 09:33:50
1968,327,57,search,2026-07-15 16:26:39
1969,166,80,view,2026-06-09 01:26:24
1970,48,85,view,2026-04-30 13:04:48
1971,384,27,view,2026-04-28 06:06:40
1972,250,14,add_to_cart,2026-05-24 03:49:13
1973,301,73,view,2026-05-23 23:13:40
1974,92,17,view,2026-07-17 14:32:50
1975,167,27,view,2026-05-24 12:58:44
1976,437,54,add_to_cart,2026-07-06 21:46:32
1977,231,71,view,2026-05-05 10:27:30
1978,95,12,view,2026-06-25 13:50:27
1979,261,33,search,2026-07-06 15:30:26
1980,219,21,view,2026-06-19 12:31:01
1981,478,23,view,2026-06-02 12:21:31
1982,397,89,view,2026-05-22 04:37:37
1983,386,12,search,2026-05-04 12:35:02
1984,403,91,search,2026-07-08 20:52:06
1985,122,70,search,2026-06-15 06:50:19
1986,93,60,view,2026-07-16 22:25:22
1987,402,55,view,2026-05-16 14:09:31
1988,209,87,search,2026-05-22 14:59:07
1989,301,65,add_to_cart,2026-07-04 00:08:24
1990,38,68,search,2026-06-20 16:08:23
1991,487,54,search,2026-06-03 01:08:00
1992,246,34,add_to_cart,2026-04-26 11:40:19
1993,214,13,add_to_cart,2026-04-28 22:59:18
1994,113,12,view,2026-07-18 23:19:43
1995,226,40,view,2026-07-06 12:06:35
1996,170,11,add_to_cart,2026-05-12 19:36:36
1997,152,4,view,2026-06-02 16:30:15
1998,31,40,search,2026-06-14 23:08:24
1999,257,1,add_to_cart,2026-05-17 23:38:36
2000,299,19,view,2026-07-04 14:02:23
2001,385,65,view,2026-04-30 09:16:10
2002,125,21,view,2026-07-01 13:32:25
2003,125,14,search,2026-06-17 04:25:20
2004,356,80,search,2026-04-29 12:24:05
2005,48,12,add_to_cart,2026-04-27 20:38:14
2006,8,27,view,2026-06-09 19:31:40
2007,493,15,view,2026-07-06 13:10:59
2008,418,64,search,2026-06-20 23:08:52
2009,282,98,search,2026-06-03 23:56:37
2010,28,100,search,2026-07-19 14:23:22
2011,379,97,view,2026-05-09 19:36:28
2012,461,46,search,2026-06-23 14:24:01
2013,454,7,search,2026-05-19 19:06:29
2014,58,75,search,2026-07-15 18:59:18
2015,382,60,add_to_cart,2026-05-26 14:53:13
2016,223,2,search,2026-05-02 04:34:50
2017,127,57,view,2026-05-27 11:57:09
2018,318,22,search,2026-04-26 21:48:07
2019,285,22,search,2026-06-29 08:14:44
2020,270,67,search,2026-06-09 12:08:28
2021,87,100,view,2026-07-07 13:02:41
2022,33,92,view,2026-05-05 13:55:34
2023,251,14,view,2026-06-17 08:32:15
2024,418,66,view,2026-06-23 11:26:31
2025,284,20,view,2026-05-14 09:37:32
2026,407,77,add_to_cart,2026-06-20 19:23:02
2027,381,50,view,2026-06-11 07:47:58
2028,469,16,search,2026-06-10 19:34:37
2029,210,30,view,2026-07-18 23:39:51
2030,253,72,add_to_cart,2026-07-21 01:26:42
2031,5,24,search,2026-06-16 19:44:00
2032,9,87,search,2026-06-17 00:25:10
2033,224,46,view,2026-06-12 07:18:50
2034,19,2,view,2026-05-19 15:39:57
2035,402,38,view,2026-07-08 06:42:23
2036,86,28,add_to_cart,2026-05-12 18:59:32
2037,102,16,view,2026-04-28 09:43:39
2038,480,50,search,2026-07-07 19:57:18
2039,233,71,view,2026-06-07 23:22:07
2040,159,51,search,2026-04-26 15:29:08
2041,238,57,search,2026-05-29 07:47:01
2042,38,56,search,2026-05-06 04:56:23
2043,151,74,add_to_cart,2026-07-22 11:44:45
2044,223,90,search,2026-07-18 21:43:08
2045,90,12,view,2026-07-05 03:35:57
2046,71,53,add_to_cart,2026-07-13 15:50:32
2047,92,50,view,2026-06-10 08:20:27
2048,6,28,view,2026-04-29 05:13:45
2049,493,84,search,2026-05-19 18:18:33
2050,475,21,view,2026-05-15 06:46:50
2051,425,96,search,2026-06-23 21:46:21
2052,322,29,search,2026-05-22 17:27:04
2053,324,38,search,2026-05-16 02:36:31
2054,14,2,view,2026-05-05 02:42:30
2055,446,55,search,2026-07-12 07:18:31
2056,45,2,view,2026-05-16 21:48:54
2057,28,19,view,2026-07-22 05:13:28
2058,41,49,view,2026-05-30 02:56:24
2059,462,92,search,2026-06-01 09:28:51
2060,423,38,view,2026-07-10 19:39:12
2061,151,30,search,2026-06-23 08:52:02
2062,204,30,view,2026-05-03 12:26:35
2063,55,1,view,2026-07-13 08:13:54
2064,72,98,view,2026-06-12 03:02:39
2065,254,34,search,2026-05-09 19:19:41
2066,295,65,add_to_cart,2026-06-20 12:41:39
2067,479,55,add_to_cart,2026-05-06 13:59:35
2068,199,61,view,2026-05-27 10:14:06
2069,200,96,search,2026-07-17 14:51:25
2070,67,18,search,2026-05-02 02:59:35
2071,272,64,view,2026-05-04 06:32:15
2072,83,30,search,2026-07-07 23:49:10
2073,337,64,search,2026-05-27 20:30:07
2074,222,34,view,2026-07-16 15:12:59
2075,384,6,search,2026-07-12 13:23:14
2076,359,60,view,2026-07-05 00:13:32
2077,234,3,view,2026-07-10 02:21:48
2078,183,56,search,2026-07-15 12:24:19
2079,226,99,view,2026-07-08 18:39:51
2080,280,60,view,2026-05-29 11:30:07
2081,38,57,view,2026-06-08 10:33:10
2082,126,8,add_to_cart,2026-06-08 17:53:57
2083,75,47,view,2026-05-20 07:14:03
2084,458,84,view,2026-06-25 23:12:21
2085,456,30,view,2026-07-03 20:58:53
2086,36,28,view,2026-05-25 14:10:19
2087,192,30,search,2026-07-09 02:00:37
2088,115,57,view,2026-05-01 18:55:16
2089,189,65,add_to_cart,2026-07-02 05:24:35
2090,279,86,view,2026-04-29 13:07:42
2091,101,73,view,2026-05-19 21:52:49
2092,467,97,view,2026-06-14 23:34:14
2093,245,19,add_to_cart,2026-05-12 18:19:29
2094,333,67,add_to_cart,2026-04-29 03:32:03
2095,272,54,view,2026-05-07 22:12:47
2096,7,58,search,2026-05-31 08:06:37
2097,413,27,view,2026-05-01 06:34:32
2098,427,27,add_to_cart,2026-05-14 22:18:33
2099,438,71,purchase,2026-06-02 15:11:42
2100,287,54,search,2026-05-29 11:34:31
2101,362,17,view,2026-06-15 01:45:10
2102,260,93,search,2026-06-09 20:19:08
2103,363,7,view,2026-06-28 22:31:11
2104,420,4,search,2026-06-13 21:47:15
2105,313,51,search,2026-05-17 09:45:08
2106,110,8,search,2026-07-09 10:59:38
2107,226,100,view,2026-04-25 07:06:14
2108,214,4,search,2026-07-14 16:59:25
2109,362,99,view,2026-05-14 03:07:46
2110,345,54,search,2026-07-21 13:24:39
2111,203,77,add_to_cart,2026-06-05 08:51:13
2112,158,100,view,2026-05-13 08:06:32
2113,413,84,search,2026-06-03 15:54:41
2114,273,8,search,2026-06-12 06:35:32
2115,357,60,view,2026-05-27 14:59:26
2116,213,33,view,2026-07-16 06:57:34
2117,46,76,search,2026-04-27 09:25:24
2118,147,68,view,2026-07-15 18:14:10
2119,112,62,view,2026-06-02 18:49:02
2120,453,17,view,2026-05-14 17:38:24
2121,112,8,search,2026-05-11 17:52:08
2122,386,19,view,2026-05-05 01:01:50
2123,461,10,add_to_cart,2026-07-14 07:24:35
2124,226,84,add_to_cart,2026-06-05 01:32:30
2125,363,16,purchase,2026-05-05 01:28:33
2126,256,22,view,2026-05-23 07:21:40
2127,99,79,add_to_cart,2026-05-30 19:45:54
2128,70,37,view,2026-06-17 08:26:59
2129,245,74,search,2026-04-27 20:31:00
2130,228,23,add_to_cart,2026-07-14 20:01:26
2131,257,75,view,2026-06-20 11:04:40
2132,489,23,view,2026-07-20 22:41:31
2133,112,96,view,2026-06-18 22:05:09
2134,483,71,view,2026-07-20 04:02:17
2135,164,24,search,2026-05-20 19:01:56
2136,297,10,view,2026-06-16 18:11:21
2137,14,10,view,2026-07-19 11:51:15
2138,460,3,add_to_cart,2026-07-11 23:41:53
2139,48,52,add_to_cart,2026-06-06 23:29:49
2140,472,6,add_to_cart,2026-06-30 05:48:42
2141,7,5,view,2026-05-13 23:05:52
2142,128,24,view,2026-06-08 06:13:53
2143,113,33,add_to_cart,2026-05-31 06:55:04
2144,345,29,add_to_cart,2026-07-17 12:03:23
2145,490,57,view,2026-05-21 18:19:58
2146,475,57,view,2026-05-18 04:11:02
2147,333,1,search,2026-06-18 08:31:51
2148,19,95,view,2026-05-26 06:35:27
2149,160,8,view,2026-05-28 16:08:26
2150,370,94,search,2026-06-17 02:45:05
2151,202,14,search,2026-05-15 23:19:50
2152,445,78,view,2026-06-08 13:38:23
2153,424,21,purchase,2026-06-11 14:25:54
2154,112,70,add_to_cart,2026-05-10 06:02:26
2155,343,16,add_to_cart,2026-05-16 06:50:42
2156,215,84,view,2026-07-08 16:53:36
2157,337,55,view,2026-07-14 08:08:20
2158,260,92,view,2026-06-02 01:47:15
2159,388,43,add_to_cart,2026-06-07 18:03:58
2160,104,71,search,2026-05-29 06:21:47
2161,127,76,view,2026-06-24 05:45:19
2162,453,81,search,2026-04-26 23:34:31
2163,275,93,view,2026-07-17 03:03:18
2164,327,56,view,2026-04-24 23:33:38
2165,253,96,view,2026-05-29 23:48:59
2166,456,53,add_to_cart,2026-04-26 19:37:37
2167,106,6,search,2026-06-28 06:52:25
2168,432,14,search,2026-07-15 12:00:23
2169,107,77,view,2026-05-12 18:52:14
2170,468,10,add_to_cart,2026-07-09 02:44:21
2171,187,31,search,2026-05-21 20:19:36
2172,159,70,search,2026-04-28 01:40:23
2173,351,29,view,2026-05-09 22:36:44
2174,215,25,view,2026-05-11 12:54:37
2175,5,22,view,2026-05-01 05:43:54
2176,24,20,add_to_cart,2026-07-21 15:53:14
2177,392,43,view,2026-04-30 11:25:32
2178,70,80,add_to_cart,2026-05-16 16:14:37
2179,209,37,view,2026-07-03 09:55:16
2180,413,5,view,2026-06-03 00:21:38
2181,348,65,add_to_cart,2026-07-12 05:05:13
2182,335,37,search,2026-05-14 22:05:20
2183,375,25,search,2026-05-18 13:21:30
2184,120,21,view,2026-05-18 14:57:29
2185,240,21,search,2026-05-07 13:15:20
2186,5,69,view,2026-06-18 12:02:49
2187,452,95,search,2026-06-26 08:16:31
2188,141,16,view,2026-07-10 06:46:21
2189,165,97,view,2026-05-10 09:49:54
2190,347,8,view,2026-05-27 01:47:57
2191,454,77,view,2026-07-21 20:05:38
2192,366,77,search,2026-04-30 04:34:49
2193,72,19,view,2026-06-11 21:47:14
2194,244,26,view,2026-06-08 08:26:23
2195,194,76,view,2026-05-10 06:00:43
2196,38,2,view,2026-06-21 12:12:18
2197,469,35,search,2026-06-18 16:46:09
2198,126,58,view,2026-07-11 01:48:34
2199,58,76,view,2026-06-02 02:41:50
2200,271,10,search,2026-05-04 09:47:09
2201,290,48,view,2026-06-02 14:57:06
2202,80,55,add_to_cart,2026-05-21 07:41:22
2203,286,41,view,2026-07-16 12:48:18
2204,306,81,add_to_cart,2026-05-19 03:58:17
2205,234,14,add_to_cart,2026-05-08 11:38:07
2206,425,4,add_to_cart,2026-06-05 01:04:08
2207,74,58,add_to_cart,2026-05-16 21:39:53
2208,16,1,search,2026-05-10 02:01:06
2209,397,95,add_to_cart,2026-07-21 07:46:21
2210,165,41,add_to_cart,2026-05-20 23:19:49
2211,36,25,view,2026-05-04 23:48:50
2212,37,46,search,2026-07-17 05:08:45
2213,205,46,view,2026-05-03 20:18:01
2214,166,27,search,2026-05-08 06:17:32
2215,60,75,search,2026-05-23 18:58:35
2216,144,86,add_to_cart,2026-06-13 22:44:54
2217,269,63,add_to_cart,2026-06-08 11:15:31
2218,383,18,view,2026-06-22 11:53:46
2219,79,48,search,2026-05-19 02:41:21
2220,82,20,purchase,2026-06-12 10:08:59
2221,327,31,search,2026-05-19 09:47:30
2222,378,87,view,2026-06-16 02:39:17
2223,482,15,search,2026-07-05 03:57:28
2224,5,39,search,2026-06-10 14:46:18
2225,296,6,view,2026-06-25 06:29:55
2226,233,74,view,2026-05-14 23:59:45
2227,143,97,view,2026-06-20 22:51:13
2228,334,56,view,2026-05-29 11:11:17
2229,371,8,view,2026-06-09 01:52:45
2230,432,70,search,2026-06-05 18:42:09
2231,168,8,add_to_cart,2026-05-27 02:16:26
2232,382,65,search,2026-05-29 14:14:17
2233,443,68,search,2026-07-14 06:02:06
2234,446,70,view,2026-07-08 22:33:49
2235,200,90,view,2026-07-10 18:35:50
2236,288,18,view,2026-05-11 09:37:11
2237,11,95,search,2026-06-02 08:13:56
2238,290,17,search,2026-07-09 08:04:24
2239,106,47,view,2026-05-15 18:01:26
2240,473,82,add_to_cart,2026-07-05 06:39:39
2241,228,11,search,2026-06-01 17:59:54
2242,106,72,view,2026-05-12 12:48:11
2243,216,2,search,2026-06-15 11:42:08
2244,113,46,search,2026-06-28 03:34:01
2245,382,52,view,2026-07-19 10:25:15
2246,187,58,view,2026-06-03 15:12:05
2247,117,76,search,2026-07-19 05:30:06
2248,112,83,view,2026-07-16 08:13:31
2249,106,21,view,2026-05-21 06:25:31
2250,52,37,search,2026-05-11 16:50:53
2251,357,2,search,2026-06-22 11:56:33
2252,425,84,view,2026-05-11 05:45:05
2253,420,57,view,2026-06-03 12:13:09
2254,243,1,view,2026-07-14 09:32:04
2255,212,7,purchase,2026-05-29 18:57:59
2256,260,25,view,2026-06-10 01:03:02
2257,173,83,view,2026-07-03 08:12:13
2258,141,79,view,2026-07-05 07:09:01
2259,461,11,search,2026-05-18 13:22:29
2260,226,98,view,2026-06-23 19:52:17
2261,110,18,view,2026-07-14 21:54:26
2262,281,12,view,2026-06-21 04:15:22
2263,135,49,add_to_cart,2026-07-01 04:07:39
2264,28,54,purchase,2026-06-15 01:25:59
2265,91,60,view,2026-04-28 07:54:40
2266,200,52,view,2026-05-05 11:28:14
2267,415,96,view,2026-07-15 07:40:06
2268,33,61,purchase,2026-07-18 05:01:36
2269,81,51,view,2026-07-02 12:28:44
2270,316,92,add_to_cart,2026-04-25 17:06:59
2271,9,74,view,2026-06-08 15:59:48
2272,108,26,view,2026-05-03 11:05:00
2273,270,55,search,2026-07-16 22:55:27
2274,136,87,view,2026-07-17 22:07:32
2275,123,53,view,2026-06-26 03:09:35
2276,482,80,view,2026-07-02 21:25:34
2277,55,56,view,2026-05-14 03:12:38
2278,432,13,view,2026-05-21 12:14:19
2279,498,37,view,2026-07-06 10:02:42
2280,122,59,view,2026-06-09 07:56:02
2281,397,50,search,2026-06-09 23:38:25
2282,254,97,view,2026-07-17 01:52:04
2283,419,27,search,2026-06-22 09:25:39
2284,183,24,search,2026-04-29 01:55:32
2285,499,36,add_to_cart,2026-07-12 05:49:23
2286,40,61,view,2026-05-27 17:44:25
2287,60,66,search,2026-04-26 15:08:07
2288,52,64,search,2026-06-18 12:44:56
2289,117,23,view,2026-05-12 10:54:16
2290,25,22,view,2026-05-15 23:49:02
2291,270,40,view,2026-05-20 15:57:36
2292,46,99,view,2026-05-15 23:25:29
2293,165,45,view,2026-05-27 06:13:47
2294,484,26,search,2026-06-01 10:50:50
2295,343,33,view,2026-07-07 13:58:59
2296,7,22,view,2026-05-23 04:47:02
2297,468,69,view,2026-05-16 14:16:07
2298,231,98,view,2026-06-18 00:35:08
2299,339,6,view,2026-06-09 02:40:22
2300,108,26,search,2026-07-04 23:16:14
2301,427,35,view,2026-04-25 21:13:41
2302,3,77,view,2026-06-12 08:08:57
2303,209,81,add_to_cart,2026-06-10 11:31:27
2304,447,35,view,2026-06-01 15:43:33
2305,437,36,view,2026-07-09 11:07:43
2306,354,78,view,2026-07-11 04:43:47
2307,19,75,search,2026-06-10 00:26:54
2308,320,10,view,2026-06-05 04:50:17
2309,30,40,view,2026-06-26 13:56:48
2310,382,53,search,2026-05-23 05:11:56
2311,135,59,search,2026-07-21 17:25:39
2312,313,34,view,2026-06-08 02:02:00
2313,31,51,search,2026-05-02 16:57:39
2314,324,97,view,2026-06-26 23:55:27
2315,216,54,view,2026-06-03 21:58:11
2316,283,17,search,2026-06-01 08:27:59
2317,458,30,view,2026-07-23 11:34:24
2318,491,9,view,2026-05-23 12:58:09
2319,420,12,search,2026-07-12 23:35:21
2320,310,96,search,2026-04-27 23:15:26
2321,35,20,view,2026-07-23 11:18:32
2322,422,22,search,2026-05-05 09:22:18
2323,7,100,search,2026-05-27 04:33:10
2324,24,90,view,2026-07-15 09:20:01
2325,336,50,view,2026-05-17 15:25:08
2326,223,53,search,2026-06-05 07:18:59
2327,20,44,add_to_cart,2026-05-16 20:05:31
2328,427,32,view,2026-07-22 12:48:32
2329,257,76,search,2026-05-15 05:21:56
2330,16,51,view,2026-06-06 10:24:33
2331,400,28,view,2026-06-02 23:44:05
2332,285,90,search,2026-07-21 13:18:47
2333,74,71,add_to_cart,2026-05-12 11:34:01
2334,443,24,view,2026-07-19 21:54:28
2335,287,74,search,2026-07-09 01:30:32
2336,48,79,view,2026-06-13 09:52:35
2337,275,66,search,2026-06-05 13:08:58
2338,204,28,search,2026-05-26 16:49:46
2339,407,77,add_to_cart,2026-04-29 05:51:32
2340,237,61,search,2026-06-19 07:24:42
2341,251,27,view,2026-07-12 15:58:11
2342,106,90,search,2026-06-23 16:54:47
2343,302,97,view,2026-06-02 12:40:27
2344,14,95,add_to_cart,2026-07-11 06:26:48
2345,383,42,add_to_cart,2026-07-15 15:21:24
2346,403,82,view,2026-05-08 02:44:31
2347,89,16,search,2026-04-30 09:48:07
2348,161,83,add_to_cart,2026-06-04 17:45:41
2349,463,90,search,2026-06-16 15:09:17
2350,244,88,search,2026-04-27 14:21:34
2351,247,51,view,2026-07-15 03:55:25
2352,36,98,view,2026-07-07 18:59:39
2353,102,74,add_to_cart,2026-06-29 08:38:32
2354,9,61,view,2026-07-12 07:31:48
2355,348,75,view,2026-07-14 23:21:40
2356,306,79,view,2026-06-18 17:27:08
2357,496,69,add_to_cart,2026-06-11 08:05:52
2358,74,72,view,2026-07-01 21:50:13
2359,201,99,view,2026-07-11 19:10:34
2360,142,60,view,2026-07-05 07:38:55
2361,5,69,view,2026-07-14 08:10:11
2362,192,79,view,2026-06-03 01:18:15
2363,352,38,view,2026-05-14 17:39:04
2364,433,90,search,2026-06-30 09:48:06
2365,400,31,purchase,2026-05-03 04:00:52
2366,406,99,view,2026-05-26 10:38:31
2367,189,88,purchase,2026-06-22 02:40:02
2368,419,3,view,2026-05-29 13:06:30
2369,469,73,search,2026-06-04 08:20:45
2370,273,4,purchase,2026-06-21 20:24:00
2371,111,9,search,2026-07-13 06:41:43
2372,322,57,view,2026-05-30 10:14:51
2373,159,78,search,2026-05-21 01:49:44
2374,141,72,add_to_cart,2026-07-05 19:12:35
2375,470,36,search,2026-05-18 12:47:10
2376,492,7,search,2026-07-09 17:08:27
2377,420,87,add_to_cart,2026-05-02 00:37:38
2378,282,93,search,2026-06-03 22:24:57
2379,285,65,add_to_cart,2026-04-25 06:03:52
2380,235,82,view,2026-06-25 22:27:02
2381,166,85,view,2026-05-05 18:27:44
2382,212,83,search,2026-07-17 13:37:20
2383,458,98,add_to_cart,2026-04-29 17:46:33
2384,61,49,search,2026-05-19 05:39:24
2385,468,75,add_to_cart,2026-06-27 14:42:29
2386,90,84,search,2026-05-26 14:40:45
2387,2,26,add_to_cart,2026-07-08 22:16:05
2388,28,15,view,2026-06-21 21:00:43
2389,98,53,search,2026-04-28 20:09:59
2390,271,7,view,2026-06-13 12:51:05
2391,379,70,view,2026-06-25 21:49:06
2392,38,59,view,2026-05-09 07:06:19
2393,317,22,search,2026-06-03 23:11:38
2394,329,23,search,2026-07-08 12:12:36
2395,185,39,add_to_cart,2026-05-26 09:16:35
2396,456,4,search,2026-04-26 13:53:42
2397,278,19,search,2026-06-27 18:26:21
2398,347,44,purchase,2026-05-12 13:27:52
2399,385,83,view,2026-05-21 11:16:45
2400,53,10,view,2026-04-24 22:08:46
2401,256,76,search,2026-07-03 12:59:39
2402,360,50,add_to_cart,2026-05-11 08:39:47
2403,486,61,view,2026-05-07 13:38:58
2404,9,72,view,2026-05-07 16:03:59
2405,10,31,search,2026-06-08 00:17:34
2406,34,82,search,2026-05-11 17:22:38
2407,254,25,search,2026-07-19 09:06:59
2408,163,36,view,2026-05-26 08:50:40
2409,488,77,view,2026-06-26 21:54:35
2410,114,83,view,2026-06-14 09:13:28
2411,412,63,add_to_cart,2026-05-02 14:19:28
2412,111,2,search,2026-05-23 09:00:32
2413,491,85,add_to_cart,2026-05-08 13:21:11
2414,186,21,search,2026-05-31 00:23:35
2415,132,53,search,2026-06-20 13:31:52
2416,54,20,purchase,2026-06-08 05:30:43
2417,223,32,view,2026-06-17 05:43:45
2418,164,73,view,2026-07-13 14:35:58
2419,496,91,view,2026-06-22 22:34:08
2420,229,84,search,2026-04-24 18:51:13
2421,82,97,view,2026-05-31 03:52:58
2422,198,18,add_to_cart,2026-07-20 06:10:03
2423,418,40,view,2026-05-29 03:56:40
2424,135,90,search,2026-05-19 13:13:00
2425,301,97,view,2026-06-15 10:32:54
2426,496,57,search,2026-07-09 07:59:37
2427,170,87,view,2026-05-18 07:27:33
2428,243,90,view,2026-07-18 21:02:29
2429,307,70,view,2026-05-28 21:55:44
2430,433,73,view,2026-06-12 02:26:52
2431,153,67,view,2026-07-02 20:50:28
2432,243,53,view,2026-05-13 21:28:08
2433,80,30,view,2026-05-31 17:13:38
2434,245,60,search,2026-06-24 09:15:08
2435,317,53,view,2026-05-01 20:46:18
2436,81,48,search,2026-06-18 18:08:42
2437,498,63,purchase,2026-07-16 18:06:00
2438,401,23,view,2026-04-29 14:43:46
2439,158,24,search,2026-06-01 06:43:26
2440,114,22,purchase,2026-06-18 10:31:14
2441,372,17,view,2026-06-04 04:37:55
2442,242,10,purchase,2026-06-18 23:23:02
2443,350,53,view,2026-07-20 08:49:51
2444,213,49,search,2026-06-20 23:52:51
2445,360,85,add_to_cart,2026-06-20 19:10:19
2446,445,78,search,2026-07-04 23:26:33
2447,328,32,view,2026-07-06 16:10:23
2448,332,95,view,2026-06-02 12:42:11
2449,333,66,view,2026-06-11 19:30:07
2450,273,79,view,2026-07-22 16:20:43
2451,473,56,view,2026-05-06 11:59:09
2452,152,33,search,2026-04-29 10:54:12
2453,313,33,add_to_cart,2026-07-12 15:43:05
2454,152,13,view,2026-06-22 06:26:19
2455,317,96,view,2026-07-07 22:19:33
2456,359,11,view,2026-05-06 22:47:24
2457,245,2,view,2026-07-20 18:46:05
2458,39,38,view,2026-06-27 01:11:49
2459,397,90,view,2026-06-02 10:33:24
2460,93,79,search,2026-05-01 05:58:19
2461,482,40,search,2026-06-27 22:05:00
2462,138,5,add_to_cart,2026-07-04 16:37:21
2463,337,10,view,2026-05-06 04:30:28
2464,10,27,search,2026-06-19 12:42:10
2465,297,42,view,2026-06-25 10:02:29
2466,326,61,view,2026-06-21 03:12:31
2467,366,70,view,2026-05-26 11:33:03
2468,403,50,view,2026-07-05 18:42:20
2469,478,86,add_to_cart,2026-05-07 20:38:29
2470,185,2,view,2026-07-02 14:07:55
2471,390,20,view,2026-05-12 10:40:12
2472,142,44,add_to_cart,2026-04-27 17:15:02
2473,340,63,purchase,2026-06-05 06:37:24
2474,364,14,search,2026-05-20 01:16:45
2475,335,80,view,2026-07-22 14:02:12
2476,340,100,search,2026-07-12 23:32:16
2477,20,84,purchase,2026-05-30 15:16:26
2478,244,69,view,2026-04-25 03:06:48
2479,50,61,search,2026-05-18 14:17:39
2480,378,1,view,2026-06-03 08:54:53
2481,248,13,add_to_cart,2026-06-05 12:27:48
2482,342,43,purchase,2026-05-09 13:25:34
2483,459,98,search,2026-07-04 20:00:09
2484,385,99,view,2026-07-15 21:50:28
2485,5,40,view,2026-05-24 13:14:50
2486,295,33,view,2026-05-10 13:44:01
2487,198,29,purchase,2026-06-27 11:09:47
2488,121,62,search,2026-05-25 08:48:31
2489,246,13,view,2026-06-11 21:17:33
2490,294,64,view,2026-05-11 04:09:38
2491,44,64,purchase,2026-05-28 15:42:57
2492,36,29,view,2026-07-07 06:19:33
2493,344,98,search,2026-04-29 01:53:31
2494,93,89,view,2026-06-24 02:27:30
2495,449,75,search,2026-05-01 14:27:46
2496,354,26,search,2026-05-13 11:39:38
2497,129,59,view,2026-05-23 16:04:50
2498,441,24,add_to_cart,2026-07-16 09:51:44
2499,194,36,add_to_cart,2026-05-22 12:54:49
2500,329,78,view,2026-05-21 00:22:56
2501,296,56,view,2026-07-06 12:12:15
2502,320,54,add_to_cart,2026-07-08 21:41:59
2503,137,41,purchase,2026-07-23 07:49:07
2504,4,89,add_to_cart,2026-06-03 20:40:36
2505,200,10,search,2026-06-22 18:30:18
2506,41,61,search,2026-07-22 22:17:45
2507,417,72,add_to_cart,2026-05-29 09:35:02
2508,53,62,search,2026-06-27 12:56:15
2509,104,69,search,2026-05-02 07:52:46
2510,165,46,view,2026-05-19 13:06:10
2511,21,78,add_to_cart,2026-06-17 22:05:53
2512,483,46,search,2026-05-28 03:22:09
2513,214,70,search,2026-07-04 11:34:03
2514,445,13,view,2026-07-14 19:08:36
2515,275,34,view,2026-07-11 10:58:58
2516,372,51,search,2026-05-18 20:59:07
2517,361,86,view,2026-06-02 09:20:04
2518,29,83,view,2026-06-09 14:45:11
2519,3,7,view,2026-06-20 18:48:34
2520,151,2,search,2026-05-25 16:13:46
2521,195,16,search,2026-04-26 11:52:41
2522,461,32,search,2026-07-10 06:18:40
2523,430,70,view,2026-05-02 14:49:06
2524,488,70,view,2026-05-15 00:04:51
2525,353,49,view,2026-05-10 06:37:51
2526,465,95,search,2026-05-17 20:55:01
2527,309,48,add_to_cart,2026-06-16 12:38:44
2528,332,52,search,2026-05-21 18:28:56
2529,378,89,search,2026-06-27 19:08:21
2530,270,69,search,2026-05-09 10:12:09
2531,239,42,view,2026-07-01 11:05:13
2532,210,12,purchase,2026-05-31 19:30:14
2533,172,89,view,2026-06-21 23:53:32
2534,127,27,search,2026-05-27 23:15:03
2535,435,54,view,2026-04-30 02:22:16
2536,118,78,purchase,2026-05-23 20:04:04
2537,161,3,search,2026-06-12 22:59:24
2538,32,98,search,2026-06-05 15:42:01
2539,293,6,search,2026-06-22 11:05:28
2540,334,62,purchase,2026-04-28 20:14:01
2541,358,22,view,2026-06-29 16:24:30
2542,432,16,search,2026-06-23 10:25:36
2543,55,70,add_to_cart,2026-07-13 13:13:00
2544,419,81,add_to_cart,2026-05-22 02:30:45
2545,135,11,view,2026-06-29 19:19:21
2546,92,50,view,2026-05-04 01:20:12
2547,207,69,view,2026-05-27 13:49:52
2548,336,7,view,2026-07-11 09:59:40
2549,243,31,view,2026-05-06 07:03:42
2550,69,77,search,2026-04-27 20:26:20
2551,185,59,search,2026-06-28 23:29:03
2552,100,19,view,2026-05-16 15:25:26
2553,360,61,search,2026-06-09 22:20:07
2554,288,35,view,2026-05-21 18:03:01
2555,185,62,search,2026-07-10 09:48:00
2556,34,69,search,2026-06-29 15:02:24
2557,468,18,add_to_cart,2026-07-20 15:29:40
2558,122,11,view,2026-04-30 21:04:54
2559,177,50,search,2026-07-13 14:29:50
2560,371,74,view,2026-05-18 09:20:41
2561,345,35,view,2026-07-10 16:07:17
2562,292,50,purchase,2026-05-07 13:16:26
2563,247,24,view,2026-07-01 23:27:24
2564,460,74,view,2026-04-24 23:31:48
2565,223,30,purchase,2026-05-08 02:19:00
2566,453,50,view,2026-06-15 14:49:03
2567,189,3,view,2026-06-10 21:54:01
2568,493,72,add_to_cart,2026-04-25 06:53:49
2569,132,50,search,2026-04-29 09:53:06
2570,205,7,view,2026-04-28 17:49:59
2571,241,51,view,2026-07-14 05:19:08
2572,6,48,view,2026-07-04 16:15:40
2573,318,83,view,2026-06-25 04:43:40
2574,259,35,add_to_cart,2026-06-24 06:43:26
2575,327,76,view,2026-07-17 04:01:49
2576,132,76,view,2026-05-06 04:38:24
2577,103,8,add_to_cart,2026-05-17 17:54:41
2578,384,4,view,2026-05-07 20:13:47
2579,13,78,view,2026-05-10 01:24:48
2580,417,26,search,2026-06-08 09:05:51
2581,459,48,search,2026-07-01 07:07:26
2582,358,47,view,2026-05-05 14:18:20
2583,344,84,add_to_cart,2026-06-01 19:28:25
2584,25,7,search,2026-06-15 12:04:51
2585,260,6,view,2026-06-08 17:01:16
2586,215,64,add_to_cart,2026-06-27 22:40:08
2587,200,33,add_to_cart,2026-06-24 21:27:03
2588,354,18,view,2026-05-22 11:05:36
2589,452,72,purchase,2026-05-22 01:02:27
2590,420,37,add_to_cart,2026-05-16 13:39:00
2591,309,12,view,2026-04-26 07:01:11
2592,379,72,view,2026-06-16 22:02:59
2593,357,50,view,2026-05-28 17:31:53
2594,318,28,view,2026-07-15 03:59:51
2595,172,98,view,2026-06-03 03:26:47
2596,99,22,search,2026-06-30 07:09:29
2597,226,20,view,2026-06-23 13:40:57
2598,297,7,view,2026-06-03 06:22:30
2599,232,2,view,2026-07-12 12:16:03
2600,248,14,add_to_cart,2026-07-15 07:14:01
2601,89,40,search,2026-04-27 16:05:33
2602,272,2,view,2026-07-17 13:36:40
2603,384,20,search,2026-07-21 06:24:07
2604,246,3,view,2026-05-29 00:21:19
2605,486,9,view,2026-05-30 03:57:34
2606,16,10,view,2026-05-14 00:52:34
2607,412,1,view,2026-05-17 01:55:51
2608,410,93,search,2026-05-03 11:09:49
2609,256,64,add_to_cart,2026-05-25 09:28:21
2610,256,7,view,2026-06-06 10:25:24
2611,342,8,view,2026-05-12 02:43:38
2612,157,39,view,2026-05-18 12:38:24
2613,354,42,view,2026-06-18 18:39:27
2614,163,8,search,2026-05-20 08:43:32
2615,441,96,view,2026-05-04 03:15:35
2616,412,41,search,2026-07-22 19:55:31
2617,283,75,view,2026-07-03 21:01:56
2618,279,16,search,2026-07-05 02:31:37
2619,47,98,search,2026-06-14 15:43:51
2620,383,74,search,2026-06-05 22:02:57
2621,448,39,add_to_cart,2026-06-02 23:53:03
2622,348,28,view,2026-06-01 09:58:00
2623,77,71,view,2026-07-19 06:11:20
2624,201,92,search,2026-05-20 07:51:37
2625,378,86,search,2026-06-02 03:46:49
2626,328,1,view,2026-06-09 05:13:43
2627,30,99,view,2026-05-18 07:01:48
2628,449,89,view,2026-06-09 17:40:22
2629,487,94,view,2026-05-20 11:23:35
2630,151,1,add_to_cart,2026-05-04 10:41:16
2631,337,24,view,2026-06-22 07:14:54
2632,221,56,view,2026-05-15 18:44:25
2633,118,19,search,2026-06-22 07:47:40
2634,423,62,view,2026-06-29 23:39:48
2635,83,27,search,2026-07-17 06:25:49
2636,246,38,view,2026-05-12 18:34:25
2637,336,18,view,2026-07-07 19:10:55
2638,102,51,add_to_cart,2026-07-20 16:21:20
2639,279,49,search,2026-06-21 08:34:27
2640,393,24,view,2026-06-06 08:41:43
2641,286,31,search,2026-07-02 13:24:15
2642,100,29,search,2026-07-17 22:24:14
2643,210,84,view,2026-05-07 23:30:13
2644,146,88,view,2026-06-19 13:26:53
2645,56,33,search,2026-04-24 17:22:16
2646,38,55,search,2026-05-16 20:13:50
2647,461,23,search,2026-05-23 04:34:54
2648,87,28,purchase,2026-06-11 17:39:55
2649,397,10,search,2026-06-14 17:01:55
2650,94,78,view,2026-06-29 00:29:27
2651,291,43,add_to_cart,2026-07-17 09:42:29
2652,50,43,add_to_cart,2026-06-30 16:58:45
2653,212,17,add_to_cart,2026-04-30 07:13:48
2654,269,42,view,2026-06-30 16:14:23
2655,364,80,view,2026-06-17 05:15:01
2656,135,16,view,2026-07-03 06:54:33
2657,240,37,purchase,2026-05-15 10:25:19
2658,404,20,view,2026-07-07 08:11:13
2659,261,81,search,2026-05-09 07:51:47
2660,80,64,view,2026-06-09 00:55:44
2661,133,27,add_to_cart,2026-06-03 22:08:29
2662,437,65,search,2026-04-27 23:45:03
2663,242,52,add_to_cart,2026-07-04 14:20:54
2664,288,4,add_to_cart,2026-06-06 17:12:33
2665,3,27,search,2026-04-29 19:04:08
2666,144,49,search,2026-05-27 05:48:11
2667,369,41,view,2026-06-12 14:07:22
2668,484,39,view,2026-05-22 15:22:01
2669,50,94,add_to_cart,2026-06-25 21:05:57
2670,286,91,view,2026-04-29 22:03:54
2671,82,64,view,2026-06-29 06:51:05
2672,389,56,view,2026-07-07 08:45:09
2673,224,65,view,2026-06-07 17:39:37
2674,254,18,view,2026-07-23 14:48:23
2675,3,56,add_to_cart,2026-04-26 01:12:08
2676,24,32,search,2026-05-13 05:54:52
2677,489,66,search,2026-05-29 08:32:09
2678,381,52,add_to_cart,2026-07-10 22:37:32
2679,161,53,search,2026-05-22 03:51:26
2680,343,58,view,2026-06-21 11:32:28
2681,292,83,search,2026-05-04 20:32:03
2682,313,28,purchase,2026-07-01 13:48:33
2683,467,74,search,2026-07-06 09:20:10
2684,344,70,search,2026-07-15 11:19:41
2685,359,10,view,2026-07-22 10:35:26
2686,427,65,view,2026-06-20 22:10:37
2687,446,80,add_to_cart,2026-07-12 17:30:37
2688,196,2,add_to_cart,2026-06-21 16:40:26
2689,425,85,view,2026-07-13 16:03:46
2690,252,100,add_to_cart,2026-05-23 12:11:12
2691,132,17,view,2026-05-16 07:21:53
2692,354,33,add_to_cart,2026-05-04 13:24:31
2693,81,13,view,2026-06-16 22:06:59
2694,351,91,add_to_cart,2026-06-15 12:35:48
2695,489,84,view,2026-07-17 21:22:24
2696,62,43,search,2026-06-18 07:30:47
2697,210,30,view,2026-04-25 02:34:38
2698,424,10,view,2026-06-07 10:38:21
2699,265,95,search,2026-07-22 22:58:02
2700,102,18,add_to_cart,2026-07-12 23:55:29
2701,354,68,search,2026-05-24 05:51:56
2702,299,39,view,2026-07-20 01:45:18
2703,383,21,view,2026-07-03 03:26:26
2704,280,96,search,2026-06-11 10:47:39
2705,37,66,search,2026-06-14 19:33:30
2706,90,17,view,2026-06-14 18:24:10
2707,386,70,search,2026-04-30 07:45:54
2708,204,85,search,2026-07-16 00:37:31
2709,177,9,view,2026-04-29 12:20:54
2710,234,90,view,2026-07-04 17:05:03
2711,124,90,search,2026-06-19 14:09:14
2712,385,48,view,2026-06-09 02:30:19
2713,452,74,search,2026-07-18 03:56:11
2714,166,51,view,2026-06-29 16:17:25
2715,202,66,view,2026-06-06 19:14:36
2716,375,35,search,2026-07-11 01:41:34
2717,237,25,add_to_cart,2026-06-16 07:01:35
2718,147,1,add_to_cart,2026-07-17 00:31:58
2719,270,20,view,2026-07-11 18:28:55
2720,74,7,add_to_cart,2026-04-30 11:21:58
2721,343,19,view,2026-06-01 00:17:29
2722,244,17,view,2026-06-04 08:41:26
2723,201,46,add_to_cart,2026-07-04 19:48:18
2724,273,88,search,2026-05-21 16:20:34
2725,205,64,search,2026-06-14 11:07:49
2726,243,42,view,2026-07-07 08:50:30
2727,220,64,view,2026-05-11 10:11:42
2728,157,61,view,2026-04-25 06:23:31
2729,5,7,view,2026-06-07 01:16:26
2730,209,67,search,2026-06-03 23:54:23
2731,490,68,add_to_cart,2026-05-22 23:32:13
2732,413,8,view,2026-06-03 23:26:11
2733,233,46,view,2026-05-05 01:15:03
2734,97,23,add_to_cart,2026-07-17 08:40:34
2735,189,34,view,2026-06-13 10:47:19
2736,353,79,view,2026-05-23 11:02:19
2737,4,19,add_to_cart,2026-07-14 14:31:48
2738,125,26,search,2026-07-22 06:31:24
2739,320,55,view,2026-07-09 00:10:50
2740,142,41,add_to_cart,2026-07-17 21:55:50
2741,25,94,view,2026-04-26 15:23:05
2742,151,53,view,2026-07-19 08:01:48
2743,373,39,add_to_cart,2026-05-20 17:02:12
2744,97,28,search,2026-06-03 15:15:19
2745,36,23,view,2026-07-01 01:28:05
2746,206,94,view,2026-06-23 01:52:28
2747,443,69,view,2026-06-22 19:27:58
2748,470,36,search,2026-05-15 08:26:04
2749,165,86,search,2026-06-20 09:36:16
2750,467,56,search,2026-07-13 16:21:26
2751,363,61,search,2026-07-17 23:39:47
2752,500,74,add_to_cart,2026-05-07 19:28:11
2753,167,44,purchase,2026-06-17 14:51:40
2754,165,15,view,2026-06-01 12:03:27
2755,365,35,search,2026-05-23 17:22:19
2756,198,6,view,2026-05-29 01:47:43
2757,456,99,view,2026-06-30 19:54:39
2758,295,39,purchase,2026-04-26 02:03:29
2759,343,42,view,2026-06-25 18:24:29
2760,136,74,view,2026-04-26 12:57:29
2761,209,75,add_to_cart,2026-07-07 14:56:42
2762,328,6,view,2026-06-05 16:09:07
2763,2,22,search,2026-05-19 01:52:29
2764,166,19,search,2026-07-12 05:34:02
2765,26,30,purchase,2026-05-29 01:24:54
2766,318,77,purchase,2026-05-08 07:04:48
2767,206,67,view,2026-07-15 09:58:20
2768,10,60,view,2026-05-25 00:29:27
2769,97,6,view,2026-06-18 10:09:40
2770,448,57,search,2026-06-09 10:57:19
2771,174,69,view,2026-05-29 21:55:13
2772,365,47,purchase,2026-05-05 17:57:07
2773,396,40,view,2026-07-21 00:42:29
2774,257,95,view,2026-07-21 23:18:33
2775,416,67,search,2026-05-14 06:30:45
2776,3,65,search,2026-07-03 23:53:28
2777,81,78,view,2026-06-25 23:36:11
2778,312,51,search,2026-07-11 23:07:58
2779,169,14,search,2026-05-10 03:57:45
2780,151,83,search,2026-05-11 01:15:51
2781,259,4,search,2026-05-29 17:18:26
2782,435,71,view,2026-06-24 04:04:55
2783,459,36,view,2026-06-04 11:42:32
2784,290,38,add_to_cart,2026-05-15 01:54:01
2785,58,57,view,2026-04-24 22:51:30
2786,234,52,view,2026-06-21 00:41:21
2787,131,85,purchase,2026-07-22 12:36:08
2788,412,12,view,2026-07-12 13:04:25
2789,318,98,view,2026-06-16 05:24:31
2790,301,20,view,2026-05-08 22:51:13
2791,233,47,add_to_cart,2026-06-18 09:14:27
2792,195,54,search,2026-06-21 08:31:43
2793,13,54,add_to_cart,2026-05-17 13:58:16
2794,83,59,search,2026-05-16 01:50:48
2795,393,61,view,2026-06-24 08:39:24
2796,302,75,view,2026-05-09 10:05:31
2797,107,30,view,2026-07-14 01:19:59
2798,343,8,view,2026-07-12 14:26:36
2799,484,98,purchase,2026-05-25 10:13:47
2800,167,92,search,2026-06-25 15:09:18
2801,272,8,search,2026-06-17 07:45:19
2802,171,60,purchase,2026-06-20 02:42:52
2803,201,91,view,2026-06-24 14:21:24
2804,482,57,view,2026-05-25 04:38:30
2805,196,26,search,2026-05-02 05:24:08
2806,499,70,search,2026-06-30 06:22:13
2807,24,58,search,2026-06-08 15:23:27
2808,309,9,view,2026-05-01 00:03:39
2809,200,64,search,2026-06-17 20:53:27
2810,348,39,view,2026-06-22 19:01:34
2811,462,92,search,2026-05-10 23:42:36
2812,246,71,view,2026-05-20 07:14:04
2813,329,66,view,2026-05-14 15:35:30
2814,314,3,add_to_cart,2026-04-26 08:25:39
2815,415,62,view,2026-05-09 08:46:18
2816,144,76,view,2026-05-05 06:31:25
2817,112,15,add_to_cart,2026-07-10 01:23:33
2818,401,78,view,2026-07-16 05:03:47
2819,206,95,view,2026-07-19 00:06:02
2820,490,70,view,2026-06-18 18:26:09
2821,389,70,search,2026-06-01 06:45:31
2822,394,98,view,2026-07-08 04:20:18
2823,83,4,search,2026-06-11 03:14:32
2824,5,52,view,2026-07-07 12:58:49
2825,358,5,add_to_cart,2026-04-29 06:45:17
2826,276,76,view,2026-06-10 09:59:01
2827,473,19,search,2026-05-08 16:33:20
2828,237,71,search,2026-05-17 03:15:19
2829,136,36,add_to_cart,2026-06-13 08:39:54
2830,399,56,search,2026-06-22 16:34:24
2831,276,6,view,2026-05-25 09:49:14
2832,26,54,view,2026-06-08 09:30:07
2833,307,79,view,2026-06-14 01:24:14
2834,475,94,add_to_cart,2026-05-13 06:08:39
2835,210,46,search,2026-04-25 23:58:55
2836,486,63,view,2026-07-05 12:46:08
2837,60,99,view,2026-07-11 21:45:40
2838,396,28,view,2026-05-26 16:18:54
2839,211,81,view,2026-07-15 16:05:28
2840,466,41,view,2026-07-21 14:01:24
2841,19,46,view,2026-05-03 19:11:53
2842,314,62,search,2026-06-29 07:05:41
2843,446,29,search,2026-07-02 17:35:52
2844,500,36,view,2026-05-24 22:09:44
2845,225,66,search,2026-05-04 20:57:41
2846,46,40,view,2026-07-19 21:42:04
2847,291,7,search,2026-07-01 19:48:58
2848,61,97,view,2026-05-16 17:35:39
2849,389,42,add_to_cart,2026-05-13 23:29:17
2850,244,69,purchase,2026-05-05 18:18:23
2851,202,81,search,2026-07-13 05:47:07
2852,470,69,search,2026-07-05 21:54:07
2853,22,75,search,2026-07-18 23:44:43
2854,273,80,view,2026-04-29 21:34:41
2855,90,30,search,2026-05-24 02:03:40
2856,488,100,search,2026-05-29 09:18:20
2857,258,66,view,2026-06-03 17:07:22
2858,286,74,add_to_cart,2026-04-27 02:42:32
2859,461,30,add_to_cart,2026-06-04 19:19:30
2860,437,55,purchase,2026-07-12 18:45:32
2861,13,9,view,2026-05-07 18:57:51
2862,366,41,view,2026-07-07 08:13:14
2863,300,65,search,2026-07-18 01:03:19
2864,72,46,search,2026-06-12 01:59:48
2865,224,58,search,2026-05-10 06:16:38
2866,360,91,search,2026-06-28 00:54:22
2867,267,30,view,2026-06-01 21:59:21
2868,335,100,search,2026-07-02 17:02:36
2869,22,18,search,2026-05-03 07:48:47
2870,205,72,view,2026-07-02 04:20:41
2871,398,39,search,2026-07-13 11:38:03
2872,138,30,view,2026-05-03 11:52:20
2873,229,95,view,2026-06-17 02:37:53
2874,214,81,search,2026-06-15 21:37:48
2875,152,75,view,2026-06-01 11:38:22
2876,14,60,add_to_cart,2026-05-23 19:51:29
2877,183,50,add_to_cart,2026-07-02 13:11:43
2878,157,50,view,2026-05-06 14:06:53
2879,213,96,search,2026-05-29 08:19:04
2880,326,37,search,2026-07-23 04:29:38
2881,378,63,view,2026-07-23 08:37:10
2882,365,15,view,2026-06-06 14:53:15
2883,3,44,view,2026-05-10 09:31:40
2884,103,10,search,2026-05-03 20:11:53
2885,246,73,search,2026-06-26 09:15:22
2886,174,13,view,2026-07-07 19:27:55
2887,187,36,search,2026-06-01 05:54:50
2888,423,8,search,2026-05-19 11:35:36
2889,498,72,view,2026-06-10 23:30:43
2890,492,58,view,2026-07-05 03:56:06
2891,80,76,add_to_cart,2026-07-17 03:40:30
2892,79,69,view,2026-06-28 05:18:50
2893,383,31,purchase,2026-07-08 12:48:26
2894,17,20,view,2026-07-16 12:05:33
2895,381,45,purchase,2026-07-06 10:35:38
2896,18,74,search,2026-06-20 12:32:32
2897,234,91,add_to_cart,2026-05-06 00:42:03
2898,334,25,view,2026-06-07 15:16:34
2899,279,16,search,2026-05-31 08:49:32
2900,251,53,view,2026-05-02 06:43:12
2901,2,18,purchase,2026-07-06 04:46:41
2902,240,31,view,2026-07-12 11:32:43
2903,19,18,search,2026-07-15 02:24:41
2904,80,18,search,2026-05-16 02:07:06
2905,165,79,search,2026-04-28 13:22:39
2906,44,27,search,2026-06-04 19:36:02
2907,332,29,add_to_cart,2026-06-11 02:42:05
2908,220,80,search,2026-05-03 19:36:06
2909,286,58,search,2026-05-26 11:57:13
2910,94,82,view,2026-07-12 18:24:25
2911,245,16,view,2026-04-27 07:44:49
2912,370,22,view,2026-07-09 03:17:09
2913,216,9,view,2026-07-16 09:07:17
2914,241,47,view,2026-05-24 12:49:08
2915,89,49,add_to_cart,2026-05-05 09:28:54
2916,329,50,view,2026-07-06 16:26:05
2917,80,49,view,2026-06-18 19:41:32
2918,351,97,view,2026-07-21 12:55:21
2919,386,49,add_to_cart,2026-06-25 05:42:09
2920,207,46,search,2026-05-10 01:06:47
2921,384,24,view,2026-06-06 07:14:25
2922,229,34,add_to_cart,2026-05-23 16:55:15
2923,364,6,view,2026-07-17 01:04:49
2924,482,71,view,2026-05-12 01:55:48
2925,448,43,view,2026-07-04 10:50:22
2926,435,27,add_to_cart,2026-07-09 14:46:35
2927,166,100,view,2026-06-30 01:22:22
2928,157,71,view,2026-05-08 08:52:25
2929,112,69,add_to_cart,2026-05-16 21:57:23
2930,343,1,view,2026-07-07 00:24:17
2931,147,30,view,2026-07-23 12:49:13
2932,221,36,view,2026-07-05 10:54:34
2933,422,11,view,2026-06-10 12:40:22
2934,183,75,add_to_cart,2026-05-09 03:49:47
2935,220,12,view,2026-07-01 08:26:55
2936,475,76,view,2026-06-13 21:53:43
2937,282,76,add_to_cart,2026-05-15 10:54:59
2938,37,18,add_to_cart,2026-04-25 11:52:57
2939,177,2,search,2026-05-22 10:07:34
2940,150,57,view,2026-06-05 23:43:32
2941,257,13,search,2026-04-29 17:41:18
2942,423,68,add_to_cart,2026-06-12 10:55:08
2943,31,8,view,2026-07-01 08:30:50
2944,321,62,purchase,2026-05-03 00:55:46
2945,195,27,search,2026-05-26 05:22:12
2946,55,9,view,2026-06-05 18:20:13
2947,290,69,view,2026-06-25 00:06:50
2948,62,2,view,2026-06-16 23:10:00
2949,46,71,view,2026-04-29 02:42:17
2950,369,86,view,2026-06-14 15:14:52
2951,199,55,view,2026-05-26 19:34:29
2952,461,59,add_to_cart,2026-06-03 04:22:57
2953,385,71,search,2026-04-24 22:25:11
2954,91,55,add_to_cart,2026-06-27 10:55:25
2955,123,32,add_to_cart,2026-07-03 18:14:44
2956,41,48,add_to_cart,2026-05-12 02:38:28
2957,427,96,view,2026-06-02 23:01:08
2958,20,7,view,2026-04-29 23:25:33
2959,114,65,view,2026-05-27 06:13:43
2960,389,89,add_to_cart,2026-07-22 01:24:25
2961,422,3,search,2026-07-22 14:21:35
2962,87,22,view,2026-05-03 23:46:14
2963,57,38,search,2026-04-27 08:41:41
2964,245,53,view,2026-05-04 17:17:39
2965,197,10,view,2026-07-05 09:58:24
2966,353,73,view,2026-05-03 23:28:20
2967,244,55,add_to_cart,2026-05-14 16:37:32
2968,446,67,view,2026-05-07 21:13:36
2969,86,36,view,2026-05-25 17:35:16
2970,141,76,view,2026-06-28 06:14:56
2971,110,7,view,2026-05-08 06:54:28
2972,394,4,view,2026-06-28 02:33:26
2973,446,79,search,2026-07-16 06:29:19
2974,45,15,search,2026-05-19 13:38:42
2975,320,40,view,2026-06-19 14:56:59
2976,60,25,view,2026-05-11 15:13:53
2977,223,24,search,2026-05-06 01:05:38
2978,484,28,view,2026-07-04 20:55:45
2979,359,33,view,2026-07-17 04:48:59
2980,249,87,view,2026-05-06 23:13:22
2981,132,39,view,2026-06-02 12:29:40
2982,186,99,add_to_cart,2026-06-22 21:05:38
2983,269,55,search,2026-05-11 12:47:33
2984,163,75,search,2026-06-05 09:37:58
2985,120,35,view,2026-04-30 00:04:33
2986,439,75,purchase,2026-05-18 17:49:05
2987,265,97,view,2026-06-28 18:19:24
2988,286,81,add_to_cart,2026-07-13 10:00:04
2989,150,36,search,2026-06-17 02:59:44
2990,383,81,view,2026-06-24 02:01:52
2991,285,30,view,2026-07-14 18:22:39
2992,469,12,view,2026-05-11 22:48:52
2993,234,52,view,2026-05-26 23:52:44
2994,337,9,view,2026-07-07 21:22:54
2995,238,21,view,2026-05-18 14:57:16
2996,384,66,view,2026-07-22 15:46:52
2997,252,54,view,2026-05-20 14:17:12
2998,286,48,view,2026-06-02 23:11:41
2999,348,90,view,2026-05-22 17:25:00
3000,269,100,purchase,2026-05-21 00:03:33
3001,463,51,view,2026-05-25 13:32:39
3002,401,30,view,2026-06-18 04:44:09
3003,348,90,search,2026-07-23 14:38:32
3004,247,17,search,2026-07-19 05:13:55
3005,465,74,search,2026-05-27 15:11:02
3006,452,32,view,2026-05-14 09:01:56
3007,428,97,purchase,2026-06-11 15:49:29
3008,356,20,view,2026-05-27 14:25:01
3009,287,11,view,2026-06-08 03:30:06
3010,388,90,add_to_cart,2026-05-13 18:58:34
3011,449,81,search,2026-05-16 12:25:48
3012,201,35,view,2026-06-27 17:27:18
3013,174,53,search,2026-06-12 06:38:17
3014,453,55,view,2026-06-19 19:19:08
3015,16,53,search,2026-06-01 21:30:30
3016,441,69,view,2026-06-18 14:47:15
3017,284,76,search,2026-06-23 12:14:17
3018,364,97,add_to_cart,2026-06-16 18:13:00
3019,479,85,view,2026-05-04 01:10:49
3020,218,29,search,2026-06-12 06:21:45
3021,49,13,view,2026-07-09 14:20:53
3022,309,84,view,2026-06-08 13:22:37
3023,53,4,view,2026-06-11 23:23:41
3024,489,27,view,2026-05-31 13:27:09
3025,35,61,search,2026-07-08 22:58:42
3026,468,1,add_to_cart,2026-05-21 07:13:26
3027,321,79,view,2026-06-10 12:08:28
3028,332,92,view,2026-07-20 17:26:45
3029,89,50,search,2026-06-19 10:12:26
3030,128,16,view,2026-05-06 14:28:28
3031,174,51,search,2026-06-21 04:52:42
3032,466,39,search,2026-06-06 15:02:46
3033,242,24,view,2026-05-21 16:46:52
3034,91,96,search,2026-07-14 10:14:30
3035,381,22,view,2026-07-01 22:04:40
3036,185,45,search,2026-05-14 15:00:48
3037,496,25,search,2026-06-08 08:57:40
3038,89,96,add_to_cart,2026-07-17 06:20:43
3039,489,76,search,2026-05-23 21:27:08
3040,7,28,view,2026-06-19 07:26:59
3041,161,65,add_to_cart,2026-05-02 11:17:50
3042,401,15,view,2026-06-03 20:50:45
3043,425,50,search,2026-06-18 18:37:58
3044,279,12,search,2026-06-07 13:07:39
3045,404,4,view,2026-07-20 00:35:50
3046,329,29,view,2026-05-16 03:16:05
3047,360,15,view,2026-06-01 12:57:49
3048,64,22,view,2026-07-08 19:06:52
3049,342,4,view,2026-07-09 01:26:13
3050,433,32,search,2026-05-21 03:07:13
3051,441,75,view,2026-07-06 22:49:32
3052,48,25,view,2026-05-21 03:16:33
3053,167,28,view,2026-06-28 08:40:57
3054,253,62,search,2026-05-14 15:01:19
3055,416,36,search,2026-05-04 10:59:20
3056,172,6,add_to_cart,2026-06-16 16:09:27
3057,485,89,view,2026-07-04 10:17:14
3058,36,10,add_to_cart,2026-06-11 15:17:17
3059,360,28,view,2026-05-19 02:02:22
3060,326,12,view,2026-04-25 17:20:46
3061,172,75,search,2026-06-21 00:35:41
3062,399,85,view,2026-04-27 03:07:05
3063,29,40,search,2026-07-23 07:06:36
3064,101,5,view,2026-06-18 06:11:59
3065,252,54,add_to_cart,2026-06-02 22:54:42
3066,326,5,search,2026-05-01 17:39:27
3067,372,78,view,2026-05-23 01:25:10
3068,91,16,purchase,2026-07-08 10:36:42
3069,124,34,search,2026-07-05 19:43:11
3070,204,39,search,2026-07-19 22:36:46
3071,98,8,view,2026-05-13 21:13:38
3072,45,55,view,2026-06-10 03:00:40
3073,338,86,view,2026-07-15 00:11:22
3074,354,13,view,2026-06-16 11:36:48
3075,233,8,view,2026-07-10 03:22:50
3076,290,13,add_to_cart,2026-07-19 12:22:14
3077,52,64,view,2026-07-18 20:23:53
3078,86,91,view,2026-06-29 21:52:32
3079,194,3,purchase,2026-05-24 04:09:46
3080,281,86,add_to_cart,2026-05-10 09:33:04
3081,312,72,add_to_cart,2026-05-03 06:44:00
3082,177,12,view,2026-07-15 07:17:42
3083,320,59,add_to_cart,2026-05-23 17:57:15
3084,198,18,add_to_cart,2026-07-01 09:39:21
3085,45,99,add_to_cart,2026-05-15 09:40:57
3086,265,61,add_to_cart,2026-05-30 11:44:03
3087,295,49,view,2026-06-05 08:00:44
3088,117,78,view,2026-06-17 12:13:33
3089,479,11,view,2026-06-25 13:44:00
3090,300,39,search,2026-05-05 12:10:23
3091,396,49,view,2026-06-19 18:57:21
3092,174,22,view,2026-05-09 10:40:07
3093,72,45,view,2026-04-29 08:38:30
3094,45,91,view,2026-07-23 01:00:22
3095,207,28,view,2026-06-03 14:40:42
3096,358,85,view,2026-06-27 23:22:33
3097,114,50,view,2026-06-16 21:41:06
3098,156,45,view,2026-05-26 02:06:49
3099,109,97,search,2026-07-05 12:26:22
3100,195,10,view,2026-06-25 04:03:01
3101,223,37,view,2026-07-12 05:31:47
3102,38,91,view,2026-06-16 09:53:06
3103,358,91,search,2026-06-14 06:08:20
3104,316,46,view,2026-06-22 09:40:10
3105,172,65,search,2026-06-21 18:13:57
3106,135,8,view,2026-05-04 23:58:55
3107,354,81,search,2026-05-27 19:01:37
3108,261,58,view,2026-06-28 02:54:50
3109,244,27,view,2026-07-09 06:37:28
3110,303,38,add_to_cart,2026-07-16 09:45:15
3111,114,58,search,2026-05-03 02:26:21
3112,277,20,view,2026-05-07 15:36:02
3113,461,84,view,2026-05-30 08:08:10
3114,16,34,view,2026-04-25 11:41:27
3115,287,3,search,2026-05-02 18:28:21
3116,184,84,add_to_cart,2026-05-05 12:14:59
3117,135,1,purchase,2026-05-31 10:02:07
3118,306,83,purchase,2026-06-04 14:00:51
3119,112,34,view,2026-07-01 17:11:24
3120,308,57,search,2026-05-04 16:09:14
3121,4,1,purchase,2026-07-12 14:51:41
3122,249,53,search,2026-04-30 10:31:42
3123,404,35,purchase,2026-07-11 18:59:57
3124,460,13,view,2026-06-15 18:43:40
3125,90,1,view,2026-05-11 01:41:45
3126,120,65,search,2026-05-06 12:40:37
3127,216,85,view,2026-05-16 23:31:43
3128,91,71,view,2026-05-11 16:48:57
3129,333,20,view,2026-06-15 18:08:54
3130,170,61,view,2026-05-09 19:30:24
3131,316,25,view,2026-06-22 13:08:01
3132,354,77,view,2026-04-24 20:03:52
3133,167,12,view,2026-07-06 15:44:20
3134,332,35,view,2026-07-11 15:06:02
3135,71,30,view,2026-07-09 14:40:59
3136,61,91,view,2026-05-18 14:55:22
3137,214,86,view,2026-07-16 12:40:52
3138,469,41,view,2026-07-09 10:03:14
3139,269,19,view,2026-06-26 03:39:33
3140,318,76,view,2026-07-13 20:56:48
3141,5,56,view,2026-06-25 19:20:10
3142,424,86,view,2026-06-11 05:23:16
3143,333,6,search,2026-06-08 19:06:05
3144,314,31,view,2026-07-23 16:16:32
3145,323,3,add_to_cart,2026-04-27 00:21:19
3146,187,14,search,2026-07-22 01:35:35
3147,430,43,view,2026-05-02 04:57:12
3148,366,43,add_to_cart,2026-05-06 23:14:23
3149,478,98,search,2026-07-21 17:06:12
3150,56,84,view,2026-06-09 07:08:52
3151,333,53,search,2026-05-22 15:46:13
3152,442,81,view,2026-04-28 05:54:32
3153,109,11,search,2026-06-29 03:54:32
3154,333,79,view,2026-06-01 03:24:06
3155,135,97,view,2026-07-22 07:52:08
3156,335,83,search,2026-04-27 03:10:11
3157,404,30,view,2026-06-20 12:38:10
3158,468,15,search,2026-05-04 03:53:45
3159,135,85,search,2026-07-21 13:38:00
3160,433,57,view,2026-07-22 19:29:09
3161,146,93,view,2026-06-19 14:33:37
3162,9,41,add_to_cart,2026-06-17 08:35:42
3163,201,45,add_to_cart,2026-07-09 20:29:28
3164,227,76,search,2026-07-01 11:13:21
3165,466,3,search,2026-05-21 17:26:52
3166,115,74,add_to_cart,2026-04-24 18:36:20
3167,253,78,purchase,2026-06-18 16:57:33
3168,383,7,search,2026-05-29 14:15:31
3169,97,67,search,2026-06-16 10:51:36
3170,259,2,view,2026-07-04 09:09:45
3171,29,50,view,2026-06-08 08:14:05
3172,147,30,view,2026-05-21 06:03:21
3173,227,57,add_to_cart,2026-05-02 18:27:08
3174,243,41,view,2026-06-03 22:37:26
3175,55,29,view,2026-06-18 02:16:45
3176,40,39,search,2026-06-17 06:56:05
3177,34,18,view,2026-06-25 08:45:40
3178,12,66,view,2026-06-10 05:00:14
3179,436,52,search,2026-05-10 07:35:13
3180,384,79,add_to_cart,2026-05-23 10:14:03
3181,165,39,view,2026-07-15 00:15:37
3182,300,24,view,2026-07-18 19:18:47
3183,492,2,search,2026-06-29 06:39:09
3184,114,31,search,2026-07-21 04:26:12
3185,154,23,view,2026-06-13 10:46:08
3186,4,99,view,2026-05-02 11:30:48
3187,276,91,view,2026-05-05 10:48:12
3188,434,43,view,2026-07-18 11:32:41
3189,242,77,view,2026-06-15 14:42:59
3190,210,41,view,2026-07-15 20:01:19
3191,351,4,view,2026-07-14 16:38:48
3192,300,73,add_to_cart,2026-04-26 03:53:19
3193,102,36,view,2026-06-07 14:42:48
3194,36,31,purchase,2026-05-15 09:08:33
3195,135,85,view,2026-07-10 21:08:43
3196,210,87,search,2026-05-29 13:12:38
3197,112,29,add_to_cart,2026-05-25 23:44:42
3198,384,69,add_to_cart,2026-05-08 05:39:09
3199,314,50,view,2026-05-21 20:25:23
3200,12,18,search,2026-06-01 19:12:35
3201,114,89,search,2026-05-03 12:16:53
3202,269,21,view,2026-05-23 09:36:17
3203,99,77,view,2026-05-07 10:21:52
3204,16,39,view,2026-06-08 18:17:05
3205,324,99,view,2026-05-06 06:52:19
3206,220,88,view,2026-05-11 19:23:15
3207,246,49,search,2026-06-09 19:30:59
3208,4,51,view,2026-05-06 23:07:59
3209,499,46,search,2026-05-15 15:05:36
3210,75,30,search,2026-06-12 06:24:21
3211,28,39,search,2026-07-13 10:53:02
3212,220,1,view,2026-04-29 02:06:46
3213,253,13,search,2026-04-29 10:39:16
3214,63,74,view,2026-05-18 08:30:03
3215,130,48,search,2026-06-11 05:28:01
3216,362,63,view,2026-04-30 17:03:08
3217,3,8,search,2026-05-12 13:21:46
3218,428,75,search,2026-06-05 11:42:09
3219,58,49,view,2026-07-15 10:19:57
3220,211,49,search,2026-06-29 10:37:16
3221,171,90,view,2026-06-13 15:03:15
3222,446,48,view,2026-06-21 22:28:06
3223,194,1,search,2026-06-19 23:05:04
3224,373,19,view,2026-05-22 10:41:06
3225,483,100,view,2026-07-11 18:03:16
3226,133,18,search,2026-05-02 18:06:05
3227,235,84,search,2026-06-08 21:41:33
3228,475,69,search,2026-05-22 08:50:31
3229,205,49,view,2026-07-04 23:12:42
3230,176,32,view,2026-07-09 16:07:07
3231,446,16,search,2026-07-07 04:51:08
3232,217,26,search,2026-07-01 14:32:51
3233,62,11,search,2026-06-12 03:42:24
3234,259,54,search,2026-05-27 17:16:31
3235,34,45,view,2026-06-09 10:24:39
3236,389,98,view,2026-05-06 20:22:58
3237,16,74,view,2026-05-03 02:42:55
3238,500,90,search,2026-06-10 00:03:46
3239,328,8,view,2026-05-01 21:54:40
3240,485,93,search,2026-05-09 20:17:14
3241,82,32,view,2026-05-05 18:24:52
3242,239,62,search,2026-06-29 16:59:59
3243,269,4,view,2026-07-13 21:33:39
3244,288,81,view,2026-05-27 06:21:58
3245,151,18,view,2026-06-30 02:47:34
3246,292,16,search,2026-06-20 14:00:47
3247,98,10,add_to_cart,2026-05-31 11:08:55
3248,499,82,search,2026-05-22 07:57:24
3249,389,66,view,2026-05-16 03:15:37
3250,299,11,view,2026-07-15 19:55:31
3251,95,78,view,2026-04-26 19:19:52
3252,24,4,add_to_cart,2026-05-18 11:34:57
3253,276,44,search,2026-05-18 13:29:10
3254,340,97,search,2026-07-21 20:32:15
3255,422,20,add_to_cart,2026-07-01 23:15:39
3256,423,10,view,2026-05-19 22:05:49
3257,265,45,search,2026-06-24 12:36:25
3258,302,49,view,2026-05-14 23:20:54
3259,79,62,search,2026-06-15 16:34:12
3260,431,34,view,2026-06-27 16:54:03
3261,332,26,add_to_cart,2026-06-11 22:59:51
3262,250,44,search,2026-07-19 09:09:59
3263,211,27,add_to_cart,2026-05-08 06:01:45
3264,25,13,view,2026-05-21 09:22:14
3265,401,4,add_to_cart,2026-07-11 18:07:02
3266,217,21,search,2026-06-01 20:37:47
3267,183,24,view,2026-07-17 18:31:06
3268,483,29,add_to_cart,2026-05-30 12:25:41
3269,37,19,view,2026-05-21 20:41:34
3270,197,45,view,2026-07-12 03:22:05
3271,153,63,purchase,2026-05-30 04:34:41
3272,404,51,view,2026-07-06 15:52:57
3273,235,79,view,2026-06-03 14:08:16
3274,160,68,view,2026-05-23 04:58:40
3275,353,55,view,2026-05-21 18:26:15
3276,493,74,view,2026-05-30 09:39:01
3277,74,3,view,2026-06-24 10:31:19
3278,87,41,view,2026-06-03 20:03:49
3279,347,17,purchase,2026-06-04 08:57:05
3280,203,50,search,2026-05-27 02:52:42
3281,67,19,add_to_cart,2026-04-29 23:26:30
3282,254,99,view,2026-06-07 03:22:09
3283,252,92,view,2026-06-21 16:49:03
3284,141,95,view,2026-04-26 19:49:26
3285,369,57,search,2026-05-15 15:14:17
3286,158,88,add_to_cart,2026-07-17 20:05:21
3287,87,10,view,2026-05-05 09:57:20
3288,189,56,add_to_cart,2026-06-27 11:23:02
3289,227,1,view,2026-07-10 03:53:16
3290,122,38,add_to_cart,2026-06-08 12:21:44
3291,329,89,add_to_cart,2026-07-01 14:23:47
3292,402,94,search,2026-05-22 13:31:38
3293,213,64,search,2026-06-08 17:25:24
3294,87,48,view,2026-06-14 04:10:20
3295,183,90,search,2026-06-08 06:30:18
3296,14,27,view,2026-06-23 00:42:39
3297,318,18,view,2026-06-07 16:07:24
3298,333,88,add_to_cart,2026-05-08 16:38:53
3299,469,32,view,2026-06-26 08:16:16
3300,441,20,search,2026-07-23 15:52:51
3301,339,90,search,2026-05-25 10:55:25
3302,37,92,add_to_cart,2026-06-11 02:44:15
3303,243,99,search,2026-04-25 20:26:33
3304,241,26,view,2026-05-16 01:01:19
3305,403,18,add_to_cart,2026-07-09 19:30:07
3306,490,67,view,2026-04-25 03:11:03
3307,69,9,purchase,2026-07-19 11:15:17
3308,483,20,view,2026-07-15 08:45:37
3309,30,93,search,2026-05-23 01:53:07
3310,302,35,view,2026-07-13 01:03:29
3311,156,99,purchase,2026-06-16 10:39:44
3312,126,27,purchase,2026-05-15 08:15:36
3313,256,58,search,2026-05-31 16:54:55
3314,13,66,view,2026-06-30 19:59:43
3315,323,78,view,2026-07-03 23:35:41
3316,446,82,view,2026-05-14 19:02:46
3317,233,2,add_to_cart,2026-06-25 20:38:14
3318,407,33,search,2026-05-22 11:35:00
3319,262,77,view,2026-06-18 07:17:41
3320,226,54,view,2026-07-03 03:34:48
3321,31,15,add_to_cart,2026-05-08 20:16:01
3322,160,80,view,2026-07-17 21:42:13
3323,55,73,add_to_cart,2026-05-31 01:00:41
3324,30,84,purchase,2026-07-18 15:04:22
3325,2,10,view,2026-05-26 22:13:00
3326,183,51,view,2026-05-28 04:55:28
3327,478,68,search,2026-07-20 13:34:35
3328,428,83,view,2026-07-18 22:25:31
3329,29,28,purchase,2026-07-04 22:49:08
3330,306,74,search,2026-07-04 10:00:50
3331,443,5,view,2026-06-25 15:50:34
3332,39,8,view,2026-05-21 02:43:32
3333,147,9,view,2026-06-01 02:05:16
3334,306,44,view,2026-05-15 10:43:53
3335,205,25,search,2026-06-27 06:13:37
3336,61,36,search,2026-05-15 19:16:14
3337,288,40,view,2026-05-28 21:53:42
3338,303,7,view,2026-06-24 08:10:16
3339,384,2,view,2026-06-02 20:51:19
3340,310,41,view,2026-06-07 03:31:45
3341,67,63,add_to_cart,2026-06-07 11:30:30
3342,329,34,view,2026-06-22 18:15:59
3343,22,20,add_to_cart,2026-07-10 10:37:00
3344,396,14,view,2026-06-22 13:51:52
3345,316,89,search,2026-07-01 23:49:56
3346,126,62,search,2026-06-06 00:51:19
3347,55,14,view,2026-06-01 12:06:29
3348,257,67,purchase,2026-05-05 15:57:26
3349,50,73,search,2026-07-13 23:10:58
3350,235,57,view,2026-07-05 03:42:00
3351,430,67,view,2026-05-14 01:14:43
3352,100,53,view,2026-07-18 03:48:27
3353,25,93,view,2026-04-27 10:30:05
3354,206,69,view,2026-05-13 02:50:28
3355,157,46,search,2026-05-01 05:07:18
3356,353,45,view,2026-06-06 09:42:37
3357,427,20,search,2026-05-18 16:24:43
3358,223,31,purchase,2026-06-19 21:04:11
3359,394,76,search,2026-06-13 03:32:11
3360,102,37,view,2026-06-02 13:32:51
3361,397,19,view,2026-07-21 14:50:47
3362,470,90,view,2026-06-18 00:55:34
3363,26,9,search,2026-06-16 02:00:53
3364,493,35,add_to_cart,2026-06-05 05:48:26
3365,328,63,search,2026-05-14 21:46:38
3366,4,100,view,2026-05-09 10:22:22
3367,479,66,view,2026-05-10 00:16:24
3368,280,23,view,2026-06-01 00:25:32
3369,260,76,search,2026-06-26 13:29:37
3370,135,33,view,2026-06-25 15:38:32
3371,226,95,search,2026-05-10 16:37:20
3372,199,17,add_to_cart,2026-05-30 16:39:39
3373,187,55,view,2026-05-17 20:55:50
3374,4,70,view,2026-05-13 04:49:36
3375,5,69,add_to_cart,2026-07-23 09:48:21
3376,285,17,add_to_cart,2026-07-15 11:55:33
3377,6,82,view,2026-07-14 03:57:32
3378,136,72,add_to_cart,2026-07-15 17:08:52
3379,104,62,search,2026-06-09 06:14:35
3380,277,96,purchase,2026-05-05 23:15:10
3381,74,98,search,2026-05-08 07:46:15
3382,199,17,search,2026-06-10 09:14:48
3383,393,65,add_to_cart,2026-05-13 23:24:44
3384,2,100,search,2026-04-25 13:08:51
3385,269,11,view,2026-04-29 09:01:33
3386,90,92,add_to_cart,2026-05-08 09:10:40
3387,121,38,search,2026-06-11 04:11:14
3388,132,87,purchase,2026-05-28 13:49:17
3389,446,85,view,2026-07-13 11:38:47
3390,419,85,view,2026-06-09 07:25:39
3391,56,97,search,2026-07-09 19:13:20
3392,430,55,add_to_cart,2026-06-29 12:34:46
3393,347,75,search,2026-05-05 05:30:12
3394,229,47,search,2026-06-05 21:31:32
3395,216,99,view,2026-07-08 10:30:40
3396,277,53,view,2026-06-22 16:04:10
3397,365,93,search,2026-06-14 14:06:18
3398,143,25,view,2026-05-20 12:55:10
3399,10,3,search,2026-05-30 07:24:26
3400,95,21,add_to_cart,2026-07-15 05:31:54
3401,172,18,purchase,2026-05-31 14:12:13
3402,413,92,view,2026-07-09 11:21:54
3403,278,80,view,2026-07-01 03:29:52
3404,113,17,add_to_cart,2026-06-19 23:17:25
3405,45,98,view,2026-06-24 06:32:37
3406,426,2,view,2026-05-29 20:13:23
3407,419,37,view,2026-05-18 07:52:01
3408,254,7,search,2026-05-27 04:40:38
3409,296,82,search,2026-05-02 17:34:14
3410,204,5,search,2026-05-04 01:11:00
3411,26,9,view,2026-07-14 04:18:53
3412,95,54,view,2026-06-12 15:16:43
3413,19,18,view,2026-06-18 03:10:45
3414,342,92,view,2026-05-20 02:45:35
3415,283,44,search,2026-07-17 13:12:06
3416,333,27,view,2026-05-22 18:31:56
3417,305,65,search,2026-05-29 11:37:36
3418,295,12,search,2026-05-05 04:14:47
3419,173,74,view,2026-06-19 01:34:14
3420,54,33,view,2026-07-20 17:28:01
3421,429,65,add_to_cart,2026-06-25 05:23:13
3422,237,37,search,2026-05-18 00:27:13
3423,492,20,view,2026-05-14 20:57:50
3424,54,64,search,2026-07-13 01:28:39
3425,396,53,view,2026-05-08 21:51:17
3426,472,67,view,2026-06-01 20:27:26
3427,322,43,view,2026-07-20 00:30:54
3428,356,22,purchase,2026-06-12 01:37:30
3429,402,17,view,2026-04-28 12:51:52
3430,492,5,search,2026-07-05 00:53:26
3431,406,85,view,2026-06-16 17:34:36
3432,239,86,view,2026-05-24 05:53:06
3433,401,96,view,2026-04-26 09:45:53
3434,199,12,search,2026-06-18 00:44:25
3435,465,44,view,2026-07-13 16:53:27
3436,91,64,add_to_cart,2026-06-02 14:37:49
3437,392,26,search,2026-07-19 01:31:55
3438,388,90,search,2026-05-17 11:25:12
3439,199,54,add_to_cart,2026-07-22 00:31:39
3440,133,49,search,2026-07-07 18:06:41
3441,124,2,view,2026-04-30 08:42:22
3442,34,93,view,2026-04-29 19:11:51
3443,316,77,search,2026-05-01 02:46:28
3444,332,57,search,2026-07-04 07:22:12
3445,3,40,add_to_cart,2026-06-15 07:59:57
3446,26,23,search,2026-05-17 02:29:37
3447,207,90,purchase,2026-04-30 23:17:05
3448,207,70,add_to_cart,2026-06-21 23:28:52
3449,459,24,search,2026-04-29 14:54:12
3450,373,95,view,2026-07-23 08:53:05
3451,161,91,view,2026-06-06 18:26:53
3452,252,55,view,2026-07-08 12:01:26
3453,252,51,view,2026-07-22 15:56:19
3454,386,4,search,2026-07-12 10:18:10
3455,49,18,purchase,2026-06-29 04:28:43
3456,382,55,search,2026-05-28 13:48:04
3457,461,74,view,2026-06-08 06:17:30
3458,423,33,search,2026-07-15 22:15:29
3459,3,45,add_to_cart,2026-05-16 02:22:10
3460,44,12,view,2026-05-28 13:56:39
3461,412,71,add_to_cart,2026-06-29 04:23:41
3462,473,95,view,2026-07-17 09:42:31
3463,366,56,view,2026-05-14 09:37:35
3464,362,58,search,2026-05-22 21:18:48
3465,89,13,search,2026-05-06 19:50:52
3466,452,40,view,2026-06-04 16:50:13
3467,363,30,view,2026-06-03 08:13:02
3468,442,46,search,2026-07-07 06:05:24
3469,438,14,view,2026-06-10 21:06:29
3470,258,62,search,2026-05-04 06:06:07
3471,306,64,view,2026-07-18 03:41:10
3472,79,85,search,2026-07-12 09:38:35
3473,132,53,add_to_cart,2026-06-05 16:43:29
3474,326,68,add_to_cart,2026-06-28 10:44:38
3475,220,4,view,2026-06-27 06:43:01
3476,242,100,search,2026-05-10 09:18:07
3477,279,52,view,2026-05-10 03:21:39
3478,114,55,view,2026-06-06 19:18:51
3479,309,89,search,2026-06-19 00:58:07
3480,424,89,view,2026-06-26 04:42:52
3481,242,11,add_to_cart,2026-07-13 00:51:45
3482,202,22,view,2026-07-22 17:18:21
3483,385,78,search,2026-07-03 01:05:41
3484,322,78,view,2026-05-23 00:09:05
3485,348,75,view,2026-05-25 14:02:03
3486,338,69,view,2026-05-26 02:46:30
3487,211,80,view,2026-06-08 20:14:52
3488,95,56,view,2026-06-22 06:45:46
3489,297,49,view,2026-06-17 00:25:41
3490,117,72,view,2026-07-05 18:10:04
3491,319,4,view,2026-07-23 10:47:04
3492,44,91,add_to_cart,2026-05-22 22:55:40
3493,77,99,view,2026-07-20 07:26:09
3494,473,50,view,2026-06-17 06:00:01
3495,350,25,search,2026-07-13 14:42:30
3496,89,76,purchase,2026-07-17 11:55:56
3497,217,51,view,2026-05-03 17:19:49
3498,320,69,view,2026-06-26 15:40:47
3499,70,40,search,2026-04-28 12:49:05
3500,33,84,view,2026-04-28 22:37:34
3501,4,92,search,2026-05-20 03:18:35
3502,166,77,search,2026-05-12 06:41:54
3503,313,58,search,2026-07-20 00:33:59
3504,295,45,search,2026-04-29 13:04:45
3505,376,30,search,2026-07-08 20:28:32
3506,90,76,view,2026-05-06 16:49:00
3507,61,94,add_to_cart,2026-05-27 17:04:30
3508,381,2,view,2026-06-12 22:51:59
3509,239,81,view,2026-05-21 10:24:36
3510,107,74,search,2026-04-26 22:33:24
3511,244,85,search,2026-05-28 04:06:23
3512,94,24,view,2026-07-16 07:59:36
3513,117,53,search,2026-07-13 09:45:24
3514,72,82,search,2026-06-01 00:52:32
3515,106,6,view,2026-06-12 02:35:30
3516,384,26,view,2026-05-07 22:12:03
3517,492,34,search,2026-07-21 13:09:42
3518,235,84,search,2026-05-08 04:42:18
3519,159,90,add_to_cart,2026-06-07 12:30:31
3520,223,31,view,2026-07-10 15:57:53
3521,443,82,view,2026-04-27 03:02:31
3522,423,42,view,2026-07-09 15:00:28
3523,418,12,add_to_cart,2026-07-07 18:08:30
3524,169,40,view,2026-06-28 02:46:04
3525,358,48,add_to_cart,2026-06-29 13:35:24
3526,470,64,view,2026-07-03 15:37:27
3527,232,70,add_to_cart,2026-07-10 07:31:53
3528,128,47,search,2026-05-19 06:56:54
3529,227,29,view,2026-07-04 01:23:37
3530,38,36,view,2026-06-05 09:01:26
3531,329,69,search,2026-06-04 09:00:47
3532,218,66,view,2026-07-06 06:57:06
3533,165,65,view,2026-05-23 12:21:39
3534,336,95,add_to_cart,2026-06-27 22:07:10
3535,217,84,search,2026-06-05 08:36:34
3536,379,21,add_to_cart,2026-07-14 12:03:11
3537,297,28,view,2026-06-01 17:38:30
3538,187,67,view,2026-05-09 16:30:26
3539,18,85,add_to_cart,2026-06-09 14:40:38
3540,223,68,view,2026-07-23 10:51:49
3541,306,78,view,2026-05-10 03:43:00
3542,468,84,view,2026-07-11 18:56:27
3543,365,72,view,2026-07-14 05:03:09
3544,390,33,view,2026-07-18 07:15:42
3545,439,56,purchase,2026-06-30 18:03:48
3546,209,69,view,2026-04-27 00:28:15
3547,462,93,search,2026-05-25 16:40:54
3548,486,8,view,2026-07-03 16:29:10
3549,19,77,view,2026-05-20 20:12:10
3550,244,60,view,2026-07-13 14:09:55
3551,6,7,view,2026-05-21 22:21:25
3552,108,98,search,2026-05-13 18:07:35
3553,339,6,search,2026-06-07 02:15:57
3554,138,95,view,2026-05-08 11:39:44
3555,354,41,view,2026-07-10 06:19:38
3556,213,86,search,2026-06-30 06:41:01
3557,4,31,search,2026-04-27 11:39:05
3558,37,54,view,2026-06-17 23:50:46
3559,216,15,view,2026-06-29 09:36:59
3560,82,89,search,2026-04-25 04:23:56
3561,187,44,view,2026-05-12 16:07:21
3562,336,13,view,2026-05-28 01:16:57
3563,138,9,view,2026-06-08 18:14:54
3564,358,34,search,2026-06-30 09:06:20
3565,404,88,view,2026-05-16 10:32:45
3566,454,63,search,2026-07-14 12:46:38
3567,460,43,view,2026-07-11 03:20:28
3568,435,93,add_to_cart,2026-05-05 13:17:01
3569,90,31,search,2026-06-19 15:28:55
3570,17,36,purchase,2026-05-10 21:53:46
3571,244,46,view,2026-06-08 10:36:52
3572,498,34,view,2026-06-05 20:39:36
3573,406,49,add_to_cart,2026-07-11 23:28:02
3574,401,45,view,2026-04-29 16:09:44
3575,314,47,view,2026-06-15 00:37:29
3576,120,71,search,2026-05-28 16:50:50
3577,215,38,view,2026-05-02 12:03:01
3578,159,81,search,2026-04-28 16:32:47
3579,485,78,add_to_cart,2026-06-24 11:18:12
3580,48,75,view,2026-05-03 19:33:15
3581,47,62,search,2026-07-23 08:10:44
3582,190,45,add_to_cart,2026-05-25 01:37:20
3583,458,88,view,2026-06-07 18:23:17
3584,423,5,add_to_cart,2026-06-04 06:47:24
3585,86,61,view,2026-07-15 18:31:21
3586,64,54,view,2026-05-18 17:39:48
3587,269,33,view,2026-07-15 14:25:17
3588,89,12,search,2026-07-14 08:09:45
3589,287,48,purchase,2026-07-03 12:46:59
3590,435,98,add_to_cart,2026-05-10 21:42:04
3591,461,55,view,2026-05-04 13:34:55
3592,108,97,view,2026-06-13 14:03:30
3593,158,68,view,2026-07-09 18:49:58
3594,394,57,view,2026-04-26 01:57:11
3595,353,80,add_to_cart,2026-06-04 20:48:42
3596,342,30,view,2026-07-14 12:21:47
3597,260,31,view,2026-07-15 15:54:57
3598,143,80,search,2026-05-01 20:55:11
3599,265,96,view,2026-04-30 11:16:42
3600,195,43,view,2026-05-26 17:51:15
3601,435,79,add_to_cart,2026-06-16 03:00:35
3602,91,17,add_to_cart,2026-07-02 01:15:52
3603,436,54,view,2026-06-29 09:53:01
3604,488,13,add_to_cart,2026-07-07 13:21:44
3605,132,36,search,2026-07-14 01:56:21
3606,470,68,add_to_cart,2026-06-15 05:25:54
3607,22,40,search,2026-07-16 06:11:31
3608,54,85,view,2026-05-09 11:50:17
3609,34,19,view,2026-07-12 22:16:11
3610,150,52,view,2026-04-29 04:42:37
3611,410,19,search,2026-07-09 23:15:13
3612,435,31,view,2026-05-19 12:04:26
3613,82,61,view,2026-05-30 17:45:11
3614,269,49,view,2026-06-22 14:01:32
3615,365,9,view,2026-05-26 20:53:45
3616,183,76,view,2026-05-22 09:42:47
3617,378,34,view,2026-05-02 23:18:51
3618,312,91,view,2026-05-23 18:08:31
3619,153,56,add_to_cart,2026-05-30 21:04:39
3620,137,11,add_to_cart,2026-06-30 06:48:08
3621,393,21,search,2026-06-20 12:48:22
3622,291,62,view,2026-06-26 02:14:02
3623,63,42,view,2026-05-08 23:46:35
3624,413,75,view,2026-06-29 01:36:23
3625,283,78,view,2026-07-21 09:47:10
3626,475,44,add_to_cart,2026-07-22 00:49:14
3627,275,28,add_to_cart,2026-06-13 03:39:42
3628,69,55,view,2026-06-23 08:40:45
3629,49,96,view,2026-06-12 14:06:51
3630,294,30,add_to_cart,2026-05-09 19:40:54
3631,99,13,search,2026-05-18 14:42:55
3632,242,73,add_to_cart,2026-07-10 02:32:45
3633,200,57,view,2026-06-08 10:07:33
3634,262,100,view,2026-07-08 17:59:35
3635,16,46,view,2026-06-13 14:24:23
3636,413,58,view,2026-06-06 15:09:40
3637,386,38,view,2026-06-21 11:10:41
3638,447,80,add_to_cart,2026-05-02 13:44:49
3639,228,26,view,2026-05-21 07:54:35
3640,198,7,view,2026-05-11 22:51:23
3641,5,17,search,2026-05-31 08:11:46
3642,448,67,view,2026-06-11 17:01:14
3643,333,79,view,2026-05-15 09:29:48
3644,449,40,search,2026-07-19 04:46:11
3645,33,22,search,2026-06-12 13:08:01
3646,243,58,search,2026-04-29 07:07:02
3647,144,84,search,2026-05-21 03:20:05
3648,6,78,search,2026-07-10 06:49:00
3649,127,35,view,2026-06-30 16:21:02
3650,279,87,view,2026-06-24 10:25:39
3651,40,69,search,2026-05-08 21:43:19
3652,146,55,search,2026-05-04 01:21:33
3653,26,10,add_to_cart,2026-07-14 07:20:42
3654,329,86,view,2026-05-11 11:04:10
3655,41,7,add_to_cart,2026-05-25 03:44:14
3656,60,32,view,2026-05-31 03:34:00
3657,35,13,search,2026-05-10 05:08:59
3658,94,1,view,2026-06-15 16:40:25
3659,396,71,view,2026-07-11 00:05:43
3660,143,23,view,2026-06-17 03:03:28
3661,446,26,search,2026-05-02 04:00:43
3662,456,87,view,2026-05-06 12:18:47
3663,436,100,search,2026-05-16 06:58:23
3664,251,2,view,2026-06-18 14:23:59
3665,407,86,search,2026-06-26 16:12:20
3666,425,62,purchase,2026-07-05 09:22:37
3667,232,77,view,2026-07-06 10:33:31
3668,307,76,search,2026-06-26 15:02:53
3669,292,55,view,2026-04-29 04:39:08
3670,25,3,view,2026-05-02 13:19:17
3671,158,90,search,2026-07-09 11:51:33
3672,30,61,add_to_cart,2026-06-08 01:22:14
3673,70,56,view,2026-06-18 03:25:14
3674,223,4,search,2026-06-28 21:17:05
3675,319,78,view,2026-05-12 05:11:55
3676,132,59,view,2026-05-30 18:17:11
3677,48,98,view,2026-07-09 13:06:40
3678,351,97,view,2026-05-20 10:09:47
3679,485,83,view,2026-05-19 21:50:14
3680,223,54,search,2026-05-08 11:24:17
3681,370,51,view,2026-06-01 12:37:40
3682,70,77,view,2026-06-05 05:52:30
3683,300,11,view,2026-06-07 00:39:35
3684,442,88,add_to_cart,2026-06-30 12:26:50
3685,458,87,search,2026-06-04 00:43:09
3686,454,19,add_to_cart,2026-05-18 01:30:29
3687,351,46,view,2026-05-07 18:24:13
3688,447,52,search,2026-05-31 18:26:48
3689,470,57,search,2026-04-27 03:55:12
3690,227,47,view,2026-06-08 06:03:52
3691,58,26,search,2026-07-16 10:32:03
3692,314,62,search,2026-07-13 15:10:23
3693,28,22,search,2026-05-15 19:40:33
3694,416,84,add_to_cart,2026-07-07 15:18:35
3695,176,86,view,2026-05-01 09:29:16
3696,189,39,search,2026-07-19 16:59:59
3697,233,23,view,2026-05-14 14:15:53
3698,438,28,view,2026-06-29 17:31:19
3699,67,10,add_to_cart,2026-06-04 02:38:06
3700,472,13,search,2026-05-11 14:46:50
3701,376,86,view,2026-05-12 17:28:05
3702,185,66,view,2026-06-22 01:24:44
3703,242,69,search,2026-05-14 19:53:35
3704,251,34,view,2026-07-15 10:24:31
3705,154,50,view,2026-06-16 00:12:06
3706,338,50,search,2026-07-21 07:47:31
3707,291,3,view,2026-06-17 05:27:56
3708,335,100,purchase,2026-04-25 00:01:42
3709,17,36,search,2026-06-10 22:30:19
3710,413,78,add_to_cart,2026-05-16 19:57:39
3711,244,94,view,2026-07-15 13:15:08
3712,47,98,view,2026-05-12 07:06:47
3713,452,19,search,2026-07-02 08:22:01
3714,357,15,search,2026-05-10 23:45:15
3715,291,8,view,2026-06-21 19:13:30
3716,136,36,view,2026-07-21 20:29:18
3717,163,7,view,2026-06-30 06:36:17
3718,92,75,view,2026-06-16 10:50:47
3719,275,22,view,2026-05-09 22:36:50
3720,171,62,view,2026-05-13 09:48:15
3721,12,12,search,2026-06-07 01:07:56
3722,422,75,search,2026-06-02 14:14:38
3723,392,7,add_to_cart,2026-06-10 08:36:38
3724,207,87,view,2026-06-23 05:02:24
3725,439,94,search,2026-05-19 04:22:02
3726,345,62,add_to_cart,2026-06-20 04:22:11
3727,369,58,search,2026-04-30 05:36:06
3728,197,21,add_to_cart,2026-05-07 19:13:08
3729,63,63,view,2026-05-21 19:32:59
3730,327,53,search,2026-06-04 05:55:39
3731,219,67,search,2026-06-17 09:23:34
3732,372,69,search,2026-07-20 06:08:27
3733,6,56,view,2026-05-15 05:19:52
3734,380,88,add_to_cart,2026-07-17 17:15:25
3735,427,41,view,2026-05-18 07:53:03
3736,56,53,view,2026-05-03 20:22:23
3737,106,77,view,2026-05-30 07:07:21
3738,217,58,add_to_cart,2026-07-06 00:40:45
3739,456,54,view,2026-06-21 15:26:04
3740,191,78,view,2026-06-11 02:11:31
3741,336,65,view,2026-06-19 10:28:55
3742,130,68,add_to_cart,2026-07-02 16:42:36
3743,354,83,search,2026-06-20 12:47:12
3744,32,51,search,2026-05-10 21:28:35
3745,423,7,view,2026-05-14 19:49:45
3746,386,2,view,2026-06-05 01:45:21
3747,296,45,view,2026-06-30 01:11:26
3748,422,22,view,2026-05-16 05:54:02
3749,487,89,view,2026-07-23 02:58:04
3750,74,31,view,2026-06-23 07:35:57
3751,316,43,view,2026-04-28 06:25:03
3752,458,6,view,2026-06-22 03:56:33
3753,33,32,view,2026-05-10 13:40:34
3754,360,46,search,2026-05-30 18:53:08
3755,310,100,view,2026-05-16 13:08:01
3756,211,89,view,2026-07-13 08:33:58
3757,143,88,search,2026-06-20 14:31:56
3758,328,98,add_to_cart,2026-05-09 13:55:24
3759,290,36,purchase,2026-05-15 20:38:08
3760,362,81,view,2026-07-22 03:19:24
3761,200,100,purchase,2026-05-27 22:02:20
3762,63,57,add_to_cart,2026-05-01 11:34:01
3763,360,90,search,2026-05-26 00:56:23
3764,334,9,search,2026-07-15 13:29:35
3765,157,64,add_to_cart,2026-07-20 21:37:25
3766,111,14,add_to_cart,2026-05-12 09:36:41
3767,427,25,view,2026-04-28 08:01:46
3768,75,90,search,2026-05-17 08:37:19
3769,342,77,view,2026-05-19 18:43:46
3770,58,27,search,2026-06-17 13:58:33
3771,154,41,view,2026-05-25 04:37:15
3772,238,28,search,2026-06-22 06:24:15
3773,150,2,add_to_cart,2026-07-11 11:28:45
3774,284,77,view,2026-06-27 22:24:56
3775,445,44,search,2026-06-24 01:52:21
3776,28,84,search,2026-07-01 06:18:28
3777,398,40,view,2026-07-10 05:50:24
3778,347,69,view,2026-06-24 20:13:25
3779,170,94,view,2026-07-06 10:57:35
3780,365,78,add_to_cart,2026-07-01 22:16:49
3781,64,59,view,2026-07-09 02:12:14
3782,117,43,search,2026-07-07 13:00:09
3783,55,54,view,2026-04-30 23:03:31
3784,39,27,view,2026-06-24 01:43:39
3785,284,25,add_to_cart,2026-06-07 16:12:41
3786,17,62,search,2026-05-06 11:04:02
3787,289,85,view,2026-05-23 05:30:42
3788,7,91,add_to_cart,2026-05-24 09:13:50
3789,82,84,view,2026-05-11 06:54:18
3790,443,35,view,2026-06-23 14:08:41
3791,314,93,view,2026-07-12 07:02:56
3792,36,53,search,2026-05-18 13:25:44
3793,114,94,view,2026-05-25 01:38:17
3794,192,2,view,2026-06-16 13:19:16
3795,60,84,search,2026-05-22 21:15:05
3796,165,22,view,2026-06-17 09:03:18
3797,166,20,search,2026-06-28 13:58:16
3798,18,21,search,2026-05-18 11:08:20
3799,490,97,view,2026-07-01 10:50:08
3800,360,40,view,2026-05-28 19:02:15
3801,425,12,view,2026-07-05 03:41:22
3802,309,55,search,2026-05-27 08:50:38
3803,252,36,view,2026-07-11 15:30:12
3804,344,37,view,2026-06-11 18:28:41
3805,216,25,search,2026-06-23 21:51:43
3806,427,9,add_to_cart,2026-06-09 02:19:03
3807,22,41,view,2026-06-25 11:43:07
3808,83,39,add_to_cart,2026-05-03 18:33:22
3809,415,82,search,2026-06-13 02:07:02
3810,111,50,add_to_cart,2026-06-28 12:12:34
3811,500,100,view,2026-06-26 03:22:11
3812,124,41,view,2026-06-23 13:37:02
3813,164,24,search,2026-06-21 08:19:29
3814,109,5,search,2026-05-11 15:40:29
3815,147,62,view,2026-05-31 18:15:53
3816,261,75,search,2026-06-04 19:43:00
3817,360,23,search,2026-06-19 00:54:07
3818,214,30,view,2026-05-31 23:12:05
3819,55,73,view,2026-07-14 18:12:11
3820,38,81,add_to_cart,2026-07-09 16:16:06
3821,458,25,search,2026-04-26 06:54:33
3822,373,30,search,2026-05-24 09:01:47
3823,79,36,search,2026-07-17 01:53:17
3824,94,38,view,2026-06-04 22:32:38
3825,404,23,search,2026-05-12 22:42:54
3826,166,53,view,2026-07-11 23:04:08
3827,187,87,search,2026-06-22 09:40:01
3828,140,31,view,2026-06-09 14:23:31
3829,226,14,add_to_cart,2026-07-05 07:44:30
3830,316,49,view,2026-06-23 03:48:35
3831,157,94,view,2026-06-05 21:53:14
3832,470,47,add_to_cart,2026-05-11 18:32:13
3833,173,32,search,2026-05-11 20:33:27
3834,234,80,add_to_cart,2026-06-17 13:06:18
3835,204,44,view,2026-05-20 19:51:00
3836,126,44,add_to_cart,2026-04-26 19:38:48
3837,345,45,view,2026-07-07 09:56:06
3838,335,82,add_to_cart,2026-06-14 11:53:01
3839,490,80,purchase,2026-06-22 19:37:06
3840,167,62,add_to_cart,2026-07-17 18:07:21
3841,6,32,search,2026-07-12 00:44:07
3842,362,55,view,2026-05-15 01:18:00
3843,201,77,view,2026-07-17 09:24:13
3844,284,52,view,2026-05-19 19:40:34
3845,278,16,add_to_cart,2026-06-14 11:49:05
3846,125,1,view,2026-06-21 04:19:47
3847,485,76,view,2026-05-07 22:50:11
3848,329,66,add_to_cart,2026-05-15 07:40:41
3849,168,37,search,2026-06-22 23:40:39
3850,388,52,search,2026-06-13 20:13:55
3851,262,56,view,2026-06-16 00:46:30
3852,365,75,view,2026-04-26 07:16:43
3853,248,90,view,2026-07-01 16:49:56
3854,385,3,add_to_cart,2026-07-17 20:14:19
3855,261,75,view,2026-07-15 21:02:06
3856,160,80,view,2026-05-02 16:13:04
3857,48,4,purchase,2026-05-15 13:47:52
3858,485,68,view,2026-07-03 05:03:09
3859,272,14,view,2026-06-10 08:33:17
3860,220,54,view,2026-05-26 08:12:45
3861,2,84,view,2026-06-16 09:55:21
3862,438,65,view,2026-04-26 15:40:16
3863,416,13,view,2026-06-28 00:04:02
3864,183,34,search,2026-07-03 22:15:00
3865,413,24,view,2026-07-01 02:53:03
3866,128,48,search,2026-06-25 19:34:48
3867,262,74,search,2026-04-26 12:30:39
3868,170,42,search,2026-04-26 07:49:57
3869,388,43,search,2026-06-03 09:00:06
3870,428,74,search,2026-05-16 23:25:48
3871,292,44,view,2026-05-07 21:17:56
3872,430,96,add_to_cart,2026-07-21 05:06:18
3873,111,72,view,2026-06-09 12:02:10
3874,425,69,search,2026-07-21 01:04:06
3875,205,58,view,2026-04-27 22:38:18
3876,81,43,view,2026-07-17 10:08:35
3877,413,31,search,2026-07-18 07:19:18
3878,427,63,view,2026-05-11 10:51:05
3879,458,49,add_to_cart,2026-05-23 22:06:11
3880,309,10,search,2026-07-07 13:22:01
3881,459,32,search,2026-05-22 15:02:11
3882,343,32,search,2026-06-03 05:54:54
3883,335,7,search,2026-05-13 17:27:13
3884,201,66,view,2026-04-26 13:12:25
3885,434,11,view,2026-05-02 10:13:53
3886,463,19,view,2026-06-19 20:08:42
3887,231,77,view,2026-07-12 00:22:18
3888,365,84,view,2026-07-07 09:52:26
3889,184,83,add_to_cart,2026-07-17 04:12:04
3890,225,19,add_to_cart,2026-07-21 10:50:24
3891,428,63,view,2026-06-14 14:29:28
3892,229,98,view,2026-07-20 06:29:06
3893,132,50,view,2026-05-08 22:51:10
3894,31,25,search,2026-05-15 15:31:12
3895,156,39,search,2026-05-15 05:23:26
3896,378,77,view,2026-06-13 02:20:54
3897,473,77,view,2026-07-05 10:28:21
3898,433,32,view,2026-06-15 20:52:03
3899,41,87,purchase,2026-05-13 18:11:06
3900,135,48,view,2026-06-04 15:38:40
3901,53,62,search,2026-07-05 19:52:29
3902,29,58,add_to_cart,2026-07-15 02:12:19
3903,77,58,view,2026-07-17 19:53:21
3904,219,60,view,2026-06-05 06:23:29
3905,108,87,view,2026-05-07 21:44:33
3906,237,32,add_to_cart,2026-06-06 20:48:45
3907,322,41,search,2026-06-13 04:08:35
3908,369,71,add_to_cart,2026-06-22 11:52:13
3909,294,64,view,2026-06-11 20:20:53
3910,468,48,search,2026-06-30 03:13:09
3911,174,84,view,2026-05-22 09:45:52
3912,302,92,view,2026-06-20 17:52:47
3913,218,25,view,2026-06-08 08:13:48
3914,479,33,add_to_cart,2026-07-18 02:28:27
3915,17,97,search,2026-06-09 22:41:01
3916,238,60,view,2026-06-09 20:38:12
3917,172,4,view,2026-05-09 07:16:49
3918,13,62,view,2026-05-29 03:33:08
3919,48,40,search,2026-05-28 18:19:36
3920,124,39,view,2026-05-25 11:56:05
3921,458,61,search,2026-06-26 23:43:38
3922,470,27,view,2026-06-20 20:02:27
3923,34,5,search,2026-04-29 05:26:26
3924,342,36,search,2026-07-11 00:35:42
3925,248,48,view,2026-07-04 04:41:59
3926,305,20,view,2026-05-22 21:59:11
3927,435,34,view,2026-06-14 17:10:39
3928,486,43,search,2026-06-04 17:56:44
3929,224,32,view,2026-05-12 05:10:31
3930,124,87,view,2026-06-03 16:12:01
3931,260,5,search,2026-07-22 14:08:54
3932,403,98,view,2026-04-28 06:51:22
3933,160,60,view,2026-06-19 02:42:07
3934,445,11,view,2026-07-05 03:09:44
3935,151,40,search,2026-07-06 20:45:37
3936,400,47,add_to_cart,2026-05-02 06:20:26
3937,47,77,search,2026-06-21 18:09:44
3938,301,73,search,2026-06-02 11:02:13
3939,196,11,view,2026-05-04 14:16:40
3940,413,41,search,2026-07-06 10:04:06
3941,272,36,view,2026-05-02 03:19:16
3942,195,94,view,2026-06-07 06:33:18
3943,257,12,search,2026-07-07 21:34:40
3944,389,53,search,2026-06-28 15:46:49
3945,2,36,search,2026-07-04 21:15:22
3946,350,53,view,2026-06-26 21:45:53
3947,475,50,search,2026-05-09 00:12:17
3948,428,79,view,2026-05-30 21:53:50
3949,430,18,view,2026-05-28 00:31:37
3950,360,76,view,2026-06-14 20:29:14
3951,385,80,view,2026-07-03 10:53:21
3952,103,90,view,2026-05-17 04:37:44
3953,3,94,view,2026-07-02 02:21:58
3954,115,64,view,2026-05-22 10:57:35
3955,10,41,view,2026-06-10 10:17:20
3956,412,31,search,2026-06-04 17:09:50
3957,109,20,view,2026-04-30 00:44:36
3958,218,9,view,2026-05-03 06:40:26
3959,319,50,view,2026-05-24 15:30:55
3960,292,40,view,2026-05-18 08:46:27
3961,131,71,search,2026-05-03 11:26:57
3962,156,59,search,2026-06-12 06:56:39
3963,210,22,view,2026-05-23 18:19:23
3964,189,17,view,2026-05-26 11:45:32
3965,363,34,view,2026-04-26 07:56:41
3966,452,87,view,2026-07-03 19:27:34
3967,137,65,view,2026-05-16 14:53:16
3968,219,11,search,2026-07-06 07:22:21
3969,413,90,search,2026-06-03 03:46:45
3970,250,40,add_to_cart,2026-07-17 15:33:23
3971,299,62,view,2026-05-14 11:55:10
3972,54,27,add_to_cart,2026-05-02 02:58:52
3973,303,87,view,2026-05-08 10:26:26
3974,218,66,view,2026-05-20 16:27:53
3975,253,99,view,2026-07-12 19:29:03
3976,47,45,view,2026-06-24 02:25:41
3977,316,100,search,2026-06-25 14:59:58
3978,104,89,view,2026-06-17 03:32:00
3979,361,42,view,2026-06-24 03:51:57
3980,490,80,view,2026-06-19 18:21:09
3981,313,39,search,2026-06-29 11:33:23
3982,483,10,add_to_cart,2026-06-17 11:58:34
3983,229,43,view,2026-06-14 02:01:16
3984,67,49,view,2026-07-07 07:05:33
3985,372,23,view,2026-05-14 15:59:25
3986,57,76,view,2026-06-15 09:51:40
3987,462,74,view,2026-07-20 06:28:24
3988,432,98,view,2026-04-30 02:21:21
3989,122,69,view,2026-05-19 18:42:47
3990,235,25,view,2026-07-02 00:30:56
3991,363,23,view,2026-05-09 22:51:56
3992,61,89,search,2026-05-30 15:09:59
3993,344,60,search,2026-05-18 05:20:28
3994,462,7,add_to_cart,2026-07-05 02:54:48
3995,61,23,view,2026-05-25 05:39:15
3996,98,61,add_to_cart,2026-05-23 08:54:31
3997,54,12,view,2026-06-02 16:48:16
3998,53,26,view,2026-05-26 23:28:12
3999,385,46,view,2026-07-16 03:18:58
4000,32,9,view,2026-04-28 11:55:04
4001,118,8,add_to_cart,2026-05-23 12:43:53
4002,7,58,view,2026-05-03 06:00:06
4003,403,92,view,2026-04-29 07:38:02
4004,370,95,view,2026-06-23 07:34:42
4005,329,39,search,2026-05-25 02:04:58
4006,199,59,view,2026-07-15 05:01:44
4007,428,56,view,2026-07-11 09:42:33
4008,191,42,purchase,2026-05-24 04:26:39
4009,74,72,search,2026-05-12 13:15:28
4010,358,76,view,2026-06-03 04:31:49
4011,369,77,view,2026-05-09 12:52:49
4012,33,54,view,2026-05-02 16:12:52
4013,371,94,add_to_cart,2026-04-26 22:26:25
4014,253,14,add_to_cart,2026-07-06 08:31:26
4015,233,83,view,2026-06-23 12:07:04
4016,55,3,view,2026-07-06 21:26:19
4017,425,94,search,2026-05-07 13:36:36
4018,100,86,view,2026-07-11 09:20:25
4019,446,16,view,2026-05-08 10:32:11
4020,252,65,add_to_cart,2026-05-09 11:07:07
4021,416,11,search,2026-06-12 04:19:53
4022,219,82,view,2026-06-26 20:33:53
4023,475,49,add_to_cart,2026-06-18 21:43:03
4024,472,49,purchase,2026-04-27 16:04:40
4025,317,25,search,2026-06-11 22:09:06
4026,343,91,view,2026-04-25 02:06:27
4027,7,45,search,2026-05-08 05:18:35
4028,398,82,search,2026-06-25 05:20:31
4029,217,64,view,2026-05-07 14:12:11
4030,330,81,view,2026-07-02 00:14:24
4031,125,21,view,2026-04-29 05:42:32
4032,388,85,view,2026-07-15 18:43:07
4033,164,72,view,2026-06-11 14:38:25
4034,443,17,view,2026-05-13 06:59:47
4035,333,60,add_to_cart,2026-05-08 18:20:55
4036,365,45,view,2026-05-27 04:54:56
4037,115,92,add_to_cart,2026-05-26 20:46:22
4038,407,66,add_to_cart,2026-07-11 15:49:05
4039,385,3,search,2026-05-09 00:34:28
4040,380,67,view,2026-07-11 23:12:33
4041,232,6,view,2026-04-27 11:53:25
4042,108,24,view,2026-06-04 08:15:29
4043,475,46,add_to_cart,2026-07-19 18:32:37
4044,288,34,view,2026-07-11 20:01:00
4045,243,89,purchase,2026-05-27 19:48:04
4046,25,92,search,2026-05-19 16:19:26
4047,49,82,search,2026-07-04 11:00:07
4048,351,65,view,2026-06-01 18:49:11
4049,417,34,view,2026-05-03 19:33:26
4050,238,43,search,2026-05-29 02:55:04
4051,260,18,view,2026-06-17 23:18:32
4052,295,68,search,2026-06-13 06:29:49
4053,269,94,add_to_cart,2026-05-28 11:00:56
4054,257,90,purchase,2026-06-23 06:15:10
4055,375,31,view,2026-06-01 12:19:09
4056,397,7,view,2026-05-07 03:16:09
4057,87,76,view,2026-05-03 06:32:43
4058,58,94,add_to_cart,2026-06-17 16:39:52
4059,233,2,add_to_cart,2026-06-10 12:11:23
4060,353,36,search,2026-06-07 03:09:05
4061,47,97,search,2026-04-26 05:00:05
4062,131,66,view,2026-05-26 16:19:06
4063,75,98,search,2026-05-19 14:24:08
4064,312,76,search,2026-07-08 00:19:54
4065,201,94,view,2026-05-11 01:40:04
4066,433,73,view,2026-05-01 20:08:14
4067,353,92,search,2026-05-19 22:00:33
4068,279,73,search,2026-05-29 19:51:13
4069,142,40,view,2026-06-18 03:48:24
4070,146,76,view,2026-05-03 17:42:38
4071,443,53,view,2026-06-25 19:26:54
4072,33,73,view,2026-05-16 04:10:29
4073,79,85,search,2026-06-11 14:49:24
4074,6,72,view,2026-06-13 06:41:21
4075,460,67,view,2026-06-24 13:35:12
4076,317,96,search,2026-07-14 18:05:02
4077,486,43,view,2026-06-27 20:54:20
4078,94,76,add_to_cart,2026-05-30 09:32:17
4079,469,85,add_to_cart,2026-06-15 15:13:36
4080,399,24,add_to_cart,2026-05-10 03:12:33
4081,316,22,search,2026-07-21 04:42:25
4082,2,98,search,2026-06-14 20:55:33
4083,133,20,view,2026-05-15 01:37:28
4084,25,56,add_to_cart,2026-06-13 15:19:32
4085,212,55,search,2026-05-23 15:30:44
4086,412,55,view,2026-06-03 11:16:31
4087,384,64,search,2026-06-23 00:21:22
4088,243,36,view,2026-06-17 06:31:54
4089,134,62,purchase,2026-07-04 23:33:33
4090,171,74,view,2026-06-19 12:32:20
4091,287,43,view,2026-05-17 03:26:57
4092,219,82,view,2026-06-10 01:53:38
4093,201,45,search,2026-07-02 13:25:44
4094,204,77,search,2026-07-23 09:35:29
4095,302,90,search,2026-05-21 08:46:52
4096,322,91,view,2026-05-21 13:11:58
4097,52,88,view,2026-06-25 11:18:47
4098,183,68,view,2026-07-19 20:40:22
4099,99,55,view,2026-07-07 13:25:04
4100,74,96,search,2026-07-10 09:40:57
4101,370,80,view,2026-05-19 16:18:55
4102,207,29,view,2026-06-03 03:42:49
4103,219,41,view,2026-05-29 11:42:20
4104,472,83,view,2026-07-19 19:16:12
4105,69,79,view,2026-06-15 02:37:32
4106,359,55,view,2026-07-03 20:54:04
4107,6,7,search,2026-05-14 18:20:45
4108,216,95,search,2026-05-12 13:04:46
4109,36,15,view,2026-05-13 07:41:16
4110,22,11,search,2026-05-26 11:40:53
4111,344,61,search,2026-05-09 18:46:56
4112,108,36,view,2026-06-14 14:49:42
4113,171,98,search,2026-07-06 01:17:16
4114,132,40,search,2026-06-21 23:38:03
4115,104,62,view,2026-06-17 10:20:14
4116,29,73,search,2026-07-08 02:39:06
4117,157,56,search,2026-04-29 11:58:22
4118,49,82,add_to_cart,2026-04-27 23:19:21
4119,168,2,search,2026-05-13 19:01:16
4120,187,71,view,2026-07-15 02:55:13
4121,206,29,view,2026-05-18 04:59:14
4122,228,68,view,2026-07-06 05:23:47
4123,292,14,add_to_cart,2026-05-26 09:23:10
4124,160,35,view,2026-04-26 05:48:50
4125,213,32,search,2026-07-20 08:43:42
4126,240,6,search,2026-06-06 04:19:12
4127,292,35,add_to_cart,2026-07-13 18:44:27
4128,245,82,search,2026-06-11 20:17:43
4129,86,7,search,2026-07-06 11:15:33
4130,127,51,add_to_cart,2026-07-16 11:41:03
4131,483,39,search,2026-04-30 19:47:02
4132,63,77,search,2026-07-02 16:52:23
4133,318,45,view,2026-07-05 10:47:24
4134,376,88,view,2026-06-12 09:12:06
4135,223,95,view,2026-05-03 00:16:14
4136,219,42,search,2026-07-16 05:13:08
4137,476,84,add_to_cart,2026-05-15 19:53:30
4138,334,32,add_to_cart,2026-06-29 02:36:39
4139,299,59,view,2026-05-25 18:46:30
4140,329,18,view,2026-05-10 02:53:37
4141,235,24,view,2026-05-15 19:58:33
4142,363,48,view,2026-06-25 23:30:35
4143,308,35,view,2026-06-02 02:27:57
4144,3,58,search,2026-07-09 03:02:48
4145,13,62,add_to_cart,2026-05-02 16:34:07
4146,401,73,search,2026-05-04 10:12:22
4147,363,65,view,2026-06-10 15:10:21
4148,228,48,view,2026-06-19 07:17:05
4149,407,89,view,2026-05-04 00:42:17
4150,483,40,search,2026-05-10 18:01:54
4151,210,27,search,2026-06-05 09:44:18
4152,169,80,search,2026-06-14 04:46:50
4153,460,87,search,2026-06-13 22:34:21
4154,473,83,view,2026-06-19 02:06:25
4155,287,35,view,2026-06-05 21:13:26
4156,216,49,search,2026-06-20 06:01:57
4157,21,62,view,2026-05-26 09:01:52
4158,190,93,search,2026-06-26 16:30:25
4159,483,91,view,2026-07-14 19:33:17
4160,191,29,purchase,2026-06-05 15:28:59
4161,321,61,search,2026-05-04 14:23:08
4162,209,53,add_to_cart,2026-05-11 16:11:29
4163,90,93,view,2026-06-20 05:49:53
4164,164,99,search,2026-07-20 20:36:32
4165,32,63,view,2026-07-01 02:02:37
4166,147,39,add_to_cart,2026-05-28 06:46:25
4167,129,47,search,2026-06-09 00:22:03
4168,77,7,search,2026-05-05 08:53:24
4169,77,43,search,2026-06-08 14:24:00
4170,276,30,search,2026-06-23 09:05:36
4171,161,31,search,2026-07-13 04:38:51
4172,397,34,search,2026-06-10 16:17:45
4173,83,23,view,2026-05-30 04:13:51
4174,283,65,view,2026-05-19 10:14:04
4175,62,29,view,2026-06-26 15:22:42
4176,441,82,view,2026-05-03 22:57:53
4177,240,69,view,2026-06-26 16:38:41
4178,228,60,view,2026-06-28 07:04:10
4179,196,20,view,2026-05-08 17:55:39
4180,321,47,purchase,2026-05-28 15:29:51
4181,330,3,add_to_cart,2026-06-29 03:56:50
4182,453,75,search,2026-07-14 22:39:22
4183,213,63,search,2026-05-23 23:24:07
4184,293,47,add_to_cart,2026-05-04 04:46:04
4185,393,53,view,2026-05-09 19:07:56
4186,479,68,search,2026-05-20 04:42:38
4187,378,82,view,2026-05-13 11:45:18
4188,249,22,view,2026-07-05 17:15:45
4189,443,84,search,2026-06-25 15:54:14
4190,189,57,view,2026-04-26 11:34:13
4191,282,14,view,2026-07-12 01:11:24
4192,356,57,search,2026-05-04 00:47:41
4193,157,94,purchase,2026-06-28 16:58:18
4194,354,63,search,2026-07-12 00:39:42
4195,500,89,view,2026-05-22 22:46:55
4196,77,72,view,2026-05-25 17:10:53
4197,342,44,purchase,2026-06-14 00:33:30
4198,430,28,view,2026-05-22 05:26:02
4199,227,92,search,2026-04-28 07:27:47
4200,75,60,view,2026-06-22 18:55:47
4201,237,13,view,2026-06-08 09:12:44
4202,215,79,search,2026-06-27 16:46:02
4203,24,98,view,2026-07-06 11:59:59
4204,21,50,view,2026-07-10 11:14:26
4205,388,35,search,2026-06-11 04:14:13
4206,326,56,search,2026-05-12 00:03:35
4207,317,41,view,2026-05-04 05:06:27
4208,242,91,view,2026-07-06 10:57:58
4209,485,47,search,2026-07-09 11:58:33
4210,144,86,search,2026-07-10 13:17:58
4211,351,55,view,2026-06-29 10:14:59
4212,153,46,purchase,2026-07-10 11:15:43
4213,259,63,purchase,2026-05-30 10:35:49
4214,404,46,search,2026-06-21 09:59:19
4215,247,6,view,2026-06-07 20:01:02
4216,80,18,search,2026-05-15 12:38:48
4217,166,100,view,2026-05-15 10:51:29
4218,141,45,add_to_cart,2026-07-06 20:20:04
4219,121,79,view,2026-05-21 03:06:42
4220,118,7,search,2026-07-22 03:19:20
4221,194,22,view,2026-05-24 18:50:42
4222,369,30,view,2026-07-16 08:11:18
4223,404,29,view,2026-07-02 20:45:53
4224,468,94,search,2026-06-06 14:07:57
4225,466,9,purchase,2026-05-20 17:37:00
4226,312,3,view,2026-07-08 05:48:04
4227,401,2,search,2026-07-22 11:14:19
4228,277,87,search,2026-07-11 19:53:53
4229,223,100,search,2026-07-15 14:30:51
4230,223,72,add_to_cart,2026-06-01 13:26:08
4231,14,66,view,2026-07-16 05:14:26
4232,212,24,add_to_cart,2026-06-28 16:50:58
4233,251,31,add_to_cart,2026-06-09 10:16:51
4234,491,76,add_to_cart,2026-07-02 09:45:13
4235,472,9,view,2026-06-12 21:28:41
4236,462,67,view,2026-06-20 08:11:17
4237,62,12,add_to_cart,2026-06-28 23:26:43
4238,80,26,search,2026-05-10 20:26:41
4239,45,34,search,2026-05-10 20:46:52
4240,201,21,add_to_cart,2026-05-02 17:33:10
4241,64,75,view,2026-06-26 00:49:22
4242,327,73,add_to_cart,2026-05-08 23:00:21
4243,206,80,add_to_cart,2026-06-01 23:52:50
4244,460,98,view,2026-05-20 08:28:22
4245,379,81,view,2026-07-22 12:29:54
4246,227,90,view,2026-05-31 02:22:22
4247,416,41,view,2026-07-23 11:22:57
4248,46,15,search,2026-07-11 02:53:16
4249,468,89,search,2026-07-16 05:42:32
4250,463,90,view,2026-05-15 11:19:10
4251,233,58,view,2026-04-26 11:40:51
4252,416,44,view,2026-05-14 17:15:24
4253,330,83,search,2026-05-04 10:42:03
4254,418,76,view,2026-07-15 00:34:51
4255,435,55,search,2026-07-09 11:20:44
4256,60,69,search,2026-05-21 20:14:47
4257,299,11,view,2026-06-28 20:02:49
4258,83,22,view,2026-05-01 22:39:39
4259,160,85,search,2026-05-13 23:11:42
4260,150,42,view,2026-04-30 12:05:27
4261,57,15,view,2026-05-11 02:49:21
4262,324,27,add_to_cart,2026-04-25 19:40:01
4263,122,1,search,2026-07-18 23:59:51
4264,472,51,add_to_cart,2026-06-09 05:14:29
4265,291,6,search,2026-04-25 17:41:04
4266,254,85,search,2026-06-05 23:49:40
4267,64,70,view,2026-06-08 20:39:53
4268,231,19,search,2026-05-30 22:37:32
4269,3,62,view,2026-06-10 14:01:15
4270,417,9,search,2026-05-12 17:24:18
4271,56,64,view,2026-05-22 02:01:36
4272,327,68,add_to_cart,2026-06-02 00:53:59
4273,336,7,search,2026-05-04 17:01:03
4274,301,50,add_to_cart,2026-05-16 07:13:18
4275,26,29,add_to_cart,2026-06-28 21:16:18
4276,101,50,add_to_cart,2026-06-27 05:47:13
4277,204,52,view,2026-06-05 09:38:06
4278,283,39,view,2026-06-23 05:09:43
4279,49,52,view,2026-07-03 09:56:44
4280,415,97,view,2026-06-29 21:36:33
4281,12,50,search,2026-05-19 00:00:21
4282,484,73,view,2026-06-18 12:34:51
4283,434,91,search,2026-06-26 08:25:23
4284,9,30,view,2026-05-27 08:40:51
4285,493,85,purchase,2026-07-02 04:13:15
4286,358,58,search,2026-05-06 16:33:51
4287,330,9,search,2026-05-30 23:59:38
4288,335,74,view,2026-06-02 06:23:07
4289,326,19,search,2026-06-08 19:32:02
4290,7,60,view,2026-05-06 03:42:30
4291,206,32,view,2026-05-18 21:11:57
4292,383,51,search,2026-07-09 12:49:38
4293,211,22,view,2026-04-25 01:05:38
4294,89,23,view,2026-06-19 04:29:20
4295,443,97,view,2026-07-02 10:26:44
4296,307,59,view,2026-05-21 12:59:25
4297,309,2,view,2026-07-15 13:29:32
4298,361,30,view,2026-05-30 10:41:48
4299,327,30,search,2026-07-14 01:24:24
4300,186,25,search,2026-06-24 01:23:44
4301,384,11,view,2026-05-29 20:47:13
4302,272,31,add_to_cart,2026-05-26 09:19:44
4303,50,62,view,2026-07-22 20:48:00
4304,156,49,search,2026-07-08 14:45:34
4305,418,91,view,2026-04-27 05:38:30
4306,102,95,view,2026-04-29 06:46:37
4307,490,98,view,2026-07-22 03:34:14
4308,326,32,view,2026-06-19 04:25:09
4309,205,48,search,2026-06-25 08:13:11
4310,350,91,view,2026-06-19 20:20:18
4311,8,29,view,2026-07-07 08:11:03
4312,361,59,view,2026-06-11 13:42:16
4313,48,63,search,2026-05-13 09:01:33
4314,19,45,view,2026-06-07 14:04:03
4315,34,74,view,2026-05-07 06:58:48
4316,156,90,view,2026-05-26 17:55:22
4317,55,51,view,2026-07-12 06:31:14
4318,141,98,search,2026-06-17 14:57:32
4319,354,42,view,2026-06-07 05:29:06
4320,235,72,view,2026-07-07 02:47:43
4321,334,59,search,2026-06-02 21:46:41
4322,278,60,add_to_cart,2026-06-06 00:02:37
4323,36,2,view,2026-05-16 12:02:45
4324,194,42,add_to_cart,2026-06-27 09:46:49
4325,431,76,search,2026-06-07 21:23:47
4326,407,82,search,2026-05-17 08:24:18
4327,47,82,search,2026-07-07 12:41:55
4328,144,6,view,2026-05-11 21:36:39
4329,163,75,search,2026-07-06 08:59:56
4330,435,93,view,2026-07-22 07:07:41
4331,458,64,add_to_cart,2026-05-20 08:17:21
4332,211,15,search,2026-05-24 01:13:33
4333,324,36,add_to_cart,2026-07-17 02:10:33
4334,26,76,view,2026-07-18 11:52:18
4335,267,93,add_to_cart,2026-07-15 15:01:06
4336,71,70,view,2026-05-28 03:39:40
4337,237,3,add_to_cart,2026-07-15 18:20:47
4338,177,21,view,2026-06-07 21:19:16
4339,357,100,add_to_cart,2026-07-20 05:14:34
4340,221,75,search,2026-05-23 17:32:21
4341,488,62,view,2026-05-06 02:32:46
4342,62,14,view,2026-06-19 15:32:32
4343,286,51,view,2026-06-07 08:38:49
4344,222,38,search,2026-05-28 19:10:05
4345,253,44,view,2026-06-13 09:29:34
4346,338,59,view,2026-06-01 07:46:17
4347,413,74,view,2026-06-12 22:14:49
4348,209,35,add_to_cart,2026-06-29 18:16:33
4349,14,98,view,2026-04-25 17:20:01
4350,364,65,view,2026-06-30 05:52:55
4351,232,68,add_to_cart,2026-07-05 17:12:53
4352,252,2,add_to_cart,2026-05-31 12:05:35
4353,436,76,search,2026-05-12 09:08:36
4354,390,92,add_to_cart,2026-05-01 06:45:56
4355,133,67,view,2026-06-03 11:53:16
4356,475,71,view,2026-06-24 08:56:27
4357,465,57,add_to_cart,2026-07-20 03:46:31
4358,277,57,search,2026-06-09 04:28:59
4359,24,97,search,2026-06-19 00:05:59
4360,338,53,view,2026-05-16 08:16:20
4361,299,60,search,2026-07-19 02:04:34
4362,449,98,add_to_cart,2026-05-01 11:36:42
4363,403,11,view,2026-06-06 05:13:14
4364,460,31,purchase,2026-05-06 16:08:40
4365,81,71,search,2026-05-11 10:45:43
4366,115,85,search,2026-06-03 05:07:45
4367,323,84,add_to_cart,2026-05-22 14:47:51
4368,125,21,view,2026-06-30 03:51:15
4369,470,31,view,2026-05-08 14:30:10
4370,132,79,search,2026-05-17 00:29:59
4371,156,36,view,2026-07-10 04:03:53
4372,244,91,add_to_cart,2026-07-14 17:37:49
4373,231,73,purchase,2026-05-19 19:37:11
4374,428,30,search,2026-04-24 22:26:06
4375,243,79,view,2026-05-07 09:10:58
4376,118,44,view,2026-07-19 03:30:16
4377,239,42,search,2026-06-21 20:19:59
4378,191,12,view,2026-05-28 01:47:16
4379,150,62,search,2026-04-29 10:12:53
4380,19,49,add_to_cart,2026-05-20 10:19:32
4381,156,68,add_to_cart,2026-06-17 15:54:17
4382,209,37,search,2026-07-09 10:17:44
4383,211,32,view,2026-06-19 21:25:50
4384,380,97,search,2026-06-14 05:24:23
4385,476,2,view,2026-05-29 20:50:19
4386,216,40,add_to_cart,2026-06-15 02:40:11
4387,487,1,view,2026-06-06 19:48:39
4388,249,98,purchase,2026-05-07 12:40:19
4389,223,43,add_to_cart,2026-06-10 06:46:35
4390,334,55,search,2026-06-25 14:38:27
4391,271,70,view,2026-06-29 14:37:47
4392,112,6,view,2026-06-21 00:04:29
4393,81,22,view,2026-07-19 21:35:03
4394,45,62,view,2026-07-21 00:39:37
4395,55,80,purchase,2026-07-21 10:31:30
4396,202,72,view,2026-06-03 23:23:44
4397,128,76,search,2026-06-27 23:14:39
4398,82,70,add_to_cart,2026-06-18 15:36:41
4399,314,100,view,2026-07-23 00:05:02
4400,311,64,view,2026-07-11 03:33:35
4401,424,10,view,2026-05-10 00:04:32
4402,489,40,search,2026-07-11 02:40:49
4403,248,23,search,2026-05-05 16:36:14
4404,286,86,search,2026-05-24 18:44:12
4405,187,15,view,2026-05-17 11:22:50
4406,121,98,view,2026-06-17 18:17:05
4407,305,1,view,2026-04-26 14:14:03
4408,201,11,search,2026-05-12 01:41:22
4409,316,63,view,2026-06-30 04:42:07
4410,47,20,add_to_cart,2026-05-08 23:55:17
4411,412,21,search,2026-06-27 09:50:48
4412,456,1,view,2026-07-19 20:57:45
4413,294,47,view,2026-05-21 01:54:51
4414,39,51,view,2026-06-12 02:09:33
4415,372,18,search,2026-07-01 07:16:09
4416,39,8,add_to_cart,2026-05-20 20:01:01
4417,246,54,view,2026-06-09 00:00:34
4418,199,84,search,2026-07-09 10:24:15
4419,58,46,view,2026-06-29 19:46:49
4420,412,74,view,2026-05-21 11:39:48
4421,107,7,view,2026-07-03 17:50:12
4422,242,8,view,2026-07-21 22:07:51
4423,465,44,view,2026-06-16 10:00:01
4424,489,25,view,2026-06-19 07:56:00
4425,227,65,purchase,2026-05-08 11:22:59
4426,144,89,search,2026-06-02 08:13:38
4427,320,91,search,2026-06-05 02:17:00
4428,30,12,add_to_cart,2026-05-27 07:00:11
4429,271,77,view,2026-05-07 18:39:38
4430,244,63,view,2026-07-05 16:56:37
4431,399,69,view,2026-07-02 00:47:20
4432,60,80,search,2026-04-25 09:17:47
4433,56,47,view,2026-05-05 02:03:26
4434,338,56,view,2026-07-15 22:46:07
4435,291,86,view,2026-06-23 15:45:58
4436,81,45,view,2026-05-07 09:36:16
4437,28,16,add_to_cart,2026-05-09 17:37:32
4438,329,93,search,2026-05-06 23:25:35
4439,144,30,search,2026-06-18 13:50:40
4440,273,1,add_to_cart,2026-06-19 13:43:19
4441,389,26,search,2026-06-20 13:21:11
4442,211,65,view,2026-07-22 00:19:46
4443,61,44,search,2026-06-25 00:52:21
4444,227,42,add_to_cart,2026-05-02 05:14:32
4445,259,28,add_to_cart,2026-06-26 10:10:27
4446,270,11,view,2026-05-10 17:14:41
4447,11,60,view,2026-06-08 07:45:06
4448,189,90,add_to_cart,2026-07-10 13:53:39
4449,194,24,view,2026-07-12 10:08:08
4450,283,31,search,2026-05-10 02:16:47
4451,235,17,view,2026-05-02 10:50:31
4452,310,70,view,2026-05-01 12:22:57
4453,111,39,search,2026-07-10 13:55:00
4454,284,94,view,2026-07-07 11:20:55
4455,388,56,search,2026-06-08 11:28:27
4456,289,22,add_to_cart,2026-05-19 17:58:20
4457,186,25,search,2026-05-13 21:23:35
4458,379,44,add_to_cart,2026-06-24 03:54:29
4459,280,67,view,2026-06-22 07:33:15
4460,229,47,view,2026-05-27 11:37:46
4461,246,97,search,2026-05-24 13:19:14
4462,136,67,add_to_cart,2026-06-26 14:03:15
4463,26,21,search,2026-06-19 04:24:48
4464,29,98,add_to_cart,2026-05-20 22:41:52
4465,320,83,view,2026-05-23 12:43:22
4466,79,38,view,2026-07-17 14:39:46
4467,253,7,search,2026-07-03 17:06:05
4468,30,73,view,2026-06-22 02:26:32
4469,38,54,search,2026-06-10 14:22:04
4470,138,62,view,2026-05-22 16:06:44
4471,104,52,view,2026-07-09 08:44:33
4472,420,18,view,2026-05-20 02:51:51
4473,357,20,add_to_cart,2026-05-16 03:37:05
4474,250,77,view,2026-06-21 12:31:13
4475,461,11,search,2026-05-20 18:32:55
4476,379,8,add_to_cart,2026-06-29 14:42:35
4477,206,19,view,2026-05-05 06:25:41
4478,429,15,search,2026-05-12 14:37:12
4479,499,24,view,2026-07-22 04:52:36
4480,38,34,view,2026-07-17 19:38:53
4481,204,54,search,2026-07-10 05:08:24
4482,8,2,search,2026-06-14 08:43:05
4483,164,17,add_to_cart,2026-07-11 02:38:15
4484,136,28,purchase,2026-06-23 00:22:25
4485,317,95,view,2026-07-11 11:49:24
4486,191,21,view,2026-06-16 00:19:57
4487,383,32,add_to_cart,2026-07-07 15:51:18
4488,389,98,view,2026-06-04 05:20:20
4489,415,54,add_to_cart,2026-06-10 10:34:13
4490,479,62,search,2026-05-02 17:06:49
4491,217,32,add_to_cart,2026-04-26 15:22:58
4492,480,22,view,2026-07-08 09:18:22
4493,102,95,view,2026-07-04 10:48:31
4494,473,31,view,2026-04-25 17:45:21
4495,25,93,view,2026-06-22 11:04:44
4496,337,3,search,2026-07-01 23:34:06
4497,382,8,view,2026-07-15 12:03:29
4498,276,53,view,2026-07-15 08:03:36
4499,388,40,view,2026-06-07 13:23:21
4500,302,63,view,2026-07-05 07:40:02
4501,427,42,view,2026-06-27 15:50:50
4502,31,92,add_to_cart,2026-05-11 19:15:18
4503,385,32,view,2026-06-23 20:00:09
4504,296,77,view,2026-07-02 04:35:53
4505,453,8,search,2026-06-06 17:02:02
4506,223,35,add_to_cart,2026-05-16 12:29:46
4507,373,26,view,2026-05-17 03:47:27
4508,415,74,view,2026-04-26 13:51:29
4509,169,41,add_to_cart,2026-07-05 11:51:08
4510,472,86,search,2026-05-12 12:00:21
4511,482,89,view,2026-06-13 13:19:59
4512,284,72,search,2026-05-27 04:12:32
4513,277,26,view,2026-07-11 04:52:14
4514,307,13,add_to_cart,2026-05-18 14:55:11
4515,12,62,view,2026-05-27 18:13:13
4516,153,81,add_to_cart,2026-06-29 15:44:42
4517,128,7,view,2026-05-17 01:00:24
4518,256,40,view,2026-05-12 01:29:37
4519,97,38,search,2026-05-19 07:45:17
4520,13,82,search,2026-05-31 01:15:45
4521,118,92,add_to_cart,2026-05-09 23:33:22
4522,33,31,view,2026-04-29 01:30:18
4523,201,10,view,2026-05-06 21:31:44
4524,153,17,view,2026-07-13 05:07:42
4525,17,63,search,2026-05-30 05:03:30
4526,219,42,search,2026-06-12 03:00:53
4527,32,76,purchase,2026-05-20 14:41:16
4528,381,90,view,2026-05-09 10:58:48
4529,95,83,add_to_cart,2026-06-29 06:10:00
4530,187,44,view,2026-05-01 14:59:03
4531,47,76,search,2026-05-30 18:20:10
4532,493,48,add_to_cart,2026-05-07 11:42:07
4533,200,30,search,2026-07-12 14:41:59
4534,21,63,search,2026-05-02 00:40:51
4535,352,12,add_to_cart,2026-07-13 13:08:55
4536,442,45,add_to_cart,2026-05-28 14:58:52
4537,432,96,view,2026-06-30 13:34:37
4538,194,79,purchase,2026-07-07 16:51:49
4539,40,79,search,2026-06-09 09:16:49
4540,67,43,search,2026-07-17 01:05:43
4541,459,41,view,2026-05-06 11:39:21
4542,239,56,search,2026-05-11 13:45:34
4543,309,81,search,2026-05-21 16:04:21
4544,248,32,view,2026-07-09 19:31:37
4545,260,16,search,2026-05-07 17:36:07
4546,45,86,search,2026-06-15 19:04:22
4547,396,47,add_to_cart,2026-07-03 05:44:22
4548,261,31,view,2026-04-25 14:38:03
4549,472,1,view,2026-05-01 19:31:51
4550,196,6,view,2026-04-30 00:36:11
4551,196,78,search,2026-06-01 03:08:13
4552,301,46,search,2026-06-04 11:47:42
4553,357,58,view,2026-05-02 05:17:30
4554,191,25,search,2026-06-30 23:14:24
4555,256,4,add_to_cart,2026-06-12 18:13:51
4556,25,96,search,2026-04-28 09:28:21
4557,64,6,view,2026-05-22 08:03:48
4558,463,97,view,2026-05-04 00:52:01
4559,30,94,view,2026-05-09 03:47:21
4560,292,66,search,2026-06-17 19:35:24
4561,58,69,search,2026-04-28 10:13:30
4562,171,51,search,2026-06-01 04:12:44
4563,150,72,search,2026-06-03 06:54:44
4564,306,61,search,2026-07-04 23:04:37
4565,217,12,search,2026-06-30 05:20:49
4566,217,54,add_to_cart,2026-04-29 03:39:25
4567,216,81,view,2026-06-21 02:41:07
4568,233,43,purchase,2026-07-07 09:03:58
4569,334,69,search,2026-05-31 14:58:35
4570,289,23,search,2026-04-25 21:05:48
4571,289,20,search,2026-05-09 21:56:58
4572,2,93,search,2026-06-17 11:55:06
4573,69,87,search,2026-07-17 16:11:44
4574,177,58,view,2026-05-13 11:08:46
4575,278,27,view,2026-05-22 03:50:30
4576,11,60,search,2026-07-04 07:26:51
4577,436,92,search,2026-06-15 12:07:48
4578,135,7,search,2026-06-22 07:41:31
4579,270,67,search,2026-06-20 09:51:09
4580,378,73,view,2026-06-25 23:57:55
4581,157,45,purchase,2026-06-22 16:47:24
4582,328,27,view,2026-07-20 06:52:12
4583,47,34,view,2026-05-20 06:54:37
4584,337,5,add_to_cart,2026-05-31 12:00:16
4585,316,66,search,2026-06-07 08:20:00
4586,227,9,add_to_cart,2026-05-27 11:47:15
4587,462,63,add_to_cart,2026-05-02 20:47:53
4588,257,39,view,2026-04-29 02:55:47
4589,216,86,search,2026-05-30 04:36:18
4590,500,52,view,2026-05-24 04:39:51
4591,153,97,view,2026-04-29 10:48:26
4592,376,84,view,2026-06-20 20:31:54
4593,93,3,search,2026-05-07 18:56:29
4594,215,68,add_to_cart,2026-05-28 07:32:07
4595,259,43,search,2026-05-15 11:32:59
4596,146,99,view,2026-06-10 00:07:37
4597,290,31,view,2026-05-14 03:14:30
4598,58,49,view,2026-06-17 19:27:13
4599,290,14,search,2026-05-10 07:57:29
4600,251,14,view,2026-06-16 20:50:33
4601,290,87,view,2026-07-16 10:37:50
4602,61,19,view,2026-04-30 07:13:32
4603,87,48,purchase,2026-05-22 20:58:44
4604,209,42,view,2026-04-30 07:45:11
4605,212,38,search,2026-04-27 18:06:49
4606,305,96,search,2026-06-28 08:30:23
4607,337,76,add_to_cart,2026-07-15 13:13:59
4608,128,73,add_to_cart,2026-06-02 16:32:04
4609,380,59,view,2026-06-13 05:27:07
4610,288,18,view,2026-05-04 04:00:43
4611,239,28,view,2026-07-11 05:18:51
4612,483,99,view,2026-06-14 19:05:03
4613,134,99,search,2026-04-27 09:08:02
4614,18,75,view,2026-05-16 09:37:29
4615,196,21,search,2026-06-23 18:10:50
4616,137,3,view,2026-07-03 00:29:52
4617,170,14,view,2026-06-18 20:55:15
4618,338,83,view,2026-05-21 01:37:55
4619,250,97,view,2026-06-13 10:04:19
4620,372,64,search,2026-05-29 14:07:09
4621,60,67,search,2026-05-31 08:54:53
4622,99,19,view,2026-06-07 15:05:37
4623,472,42,search,2026-04-30 02:49:15
4624,4,22,view,2026-04-28 08:06:17
4625,81,29,add_to_cart,2026-05-22 13:44:59
4626,22,48,view,2026-06-09 03:48:29
4627,275,14,view,2026-05-02 08:42:28
4628,397,48,search,2026-07-05 05:24:52
4629,26,34,view,2026-06-13 20:47:11
4630,379,22,search,2026-06-12 22:05:11
4631,8,44,view,2026-06-02 19:03:49
4632,260,6,search,2026-07-11 11:36:55
4633,70,24,view,2026-05-07 01:12:06
4634,293,68,search,2026-07-08 14:22:36
4635,169,63,search,2026-04-27 23:27:39
4636,350,72,view,2026-05-13 12:25:02
4637,252,11,view,2026-06-09 16:42:42
4638,239,79,view,2026-06-17 06:30:41
4639,491,37,view,2026-05-09 18:55:11
4640,9,19,view,2026-05-19 21:47:26
4641,420,72,view,2026-06-15 19:38:32
4642,326,51,view,2026-05-01 13:19:49
4643,151,60,view,2026-05-02 04:02:25
4644,187,47,view,2026-05-01 20:43:58
4645,67,69,view,2026-05-09 12:24:40
4646,232,87,view,2026-06-20 17:14:39
4647,492,16,add_to_cart,2026-07-10 05:12:08
4648,75,78,search,2026-06-28 17:11:37
4649,343,53,view,2026-05-02 23:45:15
4650,14,34,view,2026-07-09 16:26:42
4651,479,12,add_to_cart,2026-06-18 20:16:23
4652,449,16,add_to_cart,2026-07-12 19:10:36
4653,348,79,view,2026-05-25 07:49:47
4654,231,85,search,2026-05-08 14:18:34
4655,190,93,view,2026-06-18 02:25:10
4656,330,86,search,2026-05-22 19:33:58
4657,37,6,view,2026-05-02 07:57:39
4658,171,12,view,2026-05-01 11:36:54
4659,310,14,view,2026-07-17 00:01:57
4660,336,82,view,2026-04-25 15:40:53
4661,212,11,search,2026-05-17 04:23:33
4662,99,41,search,2026-06-06 21:50:00
4663,352,86,view,2026-05-24 23:39:09
4664,273,5,search,2026-06-03 21:54:56
4665,2,74,search,2026-07-10 15:27:07
4666,29,50,view,2026-05-23 10:35:12
4667,398,65,view,2026-05-15 08:38:31
4668,40,3,view,2026-05-20 05:08:27
4669,491,46,search,2026-06-01 13:11:15
4670,167,41,view,2026-07-07 22:38:23
4671,97,59,view,2026-06-09 13:49:30
4672,360,35,search,2026-06-07 21:16:26
4673,437,35,view,2026-05-15 13:34:08
4674,273,34,view,2026-06-24 14:58:49
4675,348,79,add_to_cart,2026-06-14 17:00:44
4676,273,1,search,2026-05-17 00:13:56
4677,152,78,view,2026-05-16 22:06:33
4678,240,96,purchase,2026-06-23 09:48:49
4679,176,12,view,2026-06-24 21:14:21
4680,246,39,view,2026-07-14 15:09:13
4681,235,3,view,2026-06-05 03:10:30
4682,460,58,view,2026-05-01 01:22:44
4683,425,83,search,2026-05-28 11:13:16
4684,294,51,view,2026-06-30 06:15:51
4685,21,11,view,2026-06-15 12:56:29
4686,361,52,search,2026-05-23 09:12:47
4687,247,13,view,2026-05-16 15:21:07
4688,241,5,view,2026-05-22 17:35:44
4689,12,8,view,2026-05-22 22:11:32
4690,312,52,view,2026-05-23 20:50:34
4691,336,49,search,2026-06-25 11:23:51
4692,350,67,search,2026-06-13 02:34:16
4693,156,67,view,2026-04-25 21:17:46
4694,390,32,view,2026-05-05 01:16:46
4695,14,7,add_to_cart,2026-06-07 23:36:23
4696,485,60,view,2026-05-01 16:24:17
4697,270,63,add_to_cart,2026-07-08 00:09:03
4698,135,84,view,2026-06-19 10:51:45
4699,194,77,view,2026-05-14 07:43:46
4700,496,5,view,2026-05-04 17:40:57
4701,67,10,view,2026-06-19 09:57:34
4702,426,98,view,2026-04-29 18:23:42
4703,21,36,search,2026-05-11 05:42:19
4704,55,35,view,2026-05-03 01:45:40
4705,491,46,view,2026-06-21 04:19:49
4706,256,58,view,2026-05-17 06:30:15
4707,142,86,search,2026-05-24 03:11:28
4708,399,73,search,2026-07-01 19:16:40
4709,212,48,add_to_cart,2026-05-16 22:13:53
4710,339,14,view,2026-06-29 16:53:28
4711,16,28,search,2026-05-29 16:22:19
4712,150,1,add_to_cart,2026-07-07 05:18:18
4713,33,40,search,2026-07-11 02:07:46
4714,351,75,view,2026-06-24 12:55:48
4715,245,45,view,2026-06-01 04:18:45
4716,433,15,purchase,2026-06-23 06:26:30
4717,288,83,add_to_cart,2026-05-17 13:29:07
4718,62,59,view,2026-06-18 20:25:21
4719,190,98,view,2026-07-22 08:35:44
4720,98,35,search,2026-07-03 09:19:23
4721,436,20,add_to_cart,2026-05-13 17:57:06
4722,482,96,add_to_cart,2026-07-13 14:03:08
4723,215,68,view,2026-05-26 17:00:50
4724,398,32,add_to_cart,2026-05-09 14:35:17
4725,289,85,add_to_cart,2026-06-17 10:35:44
4726,276,85,view,2026-07-01 19:11:53
4727,47,31,view,2026-05-14 04:51:42
4728,482,16,add_to_cart,2026-06-10 11:16:56
4729,364,50,view,2026-04-27 22:50:17
4730,260,1,view,2026-06-18 00:07:36
4731,385,13,view,2026-05-16 22:39:34
4732,199,60,search,2026-05-06 05:03:07
4733,433,16,view,2026-05-27 14:59:29
4734,14,51,search,2026-06-20 17:54:51
4735,334,79,view,2026-07-18 20:24:17
4736,226,97,view,2026-05-24 01:22:38
4737,244,27,add_to_cart,2026-06-15 15:58:09
4738,420,77,view,2026-05-04 13:51:47
4739,185,85,purchase,2026-06-26 10:05:23
4740,203,47,view,2026-07-15 22:36:34
4741,141,77,search,2026-05-19 00:51:21
4742,398,17,view,2026-07-15 06:14:07
4743,58,93,search,2026-06-02 01:45:25
4744,242,96,search,2026-05-09 08:43:11
4745,222,42,view,2026-07-14 15:50:31
4746,390,8,view,2026-06-24 00:25:03
4747,108,50,purchase,2026-04-25 09:34:39
4748,29,86,view,2026-07-11 00:30:37
4749,499,15,search,2026-07-06 12:19:44
4750,33,11,add_to_cart,2026-06-04 21:21:41
4751,44,54,view,2026-06-20 13:11:18
4752,279,25,search,2026-07-10 04:43:29
4753,156,99,search,2026-06-24 13:36:35
4754,309,11,view,2026-05-03 05:27:49
4755,141,1,view,2026-07-05 13:04:34
4756,333,66,view,2026-07-07 20:48:04
4757,120,68,add_to_cart,2026-06-28 08:58:32
4758,229,74,search,2026-07-07 21:41:16
4759,412,88,purchase,2026-07-22 08:59:04
4760,428,72,add_to_cart,2026-06-10 03:02:53
4761,80,26,search,2026-05-15 21:09:27
4762,44,8,view,2026-05-20 04:29:46
4763,317,16,view,2026-07-20 00:30:25
4764,282,81,view,2026-06-03 18:42:11
4765,222,41,search,2026-05-01 12:39:22
4766,363,18,view,2026-05-01 16:25:05
4767,468,68,search,2026-07-19 00:46:56
4768,89,3,view,2026-07-06 14:12:33
4769,48,68,search,2026-06-02 07:37:07
4770,500,37,view,2026-06-01 00:47:36
4771,37,82,search,2026-07-03 09:37:09
4772,136,4,view,2026-06-03 20:29:34
4773,161,98,view,2026-06-24 15:55:16
4774,265,78,view,2026-06-12 21:51:28
4775,117,41,add_to_cart,2026-06-22 21:16:27
4776,354,9,view,2026-06-08 14:37:40
4777,262,36,view,2026-05-18 09:11:56
4778,93,29,search,2026-06-28 09:56:40
4779,39,92,search,2026-05-16 20:36:36
4780,397,23,purchase,2026-05-08 07:04:47
4781,479,69,view,2026-07-19 19:37:15
4782,382,52,add_to_cart,2026-07-22 05:01:55
4783,61,23,view,2026-06-22 04:59:42
4784,147,60,search,2026-06-22 10:50:41
4785,375,73,view,2026-07-17 05:10:59
4786,103,24,view,2026-07-21 18:31:07
4787,369,54,search,2026-05-19 18:34:01
4788,189,88,search,2026-07-07 12:16:14
4789,153,96,search,2026-07-08 03:42:15
4790,426,94,search,2026-06-12 23:08:45
4791,69,15,view,2026-07-09 17:56:30
4792,135,29,view,2026-05-19 17:05:20
4793,14,78,search,2026-04-27 02:12:04
4794,200,72,view,2026-05-02 23:31:43
4795,206,41,search,2026-06-21 08:47:26
4796,406,85,search,2026-04-30 03:03:10
4797,467,82,add_to_cart,2026-07-01 12:55:06
4798,104,100,view,2026-06-10 05:00:02
4799,365,7,view,2026-05-29 07:22:20
4800,345,13,search,2026-04-26 05:54:16
4801,431,94,view,2026-06-01 14:13:53
4802,143,60,view,2026-06-03 18:09:15
4803,111,93,purchase,2026-06-02 02:06:24
4804,437,3,view,2026-05-13 04:24:12
4805,201,66,view,2026-06-15 16:08:18
4806,484,1,view,2026-05-25 17:29:30
4807,213,85,search,2026-06-18 20:04:13
4808,294,60,search,2026-07-03 18:14:26
4809,277,74,view,2026-07-14 08:26:57
4810,220,63,add_to_cart,2026-05-25 09:02:18
4811,462,45,view,2026-06-26 04:31:19
4812,496,19,view,2026-06-07 12:59:25
4813,165,88,view,2026-04-30 23:06:08
4814,289,87,view,2026-06-01 17:21:14
4815,277,2,view,2026-06-14 22:42:20
4816,257,19,purchase,2026-06-01 20:41:21
4817,393,60,add_to_cart,2026-05-04 19:34:08
4818,61,21,view,2026-06-17 15:43:43
4819,183,94,add_to_cart,2026-05-14 15:24:47
4820,128,4,search,2026-06-16 10:26:14
4821,25,47,view,2026-05-18 21:50:37
4822,19,96,add_to_cart,2026-07-01 14:50:26
4823,92,74,purchase,2026-06-24 17:03:24
4824,156,82,search,2026-06-13 08:25:17
4825,282,29,purchase,2026-07-15 03:02:56
4826,107,15,view,2026-06-09 12:12:34
4827,413,92,search,2026-05-14 09:26:23
4828,49,22,search,2026-05-16 23:53:59
4829,432,55,purchase,2026-07-07 17:48:26
4830,177,70,view,2026-05-12 13:33:38
4831,3,61,view,2026-04-30 22:18:59
4832,370,58,add_to_cart,2026-06-17 03:37:01
4833,185,18,search,2026-05-19 07:29:22
4834,404,9,view,2026-07-03 06:33:26
4835,101,63,search,2026-06-05 10:45:32
4836,462,27,search,2026-05-26 09:16:20
4837,38,21,search,2026-07-04 15:37:40
4838,203,46,view,2026-06-30 03:54:06
4839,429,3,view,2026-05-29 23:55:11
4840,48,5,search,2026-06-23 18:08:20
4841,190,89,search,2026-05-19 13:25:41
4842,429,17,view,2026-07-18 20:53:02
4843,108,27,search,2026-04-25 23:02:19
4844,129,54,view,2026-06-07 13:49:27
4845,83,17,view,2026-04-28 10:16:30
4846,97,96,search,2026-05-17 03:07:46
4847,3,91,add_to_cart,2026-06-28 17:29:42
4848,167,88,view,2026-07-13 06:06:36
4849,384,36,view,2026-06-08 01:42:27
4850,205,27,search,2026-06-05 22:04:36
4851,465,74,view,2026-06-18 02:32:55
4852,18,78,view,2026-06-04 01:20:47
4853,429,51,view,2026-06-04 16:27:18
4854,476,55,search,2026-07-14 21:25:41
4855,334,61,search,2026-05-24 09:02:29
4856,6,32,view,2026-04-24 20:24:18
4857,157,48,view,2026-05-19 05:56:38
4858,37,3,view,2026-06-06 00:46:05
4859,239,34,search,2026-04-25 03:02:39
4860,18,88,search,2026-05-22 21:09:34
4861,479,95,view,2026-04-27 09:04:10
4862,60,43,search,2026-05-03 22:23:21
4863,294,53,view,2026-06-20 00:48:29
4864,250,89,view,2026-04-25 01:26:00
4865,352,17,view,2026-05-06 06:23:13
4866,220,1,view,2026-04-26 11:22:24
4867,393,79,purchase,2026-06-03 07:38:35
4868,370,74,purchase,2026-06-04 01:43:04
4869,58,94,search,2026-05-13 15:46:30
4870,75,43,add_to_cart,2026-07-02 11:37:57
4871,205,48,view,2026-05-18 10:53:10
4872,422,21,view,2026-07-10 17:18:44
4873,330,7,view,2026-07-15 00:28:08
4874,328,25,purchase,2026-06-26 14:49:41
4875,270,82,view,2026-05-28 16:15:03
4876,166,95,view,2026-07-01 14:52:01
4877,431,40,view,2026-06-02 23:49:43
4878,109,44,search,2026-06-29 09:05:58
4879,123,77,view,2026-07-08 14:59:32
4880,63,12,view,2026-05-26 17:06:47
4881,470,21,add_to_cart,2026-05-25 17:10:49
4882,305,88,view,2026-05-12 08:09:58
4883,281,58,search,2026-06-17 07:41:42
4884,322,23,view,2026-05-16 04:08:35
4885,49,57,view,2026-06-20 18:10:40
4886,11,31,view,2026-07-21 21:57:49
4887,220,69,add_to_cart,2026-06-12 23:37:09
4888,5,91,search,2026-06-09 10:18:34
4889,72,70,view,2026-07-11 07:30:06
4890,194,17,view,2026-07-20 09:36:27
4891,134,48,purchase,2026-05-26 14:28:03
4892,419,99,view,2026-07-04 16:02:09
4893,223,77,add_to_cart,2026-04-29 02:22:28
4894,202,95,search,2026-06-18 10:11:00
4895,247,57,view,2026-06-11 20:39:04
4896,359,78,purchase,2026-05-03 06:43:47
4897,63,88,view,2026-06-07 07:48:12
4898,356,71,view,2026-07-02 12:18:54
4899,191,98,view,2026-06-03 16:20:19
4900,91,57,add_to_cart,2026-05-26 06:41:20
4901,465,88,view,2026-06-01 11:37:27
4902,2,71,search,2026-07-20 08:02:35
4903,219,68,search,2026-07-22 05:09:31
4904,22,97,view,2026-05-28 13:25:45
4905,397,22,view,2026-07-09 02:38:30
4906,127,26,view,2026-06-14 08:40:56
4907,357,100,view,2026-04-25 11:08:56
4908,309,26,view,2026-06-05 17:08:45
4909,412,96,view,2026-06-28 22:02:49
4910,305,82,search,2026-06-13 19:55:46
4911,352,80,search,2026-04-25 09:26:53
4912,416,64,view,2026-07-21 08:02:52
4913,63,95,view,2026-05-18 15:15:14
4914,441,74,search,2026-06-25 18:09:30
4915,289,74,add_to_cart,2026-07-15 19:32:50
4916,357,17,view,2026-06-25 04:59:35
4917,204,90,view,2026-04-29 10:23:51
4918,475,29,view,2026-06-29 10:01:26
4919,292,96,search,2026-06-14 02:31:59
4920,407,46,add_to_cart,2026-05-08 20:10:47
4921,308,47,search,2026-06-18 03:52:12
4922,369,66,view,2026-06-27 00:14:27
4923,62,70,search,2026-05-19 18:43:01
4924,470,31,purchase,2026-06-09 02:12:33
4925,241,90,view,2026-07-02 19:35:32
4926,340,2,search,2026-06-09 08:51:21
4927,144,64,search,2026-06-23 11:13:32
4928,350,79,add_to_cart,2026-07-04 09:25:16
4929,393,39,search,2026-05-25 01:32:56
4930,280,88,add_to_cart,2026-06-27 17:41:08
4931,156,40,view,2026-07-16 05:42:09
4932,26,58,view,2026-07-21 15:19:28
4933,107,96,view,2026-06-01 03:34:39
4934,384,99,add_to_cart,2026-05-22 08:42:54
4935,393,30,view,2026-06-07 14:07:19
4936,218,73,view,2026-06-01 16:09:20
4937,18,94,view,2026-05-27 19:22:31
4938,347,84,add_to_cart,2026-05-15 00:45:39
4939,365,67,view,2026-06-24 13:19:09
4940,383,91,add_to_cart,2026-07-05 15:11:08
4941,32,60,add_to_cart,2026-07-02 01:35:59
4942,475,74,purchase,2026-05-30 00:56:59
4943,305,41,view,2026-07-07 03:25:59
4944,136,87,view,2026-06-04 03:54:08
4945,400,71,view,2026-06-10 00:26:18
4946,316,40,purchase,2026-05-15 21:13:35
4947,191,87,view,2026-07-15 08:45:09
4948,420,27,view,2026-06-06 16:59:32
4949,392,86,view,2026-06-30 09:12:27
4950,282,60,purchase,2026-05-03 19:54:34
4951,416,82,add_to_cart,2026-05-25 10:06:02
4952,396,4,search,2026-04-24 23:09:09
4953,295,66,search,2026-06-01 08:56:37
4954,350,21,view,2026-05-13 20:58:11
4955,432,92,search,2026-05-22 03:23:00
4956,8,31,add_to_cart,2026-06-03 09:38:05
4957,348,76,search,2026-05-07 07:44:26
4958,332,43,search,2026-04-28 21:46:00
4959,438,24,view,2026-07-07 23:35:32
4960,87,88,add_to_cart,2026-05-25 07:12:24
4961,122,21,view,2026-05-25 03:42:49
4962,420,86,search,2026-07-12 05:50:47
4963,72,37,search,2026-05-09 20:16:36
4964,161,77,search,2026-05-13 00:00:21
4965,89,17,view,2026-06-10 12:22:09
4966,293,10,view,2026-07-10 15:02:45
4967,366,43,add_to_cart,2026-06-20 12:34:59
4968,150,91,view,2026-05-30 10:54:00
4969,213,89,view,2026-04-28 18:41:57
4970,94,5,view,2026-05-05 17:38:35
4971,284,33,view,2026-06-04 07:17:49
4972,194,34,add_to_cart,2026-07-10 16:48:29
4973,221,73,view,2026-06-09 08:29:26
4974,486,51,view,2026-05-10 06:09:43
4975,64,71,search,2026-06-28 01:11:56
4976,358,12,purchase,2026-05-09 00:42:10
4977,288,87,search,2026-07-09 23:51:52
4978,9,54,view,2026-06-06 04:44:31
4979,443,52,view,2026-05-09 15:29:28
4980,106,20,add_to_cart,2026-06-16 05:43:48
4981,390,31,search,2026-06-25 02:28:29
4982,16,47,view,2026-05-22 05:09:34
4983,253,72,search,2026-05-18 19:43:03
4984,403,1,add_to_cart,2026-05-30 17:30:13
4985,226,42,add_to_cart,2026-05-27 17:34:25
4986,348,43,view,2026-06-03 07:30:49
4987,130,91,view,2026-04-25 08:28:48
4988,300,64,view,2026-06-16 00:52:03
4989,363,87,view,2026-07-10 18:14:58
4990,132,30,search,2026-06-11 02:33:12
4991,248,25,search,2026-06-22 00:34:29
4992,36,34,search,2026-06-03 14:54:01
4993,21,4,search,2026-07-01 02:51:11
4994,447,32,view,2026-05-31 07:36:15
4995,435,85,purchase,2026-07-14 19:05:34
4996,90,55,add_to_cart,2026-06-18 08:29:38
4997,10,24,add_to_cart,2026-05-12 13:15:24
4998,94,8,search,2026-05-31 01:46:02
4999,209,87,view,2026-05-04 19:49:34
5000,278,99,search,2026-06-05 14:54:57
5001,386,60,view,2026-07-03 17:49:01
5002,39,44,search,2026-05-11 11:20:59
5003,22,8,view,2026-07-16 01:50:41
5004,128,33,view,2026-04-27 22:20:25
5005,278,56,search,2026-07-20 12:20:29
5006,102,15,view,2026-07-04 09:41:39
5007,44,71,search,2026-06-30 07:14:51
5008,144,97,search,2026-05-17 03:49:18
5009,353,95,search,2026-07-15 04:15:30
5010,44,95,search,2026-06-19 19:52:44
5011,231,84,search,2026-05-05 15:08:48
5012,3,44,view,2026-06-10 08:26:13
5013,50,21,view,2026-06-04 06:50:45
5014,25,8,add_to_cart,2026-05-06 22:29:02
5015,92,66,view,2026-06-08 16:37:51
5016,270,96,view,2026-06-07 19:01:40
5017,473,7,view,2026-06-23 22:47:50
5018,335,42,view,2026-06-16 06:47:11
5019,321,57,search,2026-07-20 04:27:33
5020,328,19,view,2026-05-13 11:59:08
5021,95,21,search,2026-06-14 01:22:39
5022,420,96,search,2026-05-02 09:29:41
5023,104,54,purchase,2026-06-17 10:35:29
5024,32,38,view,2026-07-02 00:46:27
5025,253,47,search,2026-05-26 04:08:18
5026,87,95,add_to_cart,2026-06-11 09:20:11
5027,248,2,add_to_cart,2026-06-04 04:38:21
5028,499,89,add_to_cart,2026-06-26 12:03:25
5029,258,34,view,2026-07-01 04:00:11
5030,378,33,add_to_cart,2026-05-27 23:28:24
5031,110,47,view,2026-06-07 16:44:27
5032,329,60,search,2026-06-09 06:32:52
5033,297,71,add_to_cart,2026-05-20 00:56:07
5034,9,57,view,2026-07-01 08:54:16
5035,423,78,view,2026-05-25 14:14:32
5036,289,60,view,2026-07-17 22:32:47
5037,32,56,view,2026-07-21 13:35:20
5038,369,66,search,2026-06-07 18:23:58
5039,97,70,view,2026-06-02 10:31:55
5040,313,8,search,2026-05-07 22:44:07
5041,308,19,add_to_cart,2026-06-30 09:55:40
5042,434,10,search,2026-07-07 02:24:41
5043,231,33,view,2026-04-27 07:36:59
5044,2,44,view,2026-06-11 13:06:57
5045,45,83,search,2026-06-04 21:37:28
5046,20,43,view,2026-07-03 08:20:27
5047,242,70,search,2026-07-10 21:18:32
5048,125,10,search,2026-06-25 23:18:48
5049,244,49,view,2026-06-09 12:47:04
5050,345,48,search,2026-05-08 17:24:36
5051,282,75,search,2026-07-20 20:32:38
5052,77,23,search,2026-05-20 04:45:02
5053,83,72,search,2026-05-17 20:09:35
5054,228,87,search,2026-05-02 18:56:42
5055,243,3,view,2026-06-22 08:19:15
5056,50,79,search,2026-05-20 02:50:46
5057,333,3,search,2026-04-24 23:29:59
5058,425,16,view,2026-06-30 21:51:45
5059,309,100,search,2026-06-02 14:01:43
5060,292,14,view,2026-04-28 12:53:32
5061,289,60,search,2026-07-04 01:20:28
5062,33,61,add_to_cart,2026-04-30 08:42:45
5063,173,29,view,2026-06-16 21:55:41
5064,347,48,search,2026-06-21 16:24:40
5065,232,58,search,2026-06-26 15:16:57
5066,184,53,view,2026-04-29 22:12:41
5067,203,9,view,2026-07-23 15:40:00
5068,342,1,view,2026-06-09 05:52:05
5069,31,14,view,2026-07-05 06:11:03
5070,222,4,search,2026-04-25 20:36:19
5071,227,7,view,2026-06-28 06:54:43
5072,176,73,view,2026-06-30 07:44:16
5073,462,81,view,2026-06-29 23:48:56
5074,371,23,view,2026-04-25 20:55:08
5075,406,23,search,2026-07-19 16:52:57
5076,284,47,add_to_cart,2026-07-10 11:11:24
5077,361,61,view,2026-06-08 10:35:56
5078,406,89,search,2026-07-17 05:13:45
5079,206,82,view,2026-06-21 21:10:22
5080,256,42,search,2026-07-06 09:07:31
5081,275,96,view,2026-07-14 10:24:08
5082,461,22,view,2026-05-31 22:51:45
5083,399,87,search,2026-07-07 20:15:57
5084,447,34,search,2026-05-10 19:19:06
5085,33,37,view,2026-05-22 07:19:36
5086,69,45,search,2026-05-15 05:10:04
5087,268,38,view,2026-07-10 17:41:22
5088,478,88,add_to_cart,2026-05-03 17:34:14
5089,117,31,view,2026-07-09 12:52:08
5090,366,99,view,2026-06-06 19:58:45
5091,480,55,search,2026-06-02 02:34:21
5092,447,74,search,2026-06-30 09:15:04
5093,364,58,view,2026-05-05 21:31:31
5094,448,87,add_to_cart,2026-07-08 04:35:10
5095,4,68,view,2026-06-11 21:46:03
5096,465,12,add_to_cart,2026-06-08 03:49:28
5097,189,77,search,2026-07-11 09:03:11
5098,222,67,view,2026-07-03 23:08:31
5099,239,67,search,2026-05-21 09:56:00
5100,167,76,search,2026-06-13 18:16:56
5101,34,28,purchase,2026-07-11 02:07:17
5102,209,65,view,2026-05-22 05:03:42
5103,443,6,search,2026-06-06 20:08:33
5104,157,34,view,2026-06-18 13:27:39
5105,371,74,search,2026-05-15 00:17:56
5106,113,34,view,2026-05-18 08:25:33
5107,198,19,purchase,2026-07-05 05:33:04
5108,354,14,view,2026-05-06 00:39:57
5109,54,89,purchase,2026-07-22 03:56:52
5110,424,67,view,2026-06-30 23:49:31
5111,41,69,view,2026-06-29 11:34:59
5112,257,66,search,2026-06-28 14:20:28
5113,438,42,search,2026-07-13 04:19:10
5114,103,10,view,2026-07-13 23:32:06
5115,345,53,view,2026-06-28 08:58:24
5116,129,7,add_to_cart,2026-06-07 18:51:51
5117,436,89,view,2026-05-21 09:51:13
5118,419,69,view,2026-07-07 10:29:50
5119,24,20,view,2026-07-17 01:20:20
5120,253,34,view,2026-06-23 12:54:38
5121,297,85,add_to_cart,2026-04-25 13:13:18
5122,207,43,view,2026-07-13 22:19:37
5123,102,74,search,2026-07-19 13:47:40
5124,291,71,add_to_cart,2026-07-03 10:43:56
5125,365,19,purchase,2026-07-16 14:42:41
5126,460,37,view,2026-06-30 00:46:26
5127,157,78,search,2026-05-21 21:36:13
5128,271,40,view,2026-05-23 07:43:58
5129,109,75,view,2026-06-07 22:50:34
5130,62,62,search,2026-07-22 22:08:21
5131,156,88,view,2026-07-10 20:09:05
5132,112,11,view,2026-05-02 08:01:56
5133,278,24,view,2026-06-15 16:28:59
5134,29,35,view,2026-05-08 16:44:17
5135,373,24,view,2026-07-17 14:57:44
5136,259,80,add_to_cart,2026-06-14 01:11:02
5137,390,80,view,2026-06-16 07:26:57
5138,314,60,add_to_cart,2026-05-26 19:30:54
5139,184,36,view,2026-05-19 18:12:14
5140,275,98,view,2026-05-01 10:28:30
5141,143,36,view,2026-07-22 20:18:47
5142,365,18,search,2026-06-20 03:27:34
5143,419,28,view,2026-07-20 04:07:33
5144,3,89,view,2026-06-22 03:58:44
5145,262,24,search,2026-05-27 00:42:28
5146,399,9,purchase,2026-06-20 03:53:02
5147,128,33,view,2026-05-18 21:43:46
5148,310,78,view,2026-05-09 14:01:21
5149,170,68,view,2026-05-23 07:32:34
5150,289,78,view,2026-07-03 11:54:35
5151,479,86,view,2026-05-06 05:57:06
5152,40,47,view,2026-07-11 16:55:36
5153,244,18,search,2026-07-01 19:02:49
5154,146,8,purchase,2026-07-12 11:44:13
5155,282,4,search,2026-05-27 06:20:19
5156,369,33,search,2026-07-17 19:53:38
5157,197,30,view,2026-04-28 02:54:15
5158,82,91,view,2026-06-25 10:16:10
5159,187,31,view,2026-05-15 09:48:22
5160,268,87,view,2026-07-19 15:08:55
5161,392,92,search,2026-06-11 11:38:22
5162,39,69,view,2026-06-26 16:38:32
5163,101,37,view,2026-07-18 09:26:45
5164,217,54,view,2026-04-30 18:59:34
5165,486,14,view,2026-05-02 03:18:52
5166,129,70,search,2026-06-11 10:26:20
5167,326,24,search,2026-06-11 02:48:46
5168,323,98,search,2026-07-21 16:35:31
5169,241,54,view,2026-07-01 09:04:58
5170,186,45,search,2026-06-13 06:58:42
5171,205,66,view,2026-05-17 04:50:15
5172,218,56,view,2026-07-14 14:58:45
5173,185,11,search,2026-04-27 11:59:21
5174,103,81,add_to_cart,2026-06-29 19:07:07
5175,313,23,view,2026-05-02 02:12:57
5176,107,85,search,2026-06-16 04:02:19
5177,233,56,search,2026-07-22 04:37:09
5178,197,79,view,2026-06-20 22:18:15
5179,431,78,search,2026-05-24 19:47:30
5180,109,69,search,2026-05-09 21:18:40
5181,419,69,purchase,2026-06-07 07:19:29
5182,21,43,view,2026-05-18 06:13:04
5183,47,86,view,2026-06-29 04:47:15
5184,104,79,search,2026-07-17 21:25:44
5185,279,12,search,2026-07-06 23:29:23
5186,104,27,search,2026-07-22 20:04:22
5187,10,27,add_to_cart,2026-05-31 18:20:09
5188,313,56,purchase,2026-05-07 00:28:15
5189,479,57,add_to_cart,2026-07-06 10:17:34
5190,290,70,view,2026-06-05 05:09:07
5191,324,90,search,2026-05-27 12:28:54
5192,115,61,view,2026-06-08 15:23:23
5193,446,49,purchase,2026-07-03 20:19:03
5194,150,20,view,2026-07-22 07:57:57
5195,291,58,search,2026-07-14 09:48:31
5196,165,57,purchase,2026-07-05 21:15:41
5197,5,53,view,2026-06-15 20:13:53
5198,138,29,view,2026-06-25 04:44:47
5199,214,97,search,2026-06-25 12:28:01
5200,426,48,view,2026-05-27 22:15:57
5201,257,23,view,2026-06-26 20:32:34
5202,81,58,view,2026-07-03 00:25:20
5203,465,5,view,2026-05-26 19:23:44
5204,131,44,search,2026-07-02 05:30:20
5205,351,61,view,2026-05-06 22:15:35
5206,470,60,view,2026-06-25 11:06:53
5207,402,17,view,2026-05-28 03:33:01
5208,496,58,add_to_cart,2026-04-26 21:49:42
5209,195,91,view,2026-05-19 10:15:40
5210,25,98,search,2026-05-09 12:09:46
5211,205,44,view,2026-07-21 21:25:05
5212,249,67,search,2026-07-10 09:18:20
5213,424,88,view,2026-06-19 21:52:23
5214,484,58,add_to_cart,2026-06-08 04:38:09
5215,390,5,view,2026-05-04 19:23:47
5216,251,62,purchase,2026-06-15 21:22:49
5217,40,47,search,2026-06-04 14:49:17
5218,383,37,view,2026-06-26 07:50:31
5219,279,30,search,2026-07-15 09:41:10
5220,478,44,view,2026-04-25 16:44:02
5221,186,36,search,2026-07-20 21:01:59
5222,163,96,search,2026-06-12 04:53:23
5223,452,30,view,2026-07-02 19:23:07
5224,111,80,add_to_cart,2026-06-30 16:22:25
5225,102,37,search,2026-05-26 18:42:11
5226,217,69,view,2026-06-30 15:38:49
5227,267,4,view,2026-07-16 03:24:34
5228,256,21,view,2026-06-23 10:01:20
5229,161,41,search,2026-06-21 06:26:34
5230,407,36,purchase,2026-06-04 15:48:01
5231,168,5,view,2026-04-27 01:03:14
5232,382,72,search,2026-05-14 17:50:33
5233,35,11,view,2026-07-03 11:04:47
5234,29,29,add_to_cart,2026-05-18 11:48:38
5235,344,66,view,2026-05-06 02:27:21
5236,147,93,add_to_cart,2026-06-12 03:20:50
5237,54,98,view,2026-06-16 13:22:35
5238,136,32,view,2026-06-17 02:00:38
5239,375,7,view,2026-07-19 21:21:18
5240,328,100,purchase,2026-04-28 10:03:09
5241,323,87,view,2026-05-06 01:36:59
5242,224,28,view,2026-05-21 21:58:58
5243,490,26,view,2026-06-08 05:10:26
5244,12,17,search,2026-06-07 09:17:31
5245,295,22,search,2026-06-08 10:49:12
5246,41,41,add_to_cart,2026-05-30 05:28:13
5247,364,56,search,2026-05-30 10:46:31
5248,280,90,add_to_cart,2026-06-28 13:06:54
5249,185,46,purchase,2026-05-27 18:46:44
5250,339,44,search,2026-05-30 17:12:46
5251,225,4,add_to_cart,2026-05-26 04:31:32
5252,390,31,search,2026-06-01 06:11:26
5253,83,73,search,2026-05-02 18:24:58
5254,269,15,view,2026-05-30 02:31:26
5255,174,10,search,2026-06-24 07:42:20
5256,213,21,search,2026-05-07 10:16:13
5257,446,85,add_to_cart,2026-05-08 15:14:09
5258,491,8,add_to_cart,2026-07-20 12:44:42
5259,402,100,search,2026-06-12 07:35:56
5260,102,100,search,2026-06-01 23:58:52
5261,390,41,view,2026-05-01 05:25:05
5262,365,81,search,2026-05-03 16:40:30
5263,187,48,view,2026-07-02 16:43:19
5264,185,41,view,2026-07-11 18:07:24
5265,126,6,search,2026-06-28 06:11:00
5266,86,61,search,2026-07-07 23:43:13
5267,373,34,view,2026-04-27 04:59:41
5268,308,94,search,2026-05-08 10:46:20
5269,187,8,view,2026-07-04 11:14:45
5270,222,88,add_to_cart,2026-05-11 10:33:22
5271,436,12,search,2026-07-05 08:19:19
5272,173,37,view,2026-07-01 21:22:38
5273,108,75,view,2026-07-08 18:03:27
5274,265,30,view,2026-07-14 19:54:33
5275,483,3,search,2026-05-03 11:22:07
5276,110,92,view,2026-06-17 06:33:45
5277,22,47,search,2026-06-27 19:03:12
5278,103,46,view,2026-05-25 11:41:19
5279,350,73,view,2026-04-27 07:45:55
5280,172,62,search,2026-05-19 06:18:57
5281,53,18,add_to_cart,2026-06-27 08:16:20
5282,144,20,view,2026-06-03 04:35:33
5283,6,12,search,2026-06-21 09:58:55
5284,52,15,view,2026-05-24 02:10:52
5285,447,94,purchase,2026-05-20 03:31:59
5286,487,65,search,2026-06-09 15:12:41
5287,40,26,view,2026-07-08 04:37:13
5288,416,80,view,2026-05-11 18:56:22
5289,280,55,search,2026-05-03 04:12:55
5290,115,64,view,2026-07-13 06:22:13
5291,80,15,search,2026-05-09 08:18:17
5292,16,99,view,2026-05-03 02:11:01
5293,422,91,view,2026-05-02 19:49:26
5294,136,6,view,2026-06-21 04:40:05
5295,191,72,view,2026-06-23 17:16:00
5296,316,78,view,2026-06-16 15:05:12
5297,388,68,search,2026-06-19 20:49:15
5298,232,87,view,2026-07-12 07:29:42
5299,221,21,view,2026-07-13 18:17:21
5300,343,14,search,2026-07-18 01:39:03
5301,354,5,search,2026-05-01 12:24:52
5302,403,28,view,2026-06-01 19:46:51
5303,336,94,add_to_cart,2026-05-14 19:09:59
5304,56,57,purchase,2026-05-17 09:09:59
5305,461,56,add_to_cart,2026-06-24 11:49:45
5306,243,63,view,2026-05-23 21:01:38
5307,430,90,purchase,2026-07-22 04:30:22
5308,291,11,view,2026-06-27 07:46:31
5309,133,89,search,2026-06-18 09:22:37
5310,55,80,view,2026-06-12 20:32:26
5311,483,98,view,2026-04-28 04:23:57
5312,200,4,view,2026-07-03 19:51:20
5313,127,21,view,2026-07-19 20:44:47
5314,153,35,purchase,2026-05-20 07:03:10
5315,356,48,view,2026-06-11 14:03:02
5316,46,33,add_to_cart,2026-06-09 19:18:26
5317,467,51,view,2026-07-13 22:39:28
5318,432,64,view,2026-07-06 15:19:09
5319,426,20,view,2026-07-17 04:13:19
5320,393,59,view,2026-05-02 00:23:13
5321,231,97,search,2026-05-06 03:15:24
5322,240,4,add_to_cart,2026-06-27 23:57:08
5323,299,83,search,2026-05-02 04:05:12
5324,55,84,purchase,2026-06-28 22:33:25
5325,449,99,view,2026-07-08 12:33:25
5326,418,97,view,2026-07-15 22:26:49
5327,18,25,search,2026-06-19 09:01:10
5328,366,49,add_to_cart,2026-05-14 16:33:00
5329,35,55,view,2026-06-08 12:47:57
5330,13,2,view,2026-06-22 16:43:17
5331,171,52,add_to_cart,2026-07-17 11:12:37
5332,242,51,search,2026-05-18 13:16:04
5333,432,18,purchase,2026-05-18 18:31:14
5334,133,89,view,2026-04-27 13:17:04
5335,296,14,search,2026-05-25 14:41:50
5336,313,2,search,2026-06-20 00:33:14
5337,297,9,view,2026-04-29 10:12:19
5338,335,54,view,2026-05-12 10:33:48
5339,132,39,view,2026-04-27 16:24:46
5340,486,97,view,2026-07-20 01:52:07
5341,320,100,view,2026-05-22 09:53:29
5342,422,70,search,2026-06-17 07:27:11
5343,120,80,add_to_cart,2026-05-11 07:45:07
5344,150,60,view,2026-07-04 19:13:50
5345,4,74,view,2026-05-08 12:16:23
5346,314,42,add_to_cart,2026-07-15 02:49:54
5347,419,19,search,2026-06-17 03:36:31
5348,209,96,view,2026-05-25 10:14:42
5349,69,28,search,2026-05-05 19:27:53
5350,344,54,search,2026-05-15 13:30:52
5351,195,67,add_to_cart,2026-07-09 06:35:52
5352,454,31,view,2026-06-16 09:33:11
5353,336,27,search,2026-06-11 04:36:18
5354,122,51,add_to_cart,2026-07-15 09:10:16
5355,382,25,view,2026-05-18 01:30:54
5356,319,3,view,2026-07-01 04:11:43
5357,143,53,view,2026-05-30 01:27:27
5358,311,40,view,2026-07-20 22:55:06
5359,486,36,search,2026-07-05 08:51:08
5360,289,92,view,2026-06-01 20:34:21
5361,141,63,search,2026-05-07 08:36:40
5362,22,52,view,2026-06-08 02:48:25
5363,206,45,add_to_cart,2026-06-19 13:06:43
5364,269,62,view,2026-05-06 12:56:30
5365,160,46,search,2026-04-25 04:24:40
5366,308,14,view,2026-07-09 01:51:41
5367,165,33,search,2026-05-30 14:55:27
5368,267,23,search,2026-07-02 07:52:12
5369,195,92,view,2026-05-31 12:45:55
5370,40,10,view,2026-05-31 17:20:35
5371,72,14,view,2026-07-22 18:50:06
5372,18,26,add_to_cart,2026-05-02 02:27:09
5373,53,67,search,2026-06-02 12:21:24
5374,453,96,view,2026-05-27 00:39:08
5375,211,44,search,2026-05-20 21:18:21
5376,232,45,add_to_cart,2026-05-11 17:53:21
5377,447,51,search,2026-05-18 16:08:37
5378,232,65,search,2026-07-23 12:13:59
5379,472,30,view,2026-05-03 09:37:22
5380,164,4,view,2026-07-18 21:17:01
5381,486,87,view,2026-06-30 07:31:25
5382,197,36,purchase,2026-07-16 00:06:41
5383,339,46,search,2026-07-10 05:04:10
5384,257,4,view,2026-04-25 09:14:42
5385,52,12,search,2026-06-03 20:57:52
5386,386,18,view,2026-07-08 23:57:32
5387,94,29,purchase,2026-05-31 06:09:13
5388,486,76,view,2026-05-20 15:20:46
5389,416,17,search,2026-06-26 23:28:35
5390,438,99,view,2026-07-18 09:38:13
5391,488,27,view,2026-06-15 04:55:45
5392,141,69,view,2026-07-10 00:48:55
5393,33,75,view,2026-06-29 15:39:57
5394,380,58,view,2026-07-10 09:52:46
5395,351,25,view,2026-07-09 12:40:21
5396,432,78,search,2026-06-03 04:00:46
5397,413,47,view,2026-05-05 17:32:24
5398,40,25,view,2026-07-01 00:16:20
5399,480,34,add_to_cart,2026-07-06 21:06:58
5400,469,3,view,2026-07-12 23:03:12
5401,317,81,view,2026-05-21 02:53:27
5402,117,96,purchase,2026-07-12 15:22:36
5403,281,5,view,2026-06-04 11:40:05
5404,108,63,add_to_cart,2026-05-26 19:41:37
5405,430,85,search,2026-07-18 18:55:30
5406,429,16,view,2026-05-12 07:23:12
5407,357,46,view,2026-06-23 05:35:13
5408,453,50,view,2026-05-26 16:23:35
5409,184,18,add_to_cart,2026-07-05 17:45:51
5410,454,90,view,2026-07-01 05:15:28
5411,423,46,add_to_cart,2026-05-07 08:59:12
5412,287,44,view,2026-04-25 11:07:32
5413,8,15,view,2026-07-05 19:10:44
5414,433,9,search,2026-06-07 02:14:54
5415,126,35,view,2026-06-20 00:27:43
5416,399,37,search,2026-05-25 16:12:31
5417,351,24,view,2026-06-29 03:57:47
5418,72,53,search,2026-06-17 04:31:29
5419,138,21,view,2026-07-22 00:13:33
5420,441,66,search,2026-07-03 11:07:44
5421,54,88,purchase,2026-07-16 10:55:48
5422,28,7,view,2026-04-25 22:47:33
5423,282,72,purchase,2026-05-04 18:05:37
5424,79,88,search,2026-05-22 06:31:33
5425,382,84,view,2026-06-03 00:51:46
5426,45,95,search,2026-04-28 16:29:28
5427,166,100,add_to_cart,2026-06-18 16:35:09
5428,189,72,view,2026-07-01 13:30:07
5429,176,23,search,2026-07-20 05:18:16
5430,383,32,view,2026-05-28 18:01:45
5431,469,20,search,2026-07-19 19:55:04
5432,493,70,view,2026-05-15 10:00:37
5433,291,22,search,2026-07-12 07:44:51
5434,285,92,view,2026-06-03 01:40:23
5435,397,63,search,2026-06-17 13:49:39
5436,77,85,view,2026-07-22 20:51:53
5437,87,54,add_to_cart,2026-05-31 10:41:50
5438,168,82,view,2026-07-02 17:45:14
5439,285,13,add_to_cart,2026-05-27 21:10:00
5440,311,72,view,2026-07-04 11:11:41
5441,439,9,add_to_cart,2026-07-17 17:22:02
5442,283,5,search,2026-06-14 08:48:18
5443,480,77,view,2026-07-03 18:21:17
5444,3,63,search,2026-05-06 10:35:42
5445,71,54,view,2026-05-23 21:44:08
5446,244,33,view,2026-07-02 21:27:20
5447,390,11,purchase,2026-06-20 06:26:22
5448,303,31,view,2026-06-19 16:32:56
5449,278,47,add_to_cart,2026-05-11 10:55:36
5450,441,99,view,2026-07-22 20:53:06
5451,294,28,purchase,2026-07-12 16:15:53
5452,467,86,search,2026-06-16 18:46:42
5453,392,98,view,2026-07-02 16:31:33
5454,114,31,view,2026-07-03 18:32:21
5455,402,62,purchase,2026-06-18 00:56:56
5456,406,94,view,2026-04-25 04:05:14
5457,33,61,search,2026-07-19 20:45:03
5458,74,81,view,2026-05-18 05:32:45
5459,108,43,add_to_cart,2026-05-09 22:29:17
5460,52,97,search,2026-07-08 13:22:32
5461,333,4,search,2026-05-10 13:52:05
5462,458,22,view,2026-06-19 05:20:18
5463,351,8,search,2026-06-28 08:35:27
5464,246,53,search,2026-05-09 02:51:51
5465,324,56,view,2026-07-03 12:16:36
5466,126,71,purchase,2026-07-14 04:38:33
5467,342,83,purchase,2026-06-08 07:28:51
5468,37,53,view,2026-07-07 07:17:03
5469,402,68,view,2026-05-05 05:41:31
5470,466,92,view,2026-04-26 01:23:06
5471,117,88,purchase,2026-06-09 13:48:06
5472,6,97,search,2026-07-15 12:52:58
5473,12,58,view,2026-05-18 14:12:24
5474,293,67,search,2026-06-14 22:45:39
5475,380,66,search,2026-06-04 04:32:36
5476,431,91,search,2026-07-06 16:05:25
5477,490,75,view,2026-04-28 06:18:33
5478,300,97,search,2026-06-19 02:44:47
5479,309,31,view,2026-05-21 01:16:57
5480,357,20,search,2026-06-30 20:31:24
5481,262,63,search,2026-06-16 05:16:29
5482,268,53,add_to_cart,2026-05-11 19:10:36
5483,370,53,view,2026-07-16 11:20:56
5484,287,37,search,2026-05-20 19:55:36
5485,492,44,view,2026-06-06 14:09:40
5486,83,55,view,2026-05-29 16:58:19
5487,407,36,view,2026-06-21 18:41:42
5488,307,21,search,2026-06-07 02:03:39
5489,352,35,view,2026-06-19 18:29:19
5490,216,1,add_to_cart,2026-07-12 00:15:42
5491,24,25,view,2026-07-07 22:58:28
5492,82,97,view,2026-05-12 18:14:45
5493,265,23,view,2026-05-16 15:08:21
5494,34,28,view,2026-07-05 20:49:24
5495,238,85,purchase,2026-05-19 12:51:36
5496,213,22,purchase,2026-05-30 18:03:34
5497,269,29,view,2026-06-23 02:37:47
5498,432,98,view,2026-06-08 12:18:34
5499,456,100,add_to_cart,2026-07-09 00:14:45
5500,461,6,search,2026-05-16 18:14:36
5501,207,12,view,2026-05-27 23:54:43
5502,93,83,view,2026-06-08 20:33:12
5503,243,96,view,2026-05-06 13:44:31
5504,79,44,search,2026-05-14 03:20:29
5505,290,98,search,2026-06-21 08:08:38
5506,14,8,search,2026-05-29 11:38:12
5507,129,52,search,2026-07-08 04:27:43
5508,247,77,add_to_cart,2026-05-13 13:23:58
5509,86,64,view,2026-05-15 18:56:22
5510,159,17,view,2026-05-29 04:09:37
5511,422,52,view,2026-07-08 13:06:16
5512,312,30,view,2026-07-20 15:03:02
5513,478,29,view,2026-05-11 20:50:04
5514,115,44,search,2026-05-14 21:29:52
5515,61,5,view,2026-05-16 23:40:00
5516,433,61,add_to_cart,2026-07-04 21:53:18
5517,423,92,add_to_cart,2026-04-25 09:09:09
5518,326,89,search,2026-05-08 13:17:06
5519,394,27,view,2026-07-20 17:09:39
5520,20,27,search,2026-04-25 19:01:14
5521,164,26,view,2026-07-19 19:39:46
5522,461,26,search,2026-06-25 02:19:26
5523,376,69,add_to_cart,2026-06-13 16:15:21
5524,129,69,view,2026-06-02 09:55:18
5525,381,99,purchase,2026-05-07 03:02:58
5526,221,83,view,2026-06-16 20:39:16
5527,376,2,view,2026-05-15 23:38:57
5528,268,13,search,2026-07-11 11:24:09
5529,429,83,search,2026-07-06 19:04:30
5530,416,87,view,2026-06-04 13:59:03
5531,342,85,view,2026-04-26 07:39:17
5532,393,81,view,2026-05-30 14:07:35
5533,427,46,view,2026-07-04 09:12:22
5534,418,19,view,2026-06-11 05:36:12
5535,400,90,search,2026-05-16 07:25:32
5536,281,80,search,2026-06-05 22:51:44
5537,177,4,view,2026-07-02 23:08:38
5538,92,81,add_to_cart,2026-05-13 22:56:42
5539,389,78,view,2026-06-15 02:27:54
5540,222,79,view,2026-07-04 04:21:45
5541,82,68,purchase,2026-05-15 10:17:01
5542,382,74,view,2026-06-22 06:41:23
5543,277,79,add_to_cart,2026-06-09 05:19:33
5544,407,87,search,2026-05-15 20:19:20
5545,407,28,view,2026-05-30 20:34:13
5546,13,31,view,2026-06-21 08:51:44
5547,307,48,search,2026-07-13 17:45:39
5548,406,54,purchase,2026-07-11 04:13:41
5549,222,100,view,2026-06-30 05:06:21
5550,438,4,view,2026-04-25 20:17:07
5551,241,56,view,2026-07-22 05:01:56
5552,445,84,search,2026-06-25 15:28:04
5553,403,99,view,2026-06-26 10:53:30
5554,278,29,purchase,2026-06-11 16:39:34
5555,252,61,view,2026-05-23 15:05:08
5556,339,74,search,2026-06-05 07:41:00
5557,152,19,search,2026-05-29 12:08:07
5558,436,79,view,2026-07-04 15:44:47
5559,2,30,search,2026-05-12 16:36:18
5560,194,19,add_to_cart,2026-05-31 17:10:01
5561,106,20,view,2026-05-28 22:22:30
5562,338,98,view,2026-07-21 19:47:34
5563,407,57,view,2026-06-19 07:41:28
5564,407,54,view,2026-06-22 07:49:29
5565,158,79,view,2026-06-21 14:56:51
5566,176,1,view,2026-06-18 08:40:19
5567,215,42,search,2026-05-22 11:28:54
5568,251,47,view,2026-06-28 00:51:02
5569,393,48,view,2026-06-09 08:04:40
5570,34,66,view,2026-04-27 18:01:19
5571,32,20,search,2026-05-03 13:11:58
5572,10,85,view,2026-07-12 00:43:38
5573,283,27,view,2026-05-31 05:18:19
5574,135,88,search,2026-05-10 23:56:06
5575,216,95,view,2026-07-10 20:54:55
5576,280,27,search,2026-07-13 23:42:51
5577,115,22,add_to_cart,2026-05-14 13:35:34
5578,173,65,view,2026-06-18 11:55:46
5579,131,77,purchase,2026-06-05 01:54:37
5580,401,51,view,2026-05-04 00:50:47
5581,348,16,view,2026-04-25 17:14:25
5582,189,71,search,2026-06-02 04:34:41
5583,434,94,view,2026-06-06 15:50:48
5584,128,96,view,2026-05-24 18:20:45
5585,190,97,view,2026-07-08 08:28:50
5586,334,74,search,2026-05-13 21:44:27
5587,400,61,search,2026-06-23 07:52:22
5588,222,81,add_to_cart,2026-05-03 13:57:32
5589,291,56,search,2026-07-10 02:39:09
5590,496,79,search,2026-06-21 21:55:40
5591,123,64,view,2026-06-03 23:41:37
5592,183,99,search,2026-06-27 23:17:49
5593,224,82,add_to_cart,2026-05-05 03:25:12
5594,9,37,view,2026-06-11 08:48:25
5595,496,32,search,2026-06-04 08:09:35
5596,262,74,add_to_cart,2026-05-19 11:07:06
5597,296,28,search,2026-05-17 09:52:35
5598,323,57,search,2026-07-19 08:41:49
5599,34,96,search,2026-07-20 07:14:46
5600,430,42,view,2026-06-19 07:18:58
5601,18,85,view,2026-06-06 02:44:48
5602,213,12,search,2026-06-06 16:09:57
5603,324,39,search,2026-06-06 16:15:37
5604,54,76,search,2026-07-06 21:11:48
5605,323,65,view,2026-06-06 22:07:39
5606,168,32,add_to_cart,2026-05-29 03:42:45
5607,26,78,add_to_cart,2026-06-13 01:02:46
5608,199,80,view,2026-04-28 15:36:43
5609,241,21,search,2026-04-30 07:38:48
5610,94,31,view,2026-07-17 06:20:36
5611,342,83,search,2026-06-29 01:25:10
5612,238,36,view,2026-06-22 18:24:34
5613,384,22,view,2026-05-16 07:02:15
5614,186,100,add_to_cart,2026-05-29 12:01:26
5615,154,68,view,2026-05-26 17:57:45
5616,110,15,view,2026-05-04 15:01:30
5617,416,46,view,2026-07-13 13:43:44
5618,143,65,view,2026-04-25 04:57:58
5619,312,70,view,2026-05-26 18:17:27
5620,194,54,search,2026-05-31 18:37:42
5621,258,1,add_to_cart,2026-06-20 17:48:55
5622,487,8,view,2026-06-02 18:37:51
5623,159,57,view,2026-06-05 11:45:44
5624,443,75,view,2026-07-05 17:17:43
5625,48,55,view,2026-05-11 22:28:42
5626,71,44,view,2026-07-06 23:18:38
5627,144,94,search,2026-06-29 18:55:35
5628,246,90,view,2026-05-28 19:17:42
5629,330,53,search,2026-07-02 17:42:40
5630,425,9,search,2026-07-21 09:03:57
5631,384,6,view,2026-07-14 03:43:03
5632,189,16,view,2026-06-22 04:14:14
5633,135,28,view,2026-05-07 10:21:54
5634,326,54,search,2026-06-27 22:29:09
5635,244,1,view,2026-05-16 09:40:41
5636,309,41,view,2026-04-24 17:48:56
5637,465,4,view,2026-05-27 14:22:24
5638,478,62,view,2026-06-14 01:37:21
5639,7,14,purchase,2026-07-19 13:34:38
5640,18,9,view,2026-05-23 06:50:16
5641,492,46,add_to_cart,2026-05-03 21:40:28
5642,324,12,add_to_cart,2026-06-17 23:28:40
5643,33,50,search,2026-06-27 05:10:04
5644,490,12,search,2026-06-22 16:50:17
5645,339,99,search,2026-05-13 03:04:39
5646,244,81,search,2026-05-30 23:47:32
5647,21,46,view,2026-06-19 14:16:33
5648,56,86,add_to_cart,2026-07-12 09:48:06
5649,356,29,add_to_cart,2026-06-19 16:08:36
5650,249,69,view,2026-06-12 10:01:43
5651,261,85,view,2026-06-10 14:35:46
5652,5,69,view,2026-05-24 22:11:02
5653,365,19,search,2026-05-14 12:25:59
5654,428,21,search,2026-07-16 04:47:48
5655,334,92,purchase,2026-07-15 23:48:56
5656,224,3,view,2026-07-22 05:39:32
5657,425,13,search,2026-05-02 20:09:53
5658,97,76,view,2026-07-12 14:58:37
5659,89,10,search,2026-05-21 20:13:25
5660,345,46,view,2026-05-07 19:05:46
5661,25,73,add_to_cart,2026-07-17 04:05:09
5662,468,34,view,2026-04-29 18:36:28
5663,131,62,add_to_cart,2026-05-01 19:15:39
5664,285,64,view,2026-06-17 15:52:09
5665,215,50,view,2026-06-07 07:13:39
5666,157,70,view,2026-06-02 11:47:33
5667,63,9,search,2026-07-20 17:34:59
5668,112,54,search,2026-07-05 14:54:57
5669,82,93,view,2026-05-16 23:57:28
5670,35,50,search,2026-07-14 07:29:27
5671,226,10,view,2026-06-11 07:44:42
5672,404,12,view,2026-05-06 03:44:27
5673,332,56,view,2026-06-26 03:52:22
5674,37,70,view,2026-05-06 12:02:03
5675,401,94,view,2026-06-28 14:01:16
5676,429,83,search,2026-07-18 15:29:48
5677,410,79,add_to_cart,2026-07-23 15:10:57
5678,135,26,view,2026-05-26 05:18:31
5679,219,75,add_to_cart,2026-06-13 00:42:49
5680,466,64,search,2026-07-22 13:48:27
5681,86,8,view,2026-05-09 08:05:09
5682,135,15,search,2026-07-12 22:27:55
5683,399,44,search,2026-06-17 14:14:19
5684,396,89,search,2026-06-22 11:30:54
5685,496,14,add_to_cart,2026-07-19 07:02:33
5686,350,91,view,2026-05-05 04:06:28
5687,342,98,view,2026-06-16 20:59:55
5688,29,37,view,2026-05-28 02:07:36
5689,102,12,view,2026-07-06 23:15:14
5690,30,28,search,2026-04-25 06:46:34
5691,311,16,view,2026-05-21 07:43:34
5692,470,14,add_to_cart,2026-07-20 02:48:39
5693,334,99,view,2026-05-19 11:30:28
5694,452,53,add_to_cart,2026-07-18 19:19:15
5695,324,90,view,2026-06-23 01:13:30
5696,300,14,view,2026-07-11 19:32:52
5697,469,71,add_to_cart,2026-05-21 05:36:20
5698,257,73,view,2026-05-21 22:38:57
5699,338,46,view,2026-06-02 22:18:35
5700,7,76,search,2026-07-16 04:52:33
5701,446,43,add_to_cart,2026-07-22 05:31:40
5702,301,5,view,2026-05-07 11:57:05
5703,419,59,view,2026-06-02 09:20:30
5704,261,77,search,2026-06-30 03:29:44
5705,371,82,search,2026-07-14 14:18:10
5706,215,74,search,2026-06-11 00:06:49
5707,159,19,search,2026-05-21 07:56:46
5708,47,40,view,2026-06-23 18:39:00
5709,396,3,view,2026-05-29 13:47:38
5710,276,84,view,2026-06-05 13:32:49
5711,111,41,add_to_cart,2026-06-29 04:43:13
5712,461,81,search,2026-06-07 19:16:58
5713,246,97,view,2026-05-03 00:27:58
5714,360,45,view,2026-05-04 00:07:10
5715,239,37,view,2026-06-14 15:05:12
5716,379,52,view,2026-05-23 04:56:59
5717,404,92,view,2026-06-14 01:50:33
5718,199,75,add_to_cart,2026-05-07 19:03:11
5719,475,88,view,2026-06-22 19:33:08
5720,489,58,purchase,2026-05-02 22:39:54
5721,74,98,view,2026-05-08 00:32:25
5722,466,93,search,2026-06-05 23:35:05
5723,6,99,view,2026-06-21 15:37:21
5724,313,17,view,2026-06-02 13:10:37
5725,328,77,add_to_cart,2026-07-10 00:48:29
5726,406,53,view,2026-04-29 04:11:08
5727,77,51,view,2026-05-09 23:49:58
5728,299,96,view,2026-06-30 02:28:03
5729,185,6,view,2026-07-20 18:51:50
5730,223,64,purchase,2026-05-14 17:43:57
5731,52,92,add_to_cart,2026-05-26 00:03:00
5732,93,36,view,2026-05-14 10:16:11
5733,211,20,view,2026-07-05 19:50:40
5734,238,5,view,2026-05-25 21:06:48
5735,449,67,add_to_cart,2026-05-24 16:51:00
5736,360,50,add_to_cart,2026-06-07 15:44:00
5737,112,14,view,2026-07-16 03:53:55
5738,33,44,search,2026-04-25 12:17:46
5739,376,47,add_to_cart,2026-07-20 19:26:31
5740,138,43,view,2026-05-03 05:18:58
5741,117,93,view,2026-05-21 03:19:19
5742,227,53,view,2026-06-23 04:34:06
5743,375,30,view,2026-05-09 05:13:13
5744,150,20,view,2026-07-03 09:43:22
5745,430,16,view,2026-05-02 23:35:08
5746,93,75,view,2026-05-19 18:34:42
5747,449,29,search,2026-07-10 16:29:24
5748,493,36,add_to_cart,2026-06-25 21:56:34
5749,485,10,view,2026-04-27 17:13:26
5750,490,69,add_to_cart,2026-06-10 20:18:21
5751,308,29,view,2026-07-21 18:22:12
5752,486,26,search,2026-06-25 09:07:36
5753,282,62,search,2026-06-16 12:39:12
5754,95,89,add_to_cart,2026-04-29 02:13:39
5755,459,20,view,2026-05-05 20:27:54
5756,258,68,view,2026-05-03 17:08:12
5757,133,63,search,2026-06-18 15:35:10
5758,412,96,search,2026-06-12 11:23:04
5759,64,84,view,2026-04-28 20:24:26
5760,488,88,search,2026-05-09 07:59:37
5761,195,21,purchase,2026-05-28 02:10:54
5762,281,67,search,2026-07-06 23:55:14
5763,489,56,add_to_cart,2026-06-29 15:54:17
5764,206,47,search,2026-06-07 13:30:07
5765,172,100,add_to_cart,2026-05-28 09:13:40
5766,80,54,view,2026-07-01 21:28:21
5767,187,65,search,2026-06-15 11:28:33
5768,91,26,search,2026-06-11 16:08:32
5769,376,20,view,2026-05-23 09:27:27
5770,452,24,view,2026-05-25 23:12:43
5771,125,42,view,2026-07-20 23:58:04
5772,282,68,search,2026-07-07 05:31:41
5773,115,71,view,2026-04-29 04:23:40
5774,153,33,view,2026-05-17 01:56:07
5775,332,95,search,2026-06-13 07:16:31
5776,285,21,view,2026-05-20 03:33:20
5777,268,51,view,2026-05-31 13:48:19
5778,231,91,view,2026-05-07 04:29:51
5779,323,70,purchase,2026-05-23 18:18:48
5780,200,91,search,2026-06-12 07:26:11
5781,271,11,search,2026-05-07 06:32:35
5782,33,81,view,2026-05-14 20:49:16
5783,41,88,add_to_cart,2026-05-15 14:23:34
5784,432,50,search,2026-06-22 08:53:47
5785,118,14,view,2026-07-06 12:50:25
5786,429,18,view,2026-05-03 23:05:02
5787,396,84,view,2026-07-15 09:39:30
5788,185,92,add_to_cart,2026-05-02 16:36:00
5789,158,34,view,2026-06-25 10:02:51
5790,499,16,view,2026-06-01 08:26:38
5791,48,36,add_to_cart,2026-05-29 05:22:16
5792,90,76,search,2026-06-21 17:20:34
5793,233,40,view,2026-06-08 12:06:36
5794,195,35,add_to_cart,2026-05-15 10:37:50
5795,40,77,search,2026-07-16 06:10:47
5796,289,13,add_to_cart,2026-06-30 01:47:25
5797,222,30,view,2026-05-18 07:22:59
5798,169,75,add_to_cart,2026-05-10 16:40:17
5799,373,56,add_to_cart,2026-06-09 02:11:23
5800,17,12,view,2026-04-29 03:34:08
5801,452,27,search,2026-05-24 02:02:28
5802,137,38,view,2026-06-21 22:20:52
5803,299,47,search,2026-06-16 09:43:55
5804,424,46,add_to_cart,2026-07-03 07:39:19
5805,250,81,view,2026-06-15 05:38:33
5806,314,65,view,2026-06-09 22:36:02
5807,308,52,view,2026-07-02 16:46:25
5808,491,17,view,2026-06-19 07:31:12
5809,354,20,view,2026-05-19 11:33:01
5810,133,59,view,2026-07-22 20:52:57
5811,134,66,view,2026-07-21 09:15:21
5812,176,75,add_to_cart,2026-07-23 00:24:32
5813,129,28,view,2026-05-10 23:04:58
5814,115,30,add_to_cart,2026-05-25 22:11:39
5815,163,72,view,2026-07-19 03:12:46
5816,267,2,view,2026-05-14 18:47:57
5817,416,16,purchase,2026-07-04 18:21:44
5818,445,68,view,2026-06-02 04:36:25
5819,333,60,view,2026-06-09 11:57:57
5820,436,64,view,2026-06-08 06:42:29
5821,11,29,view,2026-06-03 15:03:50
5822,462,46,view,2026-04-25 01:45:25
5823,404,58,view,2026-07-03 07:54:20
5824,89,21,add_to_cart,2026-06-17 01:46:43
5825,98,16,add_to_cart,2026-05-12 06:47:16
5826,479,88,search,2026-05-07 01:07:49
5827,74,75,add_to_cart,2026-05-15 08:17:03
5828,302,54,add_to_cart,2026-06-15 20:47:35
5829,103,62,search,2026-05-20 02:36:29
5830,462,57,view,2026-05-20 02:13:58
5831,428,28,search,2026-05-13 21:24:45
5832,7,39,search,2026-05-29 16:16:44
5833,386,76,purchase,2026-06-05 13:06:17
5834,340,22,search,2026-04-28 06:32:28
5835,244,52,search,2026-06-02 06:21:15
5836,19,35,search,2026-05-17 04:45:32
5837,56,24,view,2026-06-27 03:40:04
5838,163,27,purchase,2026-06-14 07:11:54
5839,492,94,view,2026-07-18 23:36:19
5840,336,12,view,2026-06-14 06:44:27
5841,396,40,purchase,2026-07-11 05:19:21
5842,261,45,view,2026-05-20 02:08:24
5843,112,16,view,2026-06-01 11:01:40
5844,453,31,view,2026-06-29 22:43:27
5845,53,61,search,2026-04-26 13:16:52
5846,192,72,search,2026-05-16 14:34:19
5847,480,49,view,2026-06-15 01:47:02
5848,56,11,search,2026-07-04 06:11:19
5849,210,75,view,2026-05-29 19:15:12
5850,445,71,add_to_cart,2026-07-02 14:53:56
5851,227,74,add_to_cart,2026-05-10 22:00:46
5852,44,80,view,2026-06-19 10:07:53
5853,458,26,add_to_cart,2026-05-14 23:04:24
5854,462,53,view,2026-06-30 15:21:26
5855,240,44,search,2026-05-11 22:07:16
5856,294,52,view,2026-06-14 03:58:21
5857,296,61,view,2026-06-18 20:29:41
5858,129,47,search,2026-06-04 23:43:18
5859,41,27,add_to_cart,2026-05-24 16:08:52
5860,53,63,view,2026-06-21 12:56:44
5861,44,75,view,2026-07-08 21:36:48
5862,493,72,view,2026-06-16 21:21:18
5863,393,70,search,2026-05-12 02:31:32
5864,261,63,add_to_cart,2026-05-13 08:25:38
5865,124,78,search,2026-06-29 16:35:24
5866,492,63,add_to_cart,2026-05-05 20:59:15
5867,223,4,view,2026-05-01 23:48:52
5868,48,29,search,2026-05-27 04:03:55
5869,192,68,purchase,2026-05-24 14:19:42
5870,172,24,search,2026-06-03 18:43:03
5871,154,64,search,2026-07-07 07:39:26
5872,45,34,purchase,2026-06-22 07:48:18
5873,8,12,view,2026-07-04 05:02:55
5874,314,51,view,2026-06-01 00:56:57
5875,470,33,add_to_cart,2026-07-02 01:35:00
5876,363,3,view,2026-06-24 18:21:57
5877,486,85,search,2026-05-03 09:45:25
5878,212,62,view,2026-06-27 22:25:22
5879,16,49,view,2026-06-19 06:36:26
5880,233,60,search,2026-06-01 07:04:48
5881,275,24,purchase,2026-06-20 09:57:27
5882,406,51,view,2026-07-11 11:26:29
5883,112,98,view,2026-05-12 07:17:52
5884,261,40,view,2026-05-11 13:13:53
5885,34,47,search,2026-06-01 06:43:45
5886,339,73,view,2026-05-10 01:46:03
5887,164,47,search,2026-06-09 05:50:47
5888,62,86,add_to_cart,2026-06-26 09:25:41
5889,223,47,add_to_cart,2026-06-06 19:29:47
5890,371,26,view,2026-07-18 19:19:23
5891,294,60,view,2026-05-05 22:30:08
5892,412,43,view,2026-06-23 18:26:56
5893,57,60,search,2026-05-14 16:08:55
5894,376,24,search,2026-07-16 05:48:57
5895,250,1,add_to_cart,2026-06-20 15:05:46
5896,257,66,view,2026-06-13 01:41:12
5897,330,89,search,2026-06-25 22:21:08
5898,416,71,view,2026-04-30 19:28:51
5899,20,97,search,2026-06-29 02:32:50
5900,362,61,view,2026-05-28 09:05:29
5901,301,49,purchase,2026-06-10 04:51:40
5902,498,76,view,2026-05-15 08:18:40
5903,422,25,purchase,2026-06-03 14:06:47
5904,168,35,add_to_cart,2026-04-29 16:02:26
5905,106,49,view,2026-06-11 06:50:57
5906,241,64,search,2026-07-19 15:18:33
5907,487,98,add_to_cart,2026-06-21 10:24:43
5908,240,34,search,2026-06-14 00:39:14
5909,270,84,search,2026-06-01 02:12:06
5910,371,34,add_to_cart,2026-06-25 04:05:20
5911,163,57,search,2026-05-28 13:59:18
5912,218,81,add_to_cart,2026-05-17 21:04:15
5913,168,57,add_to_cart,2026-07-17 13:14:32
5914,199,83,view,2026-06-25 16:56:06
5915,81,33,view,2026-05-30 02:30:44
5916,147,57,view,2026-06-22 00:21:52
5917,389,1,search,2026-05-21 04:56:58
5918,410,96,search,2026-06-02 09:18:58
5919,197,30,search,2026-05-19 19:52:19
5920,206,4,view,2026-07-11 20:13:01
5921,496,45,view,2026-07-17 21:05:01
5922,19,99,purchase,2026-06-14 16:20:47
5923,5,48,view,2026-05-15 16:10:23
5924,123,94,search,2026-07-23 12:15:52
5925,245,75,view,2026-07-03 18:32:51
5926,363,16,view,2026-06-22 01:06:35
5927,232,39,purchase,2026-06-14 16:04:39
5928,25,90,add_to_cart,2026-07-12 11:48:45
5929,473,4,view,2026-06-08 05:40:20
5930,129,8,purchase,2026-07-18 17:03:45
5931,168,12,view,2026-07-03 18:46:09
5932,235,28,view,2026-07-02 07:22:52
5933,158,4,view,2026-04-29 03:59:30
5934,487,95,add_to_cart,2026-06-03 06:51:52
5935,221,67,view,2026-06-15 10:57:18
5936,275,81,search,2026-05-14 17:01:08
5937,125,38,add_to_cart,2026-06-09 01:54:02
5938,171,83,view,2026-06-30 20:44:19
5939,479,51,add_to_cart,2026-07-06 02:21:30
5940,22,32,view,2026-07-16 22:16:35
5941,86,63,view,2026-07-09 19:25:31
5942,342,80,view,2026-05-05 12:46:49
5943,207,77,view,2026-04-29 22:09:29
5944,428,98,search,2026-07-13 03:30:59
5945,496,9,view,2026-05-03 07:57:08
5946,12,23,search,2026-06-06 01:30:21
5947,26,62,add_to_cart,2026-05-05 09:47:15
5948,413,77,view,2026-06-01 17:52:55
5949,187,67,view,2026-07-19 06:17:41
5950,280,61,search,2026-06-09 06:41:08
5951,125,67,view,2026-05-17 15:07:07
5952,13,55,view,2026-05-19 03:21:28
5953,132,42,view,2026-06-27 08:01:22
5954,227,35,search,2026-06-09 15:22:02
5955,317,76,view,2026-05-27 20:33:57
5956,13,45,search,2026-07-08 07:52:31
5957,385,88,view,2026-04-27 18:56:16
5958,115,98,view,2026-07-04 05:13:41
5959,245,68,view,2026-06-05 17:21:22
5960,459,61,view,2026-05-02 23:35:00
5961,382,90,search,2026-05-06 08:05:57
5962,100,77,view,2026-07-19 10:42:29
5963,434,52,add_to_cart,2026-07-17 11:17:14
5964,133,73,view,2026-05-12 22:12:31
5965,295,60,view,2026-06-21 19:01:08
5966,388,76,search,2026-05-23 14:30:35
5967,404,14,search,2026-05-14 19:38:33
5968,153,64,view,2026-06-12 07:25:27
5969,271,2,view,2026-07-01 00:51:19
5970,303,100,purchase,2026-06-11 05:09:49
5971,347,9,search,2026-06-24 16:20:02
5972,487,97,view,2026-06-25 23:07:07
5973,223,16,add_to_cart,2026-07-13 04:42:01
5974,258,35,view,2026-04-28 04:30:39
5975,276,68,view,2026-06-15 22:19:26
5976,412,83,view,2026-06-15 06:10:00
5977,441,35,search,2026-05-13 18:25:17
5978,489,2,view,2026-06-13 23:01:39
5979,466,45,view,2026-06-05 17:41:49
5980,204,85,view,2026-06-29 13:49:57
5981,5,38,add_to_cart,2026-06-23 22:12:40
5982,81,62,view,2026-04-30 07:38:31
5983,369,2,view,2026-07-17 21:01:04
5984,275,71,add_to_cart,2026-06-12 20:14:36
5985,151,85,search,2026-07-11 17:33:30
5986,158,32,search,2026-05-02 17:46:58
5987,259,64,search,2026-05-26 07:48:56
5988,452,80,search,2026-05-20 15:10:11
5989,160,35,add_to_cart,2026-06-17 04:34:43
5990,336,85,search,2026-05-25 08:06:53
5991,448,76,view,2026-05-14 02:52:08
5992,115,81,view,2026-06-24 12:31:25
5993,227,56,view,2026-07-02 23:02:41
5994,212,20,view,2026-06-24 09:24:14
5995,473,7,view,2026-05-29 19:39:27
5996,100,27,add_to_cart,2026-06-26 17:16:46
5997,22,17,search,2026-06-21 18:46:26
5998,397,80,view,2026-05-13 17:23:12
5999,134,3,purchase,2026-07-13 13:40:26
6000,103,32,view,2026-06-02 12:04:54
6001,217,34,purchase,2026-05-18 11:32:43
6002,18,57,search,2026-06-21 07:14:39
6003,72,46,view,2026-07-10 21:11:47
6004,35,24,search,2026-05-14 22:51:21
6005,102,4,view,2026-07-17 19:52:38
6006,378,78,view,2026-05-03 18:44:27
6007,334,42,view,2026-05-23 01:57:04
6008,80,26,view,2026-06-15 08:00:44
6009,89,90,view,2026-06-30 23:33:37
6010,234,67,view,2026-07-21 22:10:21
6011,33,39,search,2026-05-06 19:02:28
6012,475,89,view,2026-05-17 18:30:31
6013,33,45,view,2026-05-22 15:52:55
6014,428,58,view,2026-06-13 19:54:24
6015,220,57,search,2026-06-10 20:09:24
6016,360,58,add_to_cart,2026-06-20 16:40:02
6017,492,68,add_to_cart,2026-05-09 07:25:39
6018,166,92,view,2026-06-29 17:21:52
6019,203,31,search,2026-05-04 21:40:40
6020,228,11,search,2026-06-10 21:34:08
6021,92,87,view,2026-06-13 17:36:38
6022,87,56,add_to_cart,2026-07-16 10:15:10
6023,82,76,view,2026-05-04 06:30:18
6024,303,44,view,2026-05-29 21:21:59
6025,223,83,view,2026-06-04 08:56:32
6026,469,68,search,2026-06-27 22:11:46
6027,436,11,view,2026-05-27 13:42:06
6028,354,6,view,2026-06-13 13:08:30
6029,77,74,view,2026-07-04 06:26:28
6030,372,43,add_to_cart,2026-05-20 03:06:13
6031,447,65,view,2026-05-04 17:48:02
6032,406,44,view,2026-07-02 12:14:10
6033,462,38,search,2026-05-22 01:31:40
6034,351,95,view,2026-07-02 22:27:55
6035,202,95,view,2026-06-19 06:10:15
6036,86,84,view,2026-06-03 05:57:25
6037,430,38,view,2026-07-22 18:52:29
6038,206,4,view,2026-07-16 07:16:29
6039,250,77,add_to_cart,2026-05-28 08:51:37
6040,476,46,search,2026-07-11 09:01:04
6041,469,27,view,2026-05-27 00:10:18
6042,306,66,view,2026-04-30 17:32:20
6043,305,97,search,2026-06-28 04:24:12
6044,97,58,view,2026-05-26 17:24:01
6045,187,58,search,2026-06-07 14:21:29
6046,378,64,add_to_cart,2026-05-21 01:43:26
6047,227,74,add_to_cart,2026-05-30 15:04:40
6048,173,91,view,2026-05-15 18:18:01
6049,309,58,view,2026-05-22 17:13:02
6050,445,76,add_to_cart,2026-05-18 19:41:15
6051,291,77,view,2026-04-28 10:51:36
6052,10,64,view,2026-05-22 09:12:45
6053,205,47,search,2026-05-22 07:18:54
6054,328,40,search,2026-07-05 06:53:20
6055,252,60,add_to_cart,2026-07-23 05:31:50
6056,434,14,view,2026-05-07 13:58:34
6057,123,87,search,2026-07-10 05:26:56
6058,254,85,add_to_cart,2026-05-06 02:39:11
6059,97,43,view,2026-05-16 04:01:17
6060,212,4,add_to_cart,2026-07-09 02:29:30
6061,273,56,view,2026-06-24 07:14:19
6062,442,3,view,2026-05-06 17:49:38
6063,475,20,add_to_cart,2026-05-09 13:40:42
6064,295,19,search,2026-06-02 06:50:21
6065,221,26,add_to_cart,2026-05-22 04:33:41
6066,498,48,add_to_cart,2026-07-01 00:52:19
6067,378,26,view,2026-06-11 21:50:31
6068,383,7,view,2026-05-22 04:18:26
6069,223,44,search,2026-07-10 10:36:26
6070,177,46,view,2026-05-27 08:29:30
6071,223,56,add_to_cart,2026-05-06 15:43:58
6072,257,72,purchase,2026-06-28 03:16:21
6073,131,27,view,2026-06-27 14:22:32
6074,291,90,purchase,2026-07-07 21:59:08
6075,251,54,search,2026-06-18 03:05:57
6076,500,79,view,2026-04-25 11:11:11
6077,189,96,search,2026-04-27 14:53:41
6078,302,54,search,2026-04-29 15:28:09
6079,184,26,view,2026-05-03 07:58:02
6080,226,43,search,2026-06-17 23:59:16
6081,200,99,view,2026-06-24 11:09:29
6082,433,75,view,2026-05-17 04:31:37
6083,136,51,search,2026-07-19 20:18:36
6084,28,100,add_to_cart,2026-06-29 21:25:11
6085,150,9,search,2026-06-04 12:16:39
6086,21,68,search,2026-07-19 11:25:23
6087,311,65,search,2026-06-26 10:53:09
6088,410,4,purchase,2026-04-27 22:55:00
6089,225,48,search,2026-06-17 07:00:24
6090,122,77,view,2026-05-05 04:46:56
6091,226,27,view,2026-05-10 09:59:50
6092,246,37,view,2026-06-23 01:00:08
6093,428,25,search,2026-07-04 22:23:53
6094,144,91,view,2026-06-19 02:48:16
6095,261,32,view,2026-04-28 20:14:41
6096,114,1,search,2026-07-20 01:41:07
6097,143,70,search,2026-06-07 03:55:10
6098,311,22,add_to_cart,2026-04-30 19:21:30
6099,335,69,search,2026-06-14 23:53:15
6100,186,37,purchase,2026-06-07 09:09:32
6101,312,13,search,2026-06-03 17:35:23
6102,468,58,view,2026-05-18 20:01:43
6103,452,35,add_to_cart,2026-07-11 19:24:49
6104,86,95,view,2026-05-17 07:01:30
6105,187,66,search,2026-05-12 17:31:37
6106,184,24,search,2026-06-03 00:12:53
6107,262,38,view,2026-05-09 04:01:18
6108,438,53,view,2026-07-16 01:34:29
6109,18,33,view,2026-06-17 23:10:19
6110,121,99,search,2026-05-10 20:55:36
6111,461,64,search,2026-06-05 20:34:24
6112,247,31,view,2026-07-09 22:00:02
6113,392,42,search,2026-06-30 00:47:53
6114,419,71,view,2026-07-13 18:57:31
6115,189,35,search,2026-05-11 02:18:42
6116,195,50,search,2026-06-28 03:42:51
6117,53,40,add_to_cart,2026-05-19 16:28:58
6118,234,79,view,2026-07-10 17:16:49
6119,340,79,search,2026-05-18 22:01:20
6120,55,42,view,2026-06-06 03:43:24
6121,245,40,search,2026-05-13 17:44:15
6122,369,36,view,2026-05-09 12:38:11
6123,376,49,search,2026-06-20 08:19:58
6124,460,2,add_to_cart,2026-06-18 14:24:49
6125,489,49,view,2026-06-20 21:52:48
6126,237,50,view,2026-07-12 03:25:15
6127,311,9,purchase,2026-05-06 12:43:29
6128,398,69,view,2026-05-08 05:11:59
6129,345,19,view,2026-07-08 16:12:37
6130,390,81,purchase,2026-06-26 09:25:23
6131,86,35,view,2026-06-11 08:20:52
6132,87,24,add_to_cart,2026-05-16 16:58:33
6133,283,27,view,2026-07-02 08:29:48
6134,334,100,view,2026-06-01 06:23:05
6135,406,92,view,2026-06-13 16:21:19
6136,250,63,add_to_cart,2026-07-02 08:07:39
6137,312,42,view,2026-05-18 11:02:17
6138,31,34,search,2026-05-26 13:01:33
6139,351,50,search,2026-07-22 09:21:09
6140,202,87,search,2026-06-28 01:00:48
6141,243,84,add_to_cart,2026-07-22 15:37:30
6142,480,48,add_to_cart,2026-06-08 09:48:44
6143,302,50,search,2026-04-24 22:01:20
6144,32,46,view,2026-07-16 05:04:29
6145,443,17,add_to_cart,2026-06-25 13:50:53
6146,453,62,search,2026-05-20 01:33:27
6147,384,33,add_to_cart,2026-05-20 08:09:02
6148,131,54,add_to_cart,2026-05-10 18:57:28
6149,283,5,view,2026-05-05 03:15:13
6150,157,56,view,2026-07-19 10:09:30
6151,154,33,view,2026-04-30 16:15:15
6152,183,20,view,2026-06-30 05:13:17
6153,307,56,view,2026-06-07 23:24:57
6154,432,13,add_to_cart,2026-05-08 00:57:56
6155,30,32,view,2026-06-25 00:43:52
6156,344,12,search,2026-06-14 22:38:52
6157,214,86,add_to_cart,2026-04-26 19:37:51
6158,488,44,view,2026-06-24 14:53:30
6159,60,31,view,2026-07-19 01:34:08
6160,328,41,view,2026-05-03 05:09:44
6161,376,34,purchase,2026-07-22 07:12:11
6162,115,24,search,2026-06-12 07:47:12
6163,287,55,view,2026-05-14 14:18:28
6164,115,63,search,2026-06-30 21:09:48
6165,432,7,search,2026-05-07 05:19:09
6166,128,27,search,2026-04-24 20:42:19
6167,244,6,add_to_cart,2026-07-05 22:40:18
6168,486,65,search,2026-05-02 05:27:49
6169,445,63,view,2026-05-30 00:22:53
6170,95,17,search,2026-06-15 01:07:34
6171,164,45,view,2026-07-15 03:07:26
6172,394,100,add_to_cart,2026-05-23 09:33:40
6173,348,99,view,2026-06-23 17:25:09
6174,359,3,view,2026-05-07 14:17:15
6175,286,3,search,2026-05-28 19:45:34
6176,370,80,view,2026-05-05 16:31:12
6177,487,38,view,2026-07-21 10:31:21
6178,302,25,view,2026-07-17 22:07:32
6179,5,81,view,2026-07-04 17:45:02
6180,447,93,view,2026-05-16 03:37:17
6181,24,55,view,2026-06-21 12:18:02
6182,454,20,add_to_cart,2026-05-08 07:07:49
6183,64,52,search,2026-06-07 23:05:33
6184,176,44,add_to_cart,2026-05-14 05:48:46
6185,279,15,view,2026-06-07 02:40:23
6186,146,20,view,2026-05-18 13:53:05
6187,49,79,view,2026-05-22 02:10:40
6188,153,12,view,2026-06-04 23:20:54
6189,249,45,view,2026-04-28 21:48:28
6190,109,29,view,2026-05-03 02:29:58
6191,250,46,view,2026-04-26 20:43:21
6192,253,98,view,2026-06-07 18:14:01
6193,202,43,view,2026-06-04 14:01:50
6194,277,18,add_to_cart,2026-06-29 04:38:55
6195,147,52,search,2026-06-09 15:23:34
6196,452,8,view,2026-07-04 00:09:28
6197,196,15,view,2026-07-20 01:11:09
6198,219,96,add_to_cart,2026-07-22 19:00:10
6199,415,56,search,2026-04-28 18:09:28
6200,258,75,view,2026-06-08 14:26:20
6201,45,99,view,2026-05-11 23:26:13
6202,49,90,search,2026-07-16 04:17:18
6203,234,59,add_to_cart,2026-06-21 20:25:56
6204,125,24,purchase,2026-05-30 03:30:56
6205,486,25,search,2026-05-17 00:09:09
6206,461,90,add_to_cart,2026-04-26 07:58:14
6207,379,48,view,2026-05-22 01:52:49
6208,442,75,search,2026-05-02 15:54:13
6209,253,43,view,2026-04-30 03:42:08
6210,269,75,view,2026-05-08 19:35:19
6211,64,91,search,2026-04-27 19:47:00
6212,93,35,view,2026-06-30 01:30:30
6213,163,53,search,2026-07-09 20:11:47
6214,207,81,add_to_cart,2026-05-26 20:09:19
6215,446,15,search,2026-05-08 13:32:25
6216,435,5,view,2026-07-16 20:08:16
6217,469,84,add_to_cart,2026-05-26 01:41:29
6218,429,40,search,2026-04-27 21:26:15
6219,472,41,view,2026-06-22 14:59:18
6220,135,25,view,2026-07-08 22:13:06
6221,223,93,view,2026-06-04 03:55:14
6222,125,98,view,2026-05-25 08:43:01
6223,290,91,search,2026-07-01 15:57:10
6224,189,25,view,2026-07-18 05:29:50
6225,32,1,search,2026-06-16 03:57:24
6226,172,16,view,2026-05-20 07:10:12
6227,142,58,add_to_cart,2026-04-27 21:58:05
6228,384,83,view,2026-07-10 01:14:57
6229,280,2,add_to_cart,2026-07-06 04:58:38
6230,166,57,view,2026-07-13 05:16:18
6231,114,44,search,2026-07-18 13:13:07
6232,373,22,search,2026-06-29 17:29:11
6233,489,29,add_to_cart,2026-07-23 01:48:31
6234,378,73,search,2026-05-03 16:40:57
6235,272,83,add_to_cart,2026-06-16 01:12:05
6236,228,49,search,2026-06-07 18:59:20
6237,231,78,view,2026-04-28 06:50:06
6238,218,78,view,2026-07-05 12:12:49
6239,144,89,search,2026-05-17 21:55:28
6240,18,98,search,2026-04-30 06:21:33
6241,416,45,search,2026-07-20 08:41:25
6242,353,11,search,2026-06-22 14:29:06
6243,466,71,view,2026-07-03 08:53:52
6244,392,10,view,2026-05-15 06:46:58
6245,229,37,search,2026-04-27 10:08:33
6246,311,78,search,2026-05-19 17:32:45
6247,436,39,view,2026-05-28 17:31:07
6248,426,92,add_to_cart,2026-05-23 10:49:37
6249,218,20,purchase,2026-05-27 03:27:06
6250,342,26,add_to_cart,2026-05-30 11:58:51
6251,283,3,search,2026-07-16 11:30:41
6252,233,48,view,2026-05-20 01:08:29
6253,239,24,add_to_cart,2026-06-09 05:50:58
6254,322,83,view,2026-05-09 00:04:25
6255,393,93,view,2026-05-05 10:54:59
6256,348,85,add_to_cart,2026-06-03 13:59:29
6257,16,98,view,2026-07-14 07:33:19
6258,380,85,view,2026-07-05 12:29:36
6259,499,9,view,2026-06-06 01:16:16
6260,308,3,search,2026-04-27 06:33:12
6261,363,29,view,2026-04-25 00:34:57
6262,352,84,view,2026-05-21 17:38:10
6263,342,1,add_to_cart,2026-05-01 05:44:57
6264,393,60,view,2026-07-18 09:48:04
6265,122,18,view,2026-06-03 03:36:50
6266,401,22,search,2026-05-28 04:19:50
6267,487,86,search,2026-06-14 13:47:48
6268,280,60,add_to_cart,2026-07-16 08:21:17
6269,297,7,view,2026-06-28 20:39:43
6270,353,60,view,2026-06-01 03:48:03
6271,305,17,add_to_cart,2026-05-04 11:22:31
6272,62,73,view,2026-06-26 13:47:53
6273,394,99,search,2026-07-21 22:37:36
6274,244,40,view,2026-06-11 08:50:28
6275,273,26,search,2026-06-21 10:38:26
6276,222,50,search,2026-06-18 08:47:06
6277,416,15,purchase,2026-07-13 01:49:26
6278,104,20,view,2026-07-17 17:24:17
6279,496,16,purchase,2026-05-30 11:29:01
6280,244,31,add_to_cart,2026-07-04 12:31:48
6281,340,95,search,2026-07-11 02:23:37
6282,172,94,search,2026-06-28 18:47:05
6283,365,23,view,2026-04-29 10:33:32
6284,297,46,view,2026-06-09 01:11:36
6285,452,35,add_to_cart,2026-07-03 20:33:37
6286,314,54,search,2026-05-13 01:46:54
6287,222,70,view,2026-05-07 09:39:20
6288,441,15,view,2026-06-11 22:18:38
6289,161,66,view,2026-05-22 02:31:31
6290,300,58,search,2026-05-31 00:06:56
6291,369,80,search,2026-05-27 01:13:22
6292,394,71,view,2026-06-15 20:28:17
6293,143,48,view,2026-06-19 21:30:15
6294,354,61,search,2026-05-11 22:32:07
6295,216,19,search,2026-07-15 11:53:13
6296,48,79,view,2026-07-01 09:15:18
6297,232,33,view,2026-06-19 19:44:08
6298,77,20,view,2026-06-11 08:56:49
6299,69,74,view,2026-06-04 12:15:54
6300,351,74,view,2026-05-30 14:12:02
6301,146,87,view,2026-06-24 14:20:31
6302,46,32,search,2026-06-10 03:47:28
6303,334,28,view,2026-06-25 23:37:04
6304,240,68,view,2026-07-11 04:10:07
6305,445,93,search,2026-05-31 00:20:14
6306,141,31,view,2026-05-26 21:28:20
6307,111,55,search,2026-04-29 21:10:25
6308,86,77,search,2026-07-09 00:13:43
6309,329,63,view,2026-06-12 15:53:16
6310,77,15,view,2026-05-10 00:23:51
6311,245,76,add_to_cart,2026-06-20 22:04:32
6312,122,38,search,2026-05-06 13:51:20
6313,275,30,search,2026-05-10 18:00:38
6314,486,17,view,2026-05-16 04:05:40
6315,49,57,search,2026-06-13 07:02:22
6316,260,43,add_to_cart,2026-04-25 11:52:38
6317,483,32,search,2026-05-21 14:17:31
6318,416,93,add_to_cart,2026-06-06 08:53:03
6319,228,98,search,2026-04-30 02:20:28
6320,197,42,purchase,2026-06-30 23:13:24
6321,398,64,search,2026-07-09 12:51:51
6322,337,11,view,2026-05-14 12:02:34
6323,44,17,search,2026-05-15 06:19:05
6324,189,83,view,2026-05-28 16:01:10
6325,152,65,add_to_cart,2026-05-02 03:17:57
6326,40,89,view,2026-05-28 20:37:28
6327,19,76,view,2026-06-08 07:36:16
6328,99,7,search,2026-06-13 18:25:29
6329,20,94,search,2026-05-31 15:46:20
6330,354,90,add_to_cart,2026-06-07 11:17:08
6331,386,46,purchase,2026-05-12 19:31:44
6332,366,33,view,2026-06-19 16:40:42
6333,60,53,search,2026-07-20 02:42:25
6334,480,59,purchase,2026-07-12 00:32:39
6335,312,69,view,2026-04-26 07:40:42
6336,243,74,search,2026-05-16 19:56:31
6337,469,75,search,2026-05-21 04:13:58
6338,164,14,view,2026-07-03 07:27:07
6339,39,3,view,2026-07-17 00:35:48
6340,293,100,search,2026-06-09 17:25:45
6341,160,80,view,2026-05-21 17:47:32
6342,351,20,view,2026-04-24 20:18:58
6343,63,68,search,2026-06-12 17:38:00
6344,327,82,search,2026-06-23 01:29:00
6345,373,83,view,2026-05-09 19:41:25
6346,462,81,search,2026-05-30 14:33:01
6347,272,42,view,2026-05-24 11:41:31
6348,484,65,add_to_cart,2026-05-02 05:47:54
6349,60,12,view,2026-06-12 04:56:40
6350,22,25,view,2026-05-30 13:53:55
6351,241,7,search,2026-07-18 05:49:18
6352,249,37,add_to_cart,2026-07-19 00:47:21
6353,416,21,view,2026-05-24 00:30:40
6354,207,42,view,2026-05-10 12:06:05
6355,3,23,purchase,2026-07-14 08:20:02
6356,141,44,search,2026-07-10 16:59:38
6357,238,80,search,2026-05-11 04:17:52
6358,91,85,view,2026-05-22 07:58:22
6359,4,63,add_to_cart,2026-05-02 19:18:15
6360,454,57,view,2026-05-23 08:42:11
6361,140,36,view,2026-07-22 08:40:04
6362,36,80,add_to_cart,2026-07-14 14:33:30
6363,159,61,search,2026-07-03 16:30:45
6364,398,7,view,2026-07-11 00:07:24
6365,482,32,add_to_cart,2026-06-14 17:32:26
6366,46,7,view,2026-07-08 20:07:26
6367,220,14,view,2026-05-27 11:01:13
6368,83,10,view,2026-07-07 17:55:11
6369,445,11,search,2026-04-24 18:07:18
6370,107,22,view,2026-05-05 01:40:35
6371,293,44,view,2026-05-31 21:26:44
6372,309,6,add_to_cart,2026-05-27 11:20:30
6373,265,33,search,2026-05-03 01:12:32
6374,317,94,purchase,2026-05-27 07:28:34
6375,166,16,view,2026-06-29 03:51:17
6376,122,56,view,2026-07-04 15:59:37
6377,488,2,view,2026-05-27 18:35:11
6378,358,9,view,2026-06-05 13:35:03
6379,422,98,add_to_cart,2026-06-17 07:08:25
6380,71,57,search,2026-05-04 07:31:27
6381,401,48,search,2026-06-16 23:52:04
6382,107,73,view,2026-05-26 16:08:14
6383,110,95,add_to_cart,2026-06-21 06:01:58
6384,111,22,view,2026-06-20 11:58:07
6385,71,83,search,2026-06-26 20:37:34
6386,172,21,search,2026-07-22 02:39:11
6387,364,35,search,2026-05-22 21:15:37
6388,67,37,view,2026-05-02 21:00:25
6389,132,66,purchase,2026-07-01 00:43:28
6390,426,51,add_to_cart,2026-06-20 03:04:40
6391,118,75,view,2026-07-16 16:42:17
6392,106,53,view,2026-04-25 06:23:37
6393,74,21,add_to_cart,2026-04-27 16:11:54
6394,64,58,view,2026-04-28 21:09:42
6395,95,7,search,2026-06-12 20:20:01
6396,389,39,search,2026-06-06 00:38:30
6397,371,65,search,2026-06-14 06:04:55
6398,239,52,view,2026-05-23 13:48:32
6399,326,10,search,2026-05-08 23:18:22
6400,281,24,add_to_cart,2026-06-21 22:49:53
6401,77,32,search,2026-06-08 02:05:36
6402,402,42,add_to_cart,2026-05-04 14:13:43
6403,252,40,purchase,2026-07-01 01:50:45
6404,384,74,view,2026-07-21 22:51:19
6405,196,25,search,2026-07-03 13:12:20
6406,70,72,search,2026-07-20 08:34:29
6407,56,13,view,2026-06-13 22:38:58
6408,197,18,view,2026-05-29 14:18:00
6409,245,69,search,2026-07-19 20:24:49
6410,143,38,view,2026-05-19 01:14:52
6411,432,2,search,2026-05-09 00:52:52
6412,437,95,add_to_cart,2026-06-02 00:23:49
6413,109,51,view,2026-05-02 15:22:24
6414,379,32,purchase,2026-05-10 01:27:26
6415,7,18,view,2026-07-14 18:49:44
6416,459,33,view,2026-06-15 20:07:13
6417,257,57,search,2026-07-12 16:45:10
6418,272,61,view,2026-05-24 21:35:47
6419,468,18,search,2026-07-04 18:08:29
6420,123,84,purchase,2026-06-27 21:34:14
6421,398,76,search,2026-06-11 14:59:02
6422,384,91,add_to_cart,2026-06-05 03:07:33
6423,428,51,add_to_cart,2026-05-24 01:40:01
6424,31,70,search,2026-07-20 16:10:14
6425,300,63,add_to_cart,2026-05-01 23:54:51
6426,24,58,search,2026-05-12 00:56:44
6427,483,38,add_to_cart,2026-04-29 17:40:07
6428,12,31,add_to_cart,2026-07-01 13:45:05
6429,21,48,add_to_cart,2026-04-26 12:33:56
6430,417,87,add_to_cart,2026-07-06 22:46:18
6431,359,92,add_to_cart,2026-07-22 18:21:09
6432,92,37,search,2026-07-11 19:16:44
6433,87,45,view,2026-06-05 16:18:05
6434,214,38,add_to_cart,2026-06-06 03:02:15
6435,449,86,purchase,2026-06-21 05:56:39
6436,403,27,search,2026-06-10 20:06:58
6437,262,97,search,2026-07-06 20:42:12
6438,429,92,view,2026-06-17 04:46:11
6439,199,90,view,2026-06-17 15:35:21
6440,396,14,add_to_cart,2026-05-11 03:27:52
6441,484,66,search,2026-07-21 20:28:18
6442,233,83,view,2026-06-28 19:42:50
6443,376,22,search,2026-06-08 07:35:15
6444,329,84,view,2026-04-26 18:47:28
6445,288,95,add_to_cart,2026-05-21 07:59:13
6446,112,84,add_to_cart,2026-05-28 21:56:14
6447,277,99,search,2026-05-02 09:18:55
6448,312,79,search,2026-06-19 21:47:38
6449,143,10,add_to_cart,2026-07-04 03:31:23
6450,258,88,search,2026-05-12 21:00:15
6451,406,11,search,2026-05-25 15:47:57
6452,153,40,search,2026-07-03 14:35:04
6453,34,45,view,2026-06-09 06:34:11
6454,394,1,view,2026-05-31 02:46:22
6455,5,93,search,2026-07-22 22:04:59
6456,469,39,search,2026-06-27 15:45:47
6457,345,79,search,2026-07-22 08:22:25
6458,243,26,search,2026-06-07 23:46:41
6459,231,65,view,2026-06-03 23:09:26
6460,79,99,view,2026-06-16 19:16:37
6461,7,42,add_to_cart,2026-05-29 12:12:03
6462,44,79,search,2026-05-19 16:23:31
6463,330,36,search,2026-05-21 16:37:28
6464,453,22,view,2026-05-30 17:03:30
6465,350,43,view,2026-05-13 18:06:40
6466,498,25,search,2026-07-05 19:12:09
6467,203,79,view,2026-05-23 06:28:10
6468,57,75,view,2026-06-27 17:41:04
6469,417,46,view,2026-07-06 07:13:57
6470,426,13,view,2026-06-03 14:06:38
6471,299,40,view,2026-06-29 00:09:24
6472,140,55,view,2026-07-07 03:23:27
6473,219,94,search,2026-07-16 13:51:55
6474,207,94,view,2026-05-01 00:15:20
6475,295,31,view,2026-07-23 04:29:46
6476,90,19,view,2026-05-07 18:01:19
6477,253,90,view,2026-06-12 11:34:15
6478,478,60,add_to_cart,2026-04-28 13:11:32
6479,429,26,add_to_cart,2026-07-13 21:55:07
6480,410,23,view,2026-07-13 20:42:02
6481,327,15,view,2026-05-02 11:53:25
6482,268,9,add_to_cart,2026-07-18 11:46:21
6483,316,80,search,2026-06-19 01:43:48
6484,454,30,view,2026-07-17 06:40:58
6485,192,87,view,2026-06-29 22:12:51
6486,453,41,add_to_cart,2026-07-13 10:22:13
6487,74,10,add_to_cart,2026-06-06 13:12:55
6488,453,41,add_to_cart,2026-06-04 18:58:58
6489,151,97,add_to_cart,2026-07-20 05:35:10
6490,498,28,view,2026-05-24 09:39:28
6491,363,27,view,2026-05-04 22:05:26
6492,10,69,search,2026-05-10 10:29:16
6493,147,7,add_to_cart,2026-07-04 18:45:09
6494,465,43,search,2026-06-20 03:58:25
6495,159,87,add_to_cart,2026-04-27 07:23:45
6496,143,69,view,2026-07-11 11:54:52
6497,11,32,search,2026-05-23 15:04:46
6498,328,48,search,2026-06-29 11:46:28
6499,22,6,view,2026-06-12 08:00:34
6500,97,39,view,2026-05-19 06:11:28
6501,14,70,view,2026-04-29 03:10:48
6502,83,67,view,2026-06-04 17:55:22
6503,37,55,search,2026-06-09 09:35:49
6504,319,58,search,2026-06-25 02:30:38
6505,120,24,search,2026-05-22 01:07:03
6506,339,78,search,2026-07-17 09:23:06
6507,7,27,search,2026-04-26 17:03:45
6508,171,25,search,2026-06-28 04:58:22
6509,297,33,view,2026-05-14 14:35:05
6510,192,40,view,2026-04-28 22:09:43
6511,249,47,view,2026-04-29 01:52:58
6512,489,3,view,2026-06-02 01:42:25
6513,2,9,view,2026-05-23 02:09:37
6514,67,26,view,2026-05-27 08:31:47
6515,224,43,purchase,2026-06-07 21:47:21
6516,342,39,view,2026-07-03 16:32:04
6517,285,98,purchase,2026-05-08 22:59:35
6518,415,88,view,2026-05-17 05:42:37
6519,358,46,view,2026-07-17 06:27:48
6520,419,60,view,2026-05-02 23:19:37
6521,294,49,search,2026-05-02 03:54:49
6522,429,67,add_to_cart,2026-06-21 22:57:09
6523,460,72,add_to_cart,2026-06-17 12:42:37
6524,299,92,search,2026-07-16 03:21:25
6525,276,63,view,2026-07-05 03:01:01
6526,267,48,add_to_cart,2026-05-15 20:25:36
6527,301,62,view,2026-05-02 03:13:05
6528,80,28,search,2026-05-02 20:51:10
6529,319,74,view,2026-06-08 00:43:01
6530,386,82,search,2026-04-28 18:16:31
6531,170,65,view,2026-04-28 11:33:11
6532,168,47,view,2026-05-19 06:23:26
6533,199,44,search,2026-06-03 12:10:20
6534,307,11,search,2026-07-10 10:44:49
6535,277,93,view,2026-05-05 17:27:49
6536,322,72,add_to_cart,2026-04-27 16:24:49
6537,300,75,search,2026-07-09 07:56:08
6538,195,94,search,2026-05-18 18:53:06
6539,376,82,search,2026-05-28 11:34:40
6540,292,41,search,2026-06-23 21:20:18
6541,120,73,view,2026-06-16 01:47:54
6542,383,42,view,2026-06-01 16:51:03
6543,434,18,view,2026-07-21 03:26:33
6544,170,40,search,2026-07-08 04:47:02
6545,143,75,view,2026-05-02 14:09:18
6546,406,73,view,2026-04-27 17:31:19
6547,249,30,search,2026-07-15 23:44:22
6548,254,59,view,2026-04-30 00:09:18
6549,446,60,purchase,2026-05-01 23:07:58
6550,466,46,view,2026-06-17 23:26:39
6551,396,36,view,2026-06-30 09:22:54
6552,214,46,search,2026-05-28 12:31:30
6553,434,44,search,2026-06-29 03:03:30
6554,199,35,view,2026-07-07 10:24:28
6555,21,58,search,2026-07-22 21:04:31
6556,310,91,search,2026-06-03 19:50:23
6557,277,60,search,2026-06-12 13:55:04
6558,316,69,purchase,2026-06-20 18:46:31
6559,103,83,search,2026-07-04 13:53:38
6560,86,14,search,2026-04-27 17:57:26
6561,447,5,view,2026-05-08 06:54:28
6562,410,86,view,2026-05-21 15:03:30
6563,13,99,search,2026-05-24 20:14:33
6564,297,98,purchase,2026-05-06 19:51:19
6565,475,23,view,2026-05-04 23:14:37
6566,417,57,view,2026-06-11 10:59:41
6567,322,89,view,2026-05-21 20:19:01
6568,56,3,purchase,2026-05-24 20:52:13
6569,330,55,view,2026-05-02 15:42:46
6570,313,54,view,2026-05-21 06:10:46
6571,94,56,view,2026-05-23 02:16:24
6572,187,64,view,2026-05-19 20:01:07
6573,337,71,view,2026-05-02 16:31:04
6574,70,3,purchase,2026-06-12 10:59:38
6575,281,60,search,2026-05-17 03:10:06
6576,150,21,view,2026-07-09 02:34:22
6577,29,89,view,2026-05-23 05:33:58
6578,136,97,view,2026-05-18 10:15:39
6579,83,40,add_to_cart,2026-06-27 17:35:28
6580,256,99,search,2026-06-23 06:46:12
6581,291,85,add_to_cart,2026-06-22 00:50:19
6582,492,87,view,2026-05-15 11:13:38
6583,384,100,view,2026-07-11 04:45:25
6584,138,66,purchase,2026-07-11 15:43:07
6585,281,57,search,2026-07-18 23:45:58
6586,447,65,add_to_cart,2026-06-19 09:13:00
6587,91,34,view,2026-06-19 09:40:13
6588,101,37,view,2026-05-22 03:21:25
6589,317,16,view,2026-06-29 17:46:45
6590,120,8,view,2026-06-05 01:43:30
6591,466,37,view,2026-05-18 17:41:10
6592,49,34,add_to_cart,2026-06-30 15:20:21
6593,232,48,view,2026-07-10 03:14:03
6594,77,22,view,2026-06-21 10:45:36
6595,48,61,view,2026-05-18 13:39:17
6596,166,31,add_to_cart,2026-06-08 09:37:28
6597,166,26,search,2026-05-09 17:12:19
6598,218,49,add_to_cart,2026-06-09 05:54:05
6599,185,4,purchase,2026-07-10 19:05:36
6600,475,89,view,2026-05-31 14:23:29
6601,87,41,view,2026-06-26 18:16:53
6602,403,20,view,2026-05-01 19:15:20
6603,500,44,view,2026-06-25 13:20:59
6604,39,15,search,2026-07-23 01:10:58
6605,16,82,view,2026-05-31 12:37:00
6606,7,63,view,2026-07-05 06:24:30
6607,244,84,search,2026-04-29 19:59:47
6608,476,5,view,2026-05-07 04:42:32
6609,110,10,purchase,2026-05-24 17:45:50
6610,163,21,search,2026-06-04 20:39:38
6611,476,57,search,2026-05-18 10:25:27
6612,453,97,view,2026-05-14 03:28:58
6613,335,34,search,2026-05-25 09:18:30
6614,469,55,view,2026-07-14 12:58:18
6615,248,14,purchase,2026-05-25 01:38:07
6616,402,98,search,2026-07-03 04:07:01
6617,365,40,view,2026-05-08 11:10:27
6618,250,90,view,2026-05-21 10:21:07
6619,204,41,view,2026-07-07 19:25:11
6620,469,41,search,2026-05-09 16:25:43
6621,244,68,view,2026-06-25 23:03:44
6622,375,48,view,2026-05-05 01:08:45
6623,166,79,search,2026-07-16 10:35:45
6624,396,40,purchase,2026-05-12 11:25:04
6625,486,25,view,2026-05-28 10:24:58
6626,333,48,search,2026-07-13 20:33:45
6627,215,66,view,2026-05-14 17:40:06
6628,402,95,add_to_cart,2026-05-27 01:36:43
6629,388,22,search,2026-04-27 15:34:18
6630,209,4,add_to_cart,2026-06-11 20:26:46
6631,197,6,add_to_cart,2026-07-03 05:37:43
6632,400,66,view,2026-06-30 07:51:00
6633,379,58,add_to_cart,2026-05-29 17:34:54
6634,159,38,add_to_cart,2026-05-29 11:33:40
6635,112,36,search,2026-06-09 16:04:21
6636,296,63,view,2026-05-22 09:47:54
6637,472,36,search,2026-05-20 09:29:31
6638,483,76,view,2026-05-24 10:22:14
6639,258,37,add_to_cart,2026-04-29 10:47:39
6640,262,2,view,2026-06-15 08:52:50
6641,307,18,view,2026-06-16 18:07:05
6642,262,17,purchase,2026-06-28 21:59:33
6643,278,47,add_to_cart,2026-07-11 14:37:06
6644,128,64,view,2026-05-16 20:02:12
6645,478,72,view,2026-06-26 23:22:10
6646,177,84,add_to_cart,2026-04-26 17:17:25
6647,350,13,view,2026-04-26 20:38:58
6648,157,4,view,2026-07-17 04:19:35
6649,221,33,add_to_cart,2026-05-29 02:28:18
6650,441,26,search,2026-04-28 22:28:41
6651,55,97,view,2026-06-19 09:25:26
6652,369,29,view,2026-06-25 02:16:17
6653,448,33,view,2026-06-06 11:10:30
6654,337,19,view,2026-05-07 22:08:28
6655,221,86,add_to_cart,2026-07-10 19:14:48
6656,62,91,view,2026-05-14 06:06:19
6657,77,88,view,2026-04-30 05:20:56
6658,133,17,view,2026-06-26 17:32:19
6659,141,96,search,2026-06-30 22:48:22
6660,470,75,view,2026-06-29 03:33:50
6661,381,77,search,2026-06-15 06:45:45
6662,159,35,add_to_cart,2026-06-08 08:46:26
6663,334,74,view,2026-06-30 06:48:33
6664,150,55,view,2026-07-16 08:24:56
6665,300,76,add_to_cart,2026-06-19 01:02:42
6666,251,93,view,2026-07-23 15:51:37
6667,485,40,search,2026-07-06 09:05:30
6668,218,92,search,2026-07-15 12:44:57
6669,277,94,search,2026-05-05 23:18:06
6670,108,58,search,2026-07-04 03:56:36
6671,64,64,search,2026-05-22 15:54:34
6672,412,94,add_to_cart,2026-07-11 11:34:25
6673,91,57,search,2026-06-15 01:54:56
6674,140,17,add_to_cart,2026-06-30 00:02:33
6675,171,4,view,2026-06-21 22:28:00
6676,128,51,add_to_cart,2026-07-22 11:21:46
6677,81,61,view,2026-06-08 12:49:47
6678,248,35,search,2026-07-08 03:00:32
6679,401,36,purchase,2026-05-21 17:13:57
6680,438,50,view,2026-05-30 07:15:43
6681,58,11,view,2026-05-31 09:20:11
6682,141,65,view,2026-05-06 15:08:07
6683,10,45,view,2026-05-07 21:37:54
6684,428,17,search,2026-06-22 06:23:19
6685,101,5,view,2026-06-26 19:19:12
6686,183,87,search,2026-06-20 18:24:51
6687,219,22,search,2026-06-14 18:28:15
6688,433,18,view,2026-07-21 02:01:36
6689,254,63,view,2026-05-21 04:58:55
6690,113,27,search,2026-05-25 14:51:37
6691,423,34,view,2026-07-06 17:22:05
6692,140,82,purchase,2026-06-08 01:29:52
6693,121,94,search,2026-07-03 04:11:03
6694,268,67,purchase,2026-06-22 17:35:49
6695,253,99,search,2026-05-12 21:03:07
6696,47,45,view,2026-04-25 20:50:09
6697,87,49,view,2026-06-06 12:43:06
6698,459,22,view,2026-05-13 12:26:18
6699,378,81,view,2026-07-01 08:58:30
6700,313,50,purchase,2026-06-18 23:30:43
6701,401,49,purchase,2026-07-23 15:50:03
6702,212,28,add_to_cart,2026-05-01 08:10:21
6703,221,46,view,2026-05-05 12:38:21
6704,16,46,view,2026-06-18 02:41:24
6705,339,72,view,2026-06-17 16:54:01
6706,276,29,view,2026-07-12 08:15:54
6707,339,47,view,2026-06-24 04:03:00
6708,129,30,view,2026-07-16 05:41:02
6709,138,14,purchase,2026-06-23 03:49:32
6710,287,25,add_to_cart,2026-05-21 10:13:26
6711,50,95,view,2026-05-27 17:03:07
6712,31,99,view,2026-06-30 17:38:39
6713,276,86,add_to_cart,2026-05-30 22:29:24
6714,363,82,add_to_cart,2026-07-01 08:32:27
6715,16,68,view,2026-06-16 12:55:52
6716,432,3,view,2026-04-30 10:03:25
6717,285,20,view,2026-06-18 03:45:43
6718,394,81,view,2026-07-18 07:35:46
6719,99,97,view,2026-06-20 10:40:47
6720,456,36,view,2026-05-18 12:40:37
6721,358,83,search,2026-06-19 01:48:16
6722,250,99,view,2026-05-17 11:39:57
6723,129,10,add_to_cart,2026-07-12 10:06:30
6724,372,100,add_to_cart,2026-06-13 19:38:54
6725,435,60,add_to_cart,2026-05-05 21:00:08
6726,279,47,view,2026-06-24 00:13:28
6727,18,26,view,2026-04-26 01:07:33
6728,499,71,search,2026-04-30 05:09:06
6729,483,56,add_to_cart,2026-07-19 17:33:58
6730,362,37,add_to_cart,2026-06-08 20:15:23
6731,209,2,view,2026-07-10 22:14:00
6732,442,36,view,2026-05-16 04:06:37
6733,14,7,view,2026-06-24 10:03:14
6734,327,55,view,2026-05-28 15:34:07
6735,310,90,search,2026-05-26 05:17:55
6736,211,88,search,2026-04-25 04:26:47
6737,352,44,search,2026-05-04 03:00:30
6738,190,43,view,2026-06-23 18:32:02
6739,267,23,add_to_cart,2026-06-01 15:45:11
6740,250,80,view,2026-06-01 21:37:27
6741,80,58,view,2026-06-05 09:16:58
6742,210,14,search,2026-05-06 19:57:34
6743,176,99,search,2026-04-28 12:46:37
6744,192,29,search,2026-05-20 23:06:58
6745,463,85,view,2026-04-29 04:12:50
6746,413,89,view,2026-06-02 16:18:43
6747,92,14,view,2026-06-01 04:39:37
6748,160,85,view,2026-05-23 10:32:40
6749,362,26,add_to_cart,2026-07-21 12:07:15
6750,174,14,view,2026-07-19 00:51:37
6751,432,97,add_to_cart,2026-06-07 07:36:57
6752,158,5,view,2026-07-20 13:10:48
6753,410,72,search,2026-07-01 04:28:21
6754,253,73,search,2026-07-14 16:18:39
6755,422,47,search,2026-06-07 01:31:30
6756,166,80,view,2026-07-06 16:02:23
6757,52,7,view,2026-07-12 10:56:10
6758,265,59,search,2026-06-05 08:13:04
6759,177,12,search,2026-06-24 08:59:02
6760,143,84,search,2026-06-15 22:38:02
6761,365,41,view,2026-06-09 14:33:16
6762,31,10,purchase,2026-05-21 18:34:18
6763,344,28,add_to_cart,2026-05-05 08:14:56
6764,260,95,view,2026-06-29 07:45:46
6765,403,77,search,2026-05-09 00:06:30
6766,159,32,purchase,2026-06-06 06:55:59
6767,327,2,view,2026-04-24 23:27:10
6768,183,6,view,2026-06-20 21:57:05
6769,124,50,view,2026-07-11 13:23:33
6770,306,58,view,2026-07-10 01:25:55
6771,347,23,purchase,2026-07-21 02:03:43
6772,422,76,view,2026-04-29 13:58:32
6773,469,100,add_to_cart,2026-05-16 03:02:26
6774,402,93,view,2026-05-14 22:32:07
6775,212,100,view,2026-05-08 09:34:35
6776,223,50,add_to_cart,2026-05-12 15:11:24
6777,44,20,add_to_cart,2026-04-25 04:23:06
6778,16,71,search,2026-06-08 03:53:37
6779,397,65,add_to_cart,2026-05-28 14:07:07
6780,479,76,view,2026-05-17 10:37:13
6781,90,91,view,2026-05-27 18:17:44
6782,470,50,view,2026-04-25 09:09:22
6783,348,70,search,2026-07-16 15:11:57
6784,2,43,add_to_cart,2026-07-12 11:17:19
6785,322,28,view,2026-06-22 12:33:31
6786,28,90,purchase,2026-04-27 16:53:29
6787,125,35,view,2026-07-22 02:00:59
6788,151,82,view,2026-06-27 05:32:29
6789,117,17,search,2026-05-26 02:07:08
6790,262,94,add_to_cart,2026-05-20 15:08:27
6791,370,87,search,2026-07-17 02:56:43
6792,270,93,add_to_cart,2026-07-12 23:20:04
6793,17,95,view,2026-04-28 22:26:45
6794,258,6,view,2026-05-21 03:41:46
6795,231,13,add_to_cart,2026-07-10 03:19:20
6796,146,32,add_to_cart,2026-04-27 18:11:52
6797,31,36,search,2026-05-02 09:56:53
6798,439,85,view,2026-05-24 16:47:08
6799,173,26,view,2026-06-06 04:56:11
6800,49,85,search,2026-07-13 21:36:26
6801,233,31,search,2026-07-01 22:05:05
6802,278,56,view,2026-05-02 09:55:37
6803,220,62,search,2026-07-11 09:10:29
6804,189,1,search,2026-05-19 11:10:36
6805,228,65,view,2026-05-06 13:12:00
6806,314,20,view,2026-06-16 01:31:14
6807,436,64,view,2026-05-21 07:39:10
6808,107,63,search,2026-07-19 09:09:09
6809,142,81,view,2026-05-05 06:38:48
6810,437,94,search,2026-06-12 07:28:25
6811,284,23,view,2026-07-02 12:41:23
6812,159,88,search,2026-05-02 16:30:10
6813,381,21,view,2026-07-03 00:14:09
6814,134,74,add_to_cart,2026-07-14 17:34:57
6815,487,68,add_to_cart,2026-07-13 01:14:51
6816,100,16,view,2026-07-09 23:21:48
6817,14,2,view,2026-07-13 12:55:41
6818,75,28,add_to_cart,2026-05-08 04:03:04
6819,398,90,view,2026-07-03 10:59:44
6820,167,66,view,2026-07-09 11:54:44
6821,216,54,view,2026-07-10 21:42:20
6822,291,10,view,2026-07-14 01:34:30
6823,401,35,view,2026-06-08 19:47:46
6824,390,90,view,2026-04-25 09:31:37
6825,185,41,view,2026-06-20 21:45:20
6826,141,74,view,2026-05-04 07:07:13
6827,244,88,add_to_cart,2026-05-24 19:41:08
6828,226,57,search,2026-06-11 10:27:22
6829,478,86,add_to_cart,2026-07-06 16:57:53
6830,496,52,add_to_cart,2026-07-12 23:27:41
6831,286,93,view,2026-06-02 15:09:28
6832,154,62,purchase,2026-04-29 06:16:26
6833,336,46,view,2026-06-12 06:27:28
6834,403,95,add_to_cart,2026-07-16 05:23:52
6835,385,18,search,2026-05-24 21:23:49
6836,204,42,add_to_cart,2026-05-01 13:35:37
6837,295,47,view,2026-06-19 08:46:31
6838,375,69,search,2026-06-15 02:13:57
6839,83,76,search,2026-06-11 01:22:10
6840,91,60,view,2026-07-05 14:19:11
6841,169,19,view,2026-06-05 13:39:17
6842,46,88,search,2026-05-29 20:09:08
6843,419,6,view,2026-06-22 16:13:46
6844,107,77,add_to_cart,2026-06-09 02:12:47
6845,476,87,view,2026-06-14 19:09:53
6846,261,88,view,2026-04-30 16:50:27
6847,232,62,view,2026-06-03 23:48:53
6848,261,26,search,2026-05-18 13:42:34
6849,102,12,view,2026-04-30 02:38:29
6850,121,12,search,2026-05-13 03:36:12
6851,339,31,view,2026-04-26 15:14:28
6852,47,14,add_to_cart,2026-07-11 11:27:35
6853,306,34,search,2026-06-02 14:15:21
6854,218,33,search,2026-05-26 02:35:56
6855,212,67,view,2026-05-30 18:47:26
6856,83,90,view,2026-05-09 14:41:42
6857,340,51,view,2026-05-01 23:24:14
6858,169,25,view,2026-06-08 03:01:05
6859,156,45,view,2026-06-14 12:23:52
6860,130,41,view,2026-06-07 16:47:00
6861,342,70,view,2026-06-12 10:02:23
6862,277,92,add_to_cart,2026-06-27 11:21:18
6863,147,43,view,2026-06-02 07:06:33
6864,257,80,view,2026-07-18 20:04:43
6865,152,85,purchase,2026-07-12 03:34:15
6866,324,92,add_to_cart,2026-05-29 05:12:22
6867,429,96,search,2026-06-28 04:58:47
6868,154,9,view,2026-06-15 13:06:09
6869,90,42,add_to_cart,2026-06-01 07:00:37
6870,28,89,view,2026-06-23 09:28:52
6871,453,75,purchase,2026-07-08 22:44:26
6872,500,95,view,2026-05-20 07:36:47
6873,257,78,view,2026-06-09 09:28:07
6874,254,91,add_to_cart,2026-06-21 04:18:51
6875,122,51,add_to_cart,2026-06-30 02:54:21
6876,321,37,view,2026-06-14 16:53:27
6877,222,15,view,2026-06-20 23:31:21
6878,278,25,view,2026-06-18 12:39:00
6879,438,78,add_to_cart,2026-04-29 10:20:04
6880,54,1,view,2026-07-13 00:12:51
6881,297,10,search,2026-04-30 08:30:35
6882,410,80,view,2026-07-03 15:28:38
6883,447,87,add_to_cart,2026-07-14 22:40:38
6884,6,25,search,2026-06-27 19:55:31
6885,276,21,view,2026-05-07 04:44:07
6886,77,100,add_to_cart,2026-05-30 04:20:35
6887,383,10,search,2026-06-25 06:10:56
6888,168,46,search,2026-05-31 20:47:44
6889,107,40,add_to_cart,2026-07-03 22:04:04
6890,166,54,search,2026-05-09 07:45:43
6891,21,13,view,2026-06-04 23:26:11
6892,247,28,search,2026-05-17 14:33:57
6893,361,28,purchase,2026-05-28 23:09:41
6894,21,67,view,2026-05-13 00:33:21
6895,441,17,view,2026-05-26 01:46:55
6896,147,87,search,2026-05-21 13:23:19
6897,9,31,view,2026-06-11 17:22:01
6898,196,41,add_to_cart,2026-06-21 12:12:41
6899,459,68,add_to_cart,2026-05-01 01:47:38
6900,404,36,add_to_cart,2026-04-30 15:52:24
6901,90,37,search,2026-05-13 02:55:22
6902,456,45,view,2026-05-21 21:33:17
6903,225,2,search,2026-07-06 02:30:17
6904,360,28,search,2026-05-18 16:02:05
6905,114,66,view,2026-06-20 10:28:47
6906,384,73,search,2026-06-08 22:03:33
6907,14,18,view,2026-04-25 02:10:16
6908,189,26,view,2026-07-21 19:13:14
6909,372,2,view,2026-05-04 01:12:23
6910,402,72,view,2026-06-29 12:09:59
6911,204,90,search,2026-05-07 06:09:45
6912,459,63,view,2026-06-26 03:31:17
6913,134,63,view,2026-05-28 00:39:11
6914,158,57,view,2026-06-06 04:40:33
6915,80,57,view,2026-05-16 13:54:47
6916,209,42,view,2026-07-23 16:33:02
6917,63,37,view,2026-05-04 03:50:34
6918,112,50,view,2026-05-04 23:28:59
6919,210,88,view,2026-05-15 19:04:15
6920,485,99,search,2026-07-18 04:13:09
6921,80,78,view,2026-06-08 15:09:49
6922,428,7,add_to_cart,2026-05-01 09:46:57
6923,214,8,add_to_cart,2026-05-04 05:56:06
6924,128,33,add_to_cart,2026-05-16 07:43:06
6925,382,32,search,2026-06-06 02:33:44
6926,99,61,search,2026-07-05 15:22:41
6927,323,79,search,2026-05-26 19:19:39
6928,303,24,add_to_cart,2026-07-12 13:59:18
6929,271,61,view,2026-07-02 03:29:40
6930,338,9,add_to_cart,2026-06-22 06:12:09
6931,362,6,view,2026-07-22 22:23:26
6932,69,89,search,2026-05-09 02:00:55
6933,269,45,search,2026-06-18 19:06:15
6934,422,47,view,2026-06-28 13:30:54
6935,52,37,add_to_cart,2026-05-02 21:26:17
6936,480,95,view,2026-06-29 02:03:30
6937,115,23,view,2026-07-23 15:07:17
6938,427,51,add_to_cart,2026-07-03 18:36:54
6939,404,42,search,2026-04-29 03:55:07
6940,3,92,view,2026-05-19 02:55:59
6941,118,51,view,2026-05-15 15:25:25
6942,239,35,view,2026-05-15 03:00:54
6943,101,96,search,2026-07-12 04:41:08
6944,483,54,search,2026-05-19 06:19:13
6945,93,21,search,2026-07-23 08:26:31
6946,428,1,search,2026-06-08 16:50:05
6947,379,20,view,2026-07-20 01:01:34
6948,269,51,search,2026-05-17 21:55:01
6949,199,21,view,2026-04-29 06:28:47
6950,378,65,add_to_cart,2026-07-23 01:00:48
6951,271,70,view,2026-06-10 13:08:37
6952,63,8,search,2026-05-15 21:44:08
6953,117,70,search,2026-05-15 21:08:54
6954,24,2,view,2026-04-28 22:09:41
6955,35,86,view,2026-06-25 06:42:21
6956,89,44,search,2026-07-17 06:05:39
6957,257,83,purchase,2026-06-07 00:11:13
6958,205,37,view,2026-06-17 06:13:00
6959,250,16,view,2026-06-17 09:02:20
6960,396,40,purchase,2026-06-27 05:30:37
6961,17,31,view,2026-07-11 17:10:41
6962,254,82,view,2026-05-12 13:22:15
6963,430,37,add_to_cart,2026-05-29 01:15:30
6964,390,98,search,2026-07-16 18:55:06
6965,317,37,add_to_cart,2026-07-08 14:08:42
6966,38,43,view,2026-06-03 14:20:16
6967,443,26,view,2026-06-08 21:50:48
6968,196,64,view,2026-07-07 03:21:44
6969,39,66,view,2026-07-10 04:19:15
6970,439,64,view,2026-06-29 05:02:17
6971,235,46,search,2026-06-18 16:40:55
6972,221,75,view,2026-07-10 07:43:32
6973,249,2,view,2026-06-25 21:41:14
6974,466,30,search,2026-06-07 04:17:08
6975,448,41,view,2026-06-18 23:47:13
6976,241,95,view,2026-05-19 14:15:12
6977,383,18,view,2026-06-18 11:10:07
6978,100,24,purchase,2026-05-07 03:02:53
6979,202,12,search,2026-05-27 13:51:01
6980,217,62,add_to_cart,2026-06-25 06:08:59
6981,225,93,view,2026-06-25 23:06:18
6982,81,30,view,2026-06-03 19:55:00
6983,28,35,view,2026-05-08 16:25:24
6984,259,40,view,2026-05-12 15:52:32
6985,371,61,view,2026-05-02 05:35:57
6986,134,63,view,2026-06-21 00:38:50
6987,335,19,view,2026-06-23 21:36:41
6988,472,26,view,2026-07-07 05:29:13
6989,94,40,add_to_cart,2026-06-28 21:00:30
6990,118,78,view,2026-06-22 16:18:08
6991,383,48,view,2026-07-03 06:09:33
6992,404,86,add_to_cart,2026-05-24 09:11:20
6993,339,51,add_to_cart,2026-06-17 18:56:47
6994,160,4,view,2026-06-05 16:54:04
6995,407,83,search,2026-07-12 08:28:21
6996,204,26,search,2026-07-23 03:29:28
6997,327,60,search,2026-05-15 08:01:49
6998,397,85,view,2026-06-12 03:24:47
6999,245,59,search,2026-04-27 01:05:43
7000,30,57,search,2026-05-24 21:03:13
7001,190,52,view,2026-06-01 18:47:42
7002,231,78,view,2026-06-18 06:38:07
7003,135,56,add_to_cart,2026-07-13 06:49:24
7004,4,88,purchase,2026-06-25 05:52:54
7005,194,27,search,2026-06-12 19:05:57
7006,100,88,search,2026-07-21 14:50:50
7007,439,3,search,2026-05-27 06:34:38
7008,347,24,view,2026-06-25 04:33:05
7009,258,22,search,2026-07-10 16:19:07
7010,114,49,view,2026-07-06 14:30:30
7011,92,27,add_to_cart,2026-07-09 06:04:33
7012,91,42,view,2026-07-12 19:15:29
7013,100,63,view,2026-05-24 05:49:45
7014,433,53,add_to_cart,2026-07-13 07:53:15
7015,433,78,search,2026-06-09 16:34:29
7016,33,94,search,2026-06-09 02:28:23
7017,110,25,search,2026-06-29 17:25:47
7018,147,33,search,2026-07-18 16:30:54
7019,260,54,view,2026-04-29 04:11:09
7020,217,13,add_to_cart,2026-05-23 16:03:45
7021,359,94,search,2026-05-03 03:37:57
7022,327,7,purchase,2026-07-18 04:30:55
7023,308,51,view,2026-07-12 17:14:56
7024,329,50,search,2026-07-06 03:51:22
7025,312,90,search,2026-06-09 10:16:49
7026,370,22,view,2026-05-19 00:57:19
7027,362,33,add_to_cart,2026-07-06 21:48:09
7028,151,88,add_to_cart,2026-07-07 10:12:38
7029,390,87,add_to_cart,2026-05-29 16:27:00
7030,49,67,purchase,2026-06-24 01:27:18
7031,428,42,view,2026-05-03 03:02:05
7032,140,86,view,2026-04-29 06:41:44
7033,336,70,view,2026-06-27 09:07:31
7034,143,13,search,2026-06-16 13:44:04
7035,17,16,view,2026-07-05 16:11:10
7036,118,35,view,2026-06-20 13:38:52
7037,39,18,search,2026-07-10 09:51:41
7038,126,64,purchase,2026-06-22 04:54:47
7039,476,32,search,2026-06-22 22:16:51
7040,330,1,view,2026-06-29 02:18:37
7041,99,21,add_to_cart,2026-04-27 09:50:49
7042,46,50,view,2026-06-12 08:52:55
7043,463,47,view,2026-04-25 06:49:06
7044,378,20,view,2026-05-04 08:41:40
7045,223,20,view,2026-05-13 15:05:19
7046,150,51,search,2026-06-30 06:56:08
7047,133,87,view,2026-07-08 06:41:07
7048,4,76,search,2026-05-02 10:25:30
7049,104,63,view,2026-05-18 10:34:09
7050,75,71,search,2026-06-05 02:45:19
7051,291,24,view,2026-05-05 14:57:54
7052,113,80,view,2026-04-26 11:23:43
7053,151,13,search,2026-06-08 00:46:56
7054,292,82,view,2026-07-21 11:38:51
7055,344,90,search,2026-04-25 11:14:33
7056,423,1,search,2026-06-27 10:01:15
7057,348,82,purchase,2026-07-06 09:36:48
7058,47,60,view,2026-05-27 23:44:07
7059,130,97,view,2026-05-23 06:11:28
7060,194,68,view,2026-05-15 22:42:44
7061,476,66,add_to_cart,2026-06-10 09:46:41
7062,70,48,add_to_cart,2026-05-25 01:30:35
7063,173,93,view,2026-06-05 23:31:52
7064,371,15,view,2026-06-24 12:34:36
7065,34,92,search,2026-06-07 14:45:16
7066,7,18,view,2026-06-15 11:07:53
7067,115,5,add_to_cart,2026-04-29 21:05:36
7068,28,80,view,2026-07-04 20:33:11
7069,434,67,view,2026-07-18 03:18:23
7070,327,94,view,2026-06-24 14:18:32
7071,431,73,search,2026-05-12 01:30:43
7072,126,22,view,2026-06-28 09:06:24
7073,412,2,view,2026-07-17 07:37:07
7074,360,91,view,2026-05-20 11:15:07
7075,423,10,search,2026-05-08 04:33:51
7076,413,95,search,2026-05-12 20:34:30
7077,430,58,view,2026-05-29 18:07:35
7078,93,84,add_to_cart,2026-07-19 13:03:38
7079,102,12,view,2026-05-04 07:06:52
7080,265,60,search,2026-07-04 03:42:27
7081,177,22,search,2026-07-21 14:41:42
7082,449,28,view,2026-06-01 05:09:31
7083,296,87,view,2026-07-06 11:03:24
7084,459,11,view,2026-06-12 19:02:49
7085,67,15,add_to_cart,2026-07-23 07:49:26
7086,283,95,search,2026-07-05 06:03:27
7087,86,77,view,2026-05-25 18:23:09
7088,57,43,view,2026-06-02 06:05:05
7089,158,97,view,2026-06-06 15:58:58
7090,142,100,view,2026-05-11 07:47:30
7091,24,79,search,2026-05-02 20:01:30
7092,291,88,add_to_cart,2026-05-27 12:40:43
7093,128,83,add_to_cart,2026-05-22 04:17:49
7094,404,2,view,2026-05-13 21:00:17
7095,46,78,search,2026-07-09 08:58:36
7096,45,8,search,2026-04-27 09:04:04
7097,272,42,search,2026-04-24 23:11:12
7098,317,34,search,2026-05-10 14:46:54
7099,328,38,view,2026-06-11 05:25:07
7100,271,8,view,2026-06-11 22:09:40
7101,303,33,view,2026-06-22 22:23:53
7102,295,7,search,2026-06-17 23:56:04
7103,394,93,view,2026-04-27 00:16:41
7104,392,58,view,2026-06-27 18:41:30
7105,184,6,view,2026-06-13 05:18:01
7106,141,42,view,2026-07-20 16:25:19
7107,5,11,view,2026-05-10 13:51:32
7108,269,22,view,2026-06-21 11:22:44
7109,269,32,add_to_cart,2026-05-08 01:33:55
7110,328,24,search,2026-05-06 03:33:59
7111,418,71,add_to_cart,2026-05-07 08:59:58
7112,7,47,view,2026-07-06 15:57:55
7113,99,9,add_to_cart,2026-05-19 12:41:47
7114,17,55,add_to_cart,2026-07-16 05:18:47
7115,234,69,view,2026-07-19 17:06:47
7116,371,77,view,2026-04-27 13:43:55
7117,111,39,view,2026-05-25 06:35:38
7118,37,9,search,2026-06-25 15:47:41
7119,431,35,add_to_cart,2026-06-09 19:00:10
7120,487,10,search,2026-06-08 11:00:32
7121,30,86,view,2026-06-16 05:08:41
7122,217,57,search,2026-07-22 07:00:44
7123,307,72,view,2026-05-13 16:00:34
7124,379,85,view,2026-07-20 12:46:41
7125,478,33,add_to_cart,2026-06-07 04:34:59
7126,445,85,search,2026-05-24 14:32:00
7127,381,39,search,2026-05-02 12:03:26
7128,152,70,purchase,2026-06-14 07:34:54
7129,74,74,view,2026-05-06 18:41:40
7130,60,97,add_to_cart,2026-05-21 08:24:03
7131,500,43,search,2026-06-12 05:47:26
7132,484,89,view,2026-06-06 07:57:16
7133,252,10,search,2026-05-27 13:25:21
7134,81,35,search,2026-07-05 08:14:41
7135,17,13,view,2026-06-18 21:09:59
7136,97,13,view,2026-05-24 11:04:48
7137,205,10,add_to_cart,2026-06-10 14:55:52
7138,282,98,search,2026-05-07 05:30:17
7139,97,86,view,2026-04-25 02:50:23
7140,154,91,purchase,2026-05-17 01:00:25
7141,191,58,search,2026-05-10 10:55:41
7142,268,59,search,2026-05-26 00:45:46
7143,118,94,view,2026-06-23 15:24:05
7144,217,82,search,2026-06-30 16:13:35
7145,113,69,view,2026-06-18 11:20:34
7146,333,61,search,2026-05-29 17:41:42
7147,428,65,view,2026-06-08 05:37:45
7148,107,80,search,2026-05-13 04:11:59
7149,132,81,search,2026-07-01 17:32:53
7150,285,88,search,2026-05-10 13:49:55
7151,424,33,view,2026-07-12 21:29:40
7152,366,32,search,2026-06-02 15:11:18
7153,400,55,view,2026-06-22 14:08:16
7154,486,68,view,2026-06-01 00:08:08
7155,174,69,view,2026-05-07 20:22:06
7156,407,59,view,2026-06-17 19:31:01
7157,142,41,search,2026-06-01 20:34:53
7158,484,87,view,2026-07-02 15:44:38
7159,146,78,view,2026-07-04 21:10:28
7160,332,54,search,2026-06-03 01:23:18
7161,104,20,view,2026-05-27 02:09:00
7162,137,31,add_to_cart,2026-07-20 14:27:20
7163,3,50,search,2026-04-30 04:45:52
7164,62,53,view,2026-05-18 13:55:03
7165,166,100,view,2026-05-20 03:06:25
7166,418,18,view,2026-06-02 09:18:06
7167,418,26,view,2026-06-30 14:37:47
7168,212,23,purchase,2026-06-04 01:29:06
7169,130,52,view,2026-07-18 01:22:39
7170,317,72,view,2026-07-19 19:40:28
7171,133,25,view,2026-04-27 19:59:12
7172,173,36,view,2026-05-29 23:04:31
7173,486,92,view,2026-07-21 20:17:44
7174,393,40,view,2026-07-18 07:15:03
7175,177,19,view,2026-05-04 22:19:06
7176,283,44,view,2026-06-19 14:55:14
7177,163,38,purchase,2026-05-26 23:43:32
7178,288,83,view,2026-07-08 00:21:40
7179,493,11,search,2026-06-15 07:29:46
7180,433,39,view,2026-06-24 10:29:19
7181,466,39,view,2026-06-12 19:21:04
7182,67,47,view,2026-06-24 07:10:51
7183,67,16,purchase,2026-06-03 07:28:06
7184,167,97,view,2026-06-22 23:30:53
7185,108,33,search,2026-05-22 16:47:13
7186,111,76,search,2026-06-12 08:43:41
7187,269,23,view,2026-07-04 10:26:58
7188,126,42,view,2026-07-21 19:29:29
7189,373,80,search,2026-06-11 20:27:28
7190,228,98,search,2026-07-12 13:07:00
7191,72,47,view,2026-04-24 21:57:17
7192,36,60,view,2026-05-06 06:53:09
7193,160,48,purchase,2026-06-26 21:48:05
7194,45,68,view,2026-05-21 16:45:11
7195,289,73,view,2026-06-30 10:44:09
7196,143,7,view,2026-06-08 21:50:33
7197,493,72,view,2026-05-26 04:41:34
7198,446,26,purchase,2026-04-27 04:58:21
7199,436,65,view,2026-05-19 01:55:11
7200,246,39,add_to_cart,2026-05-17 21:04:03
7201,448,62,search,2026-06-29 18:52:05
7202,234,22,view,2026-07-06 00:31:04
7203,29,82,view,2026-05-20 19:03:49
7204,380,54,view,2026-06-04 13:24:22
7205,445,96,search,2026-05-05 19:14:27
7206,437,4,view,2026-07-17 16:28:06
7207,357,81,view,2026-07-06 12:34:30
7208,271,40,search,2026-07-19 05:49:42
7209,492,19,search,2026-07-10 23:24:46
7210,37,67,add_to_cart,2026-06-21 17:51:10
7211,424,81,view,2026-05-27 13:02:37
7212,6,55,view,2026-07-08 17:41:01
7213,164,57,view,2026-06-20 03:36:28
7214,6,14,view,2026-05-10 16:49:00
7215,199,1,view,2026-05-13 06:08:55
7216,48,54,view,2026-07-22 00:59:19
7217,157,98,view,2026-07-22 02:21:51
7218,290,22,search,2026-07-12 11:39:22
7219,372,70,view,2026-07-17 05:07:36
7220,307,30,search,2026-05-05 15:57:04
7221,108,8,search,2026-07-19 23:33:56
7222,47,34,search,2026-06-23 15:00:24
7223,328,38,view,2026-04-28 06:32:47
7224,280,80,view,2026-05-31 16:13:08
7225,371,78,add_to_cart,2026-07-06 18:24:06
7226,275,65,add_to_cart,2026-05-10 15:02:17
7227,19,8,search,2026-05-22 11:17:51
7228,50,36,add_to_cart,2026-05-07 22:55:52
7229,158,51,view,2026-06-09 21:29:21
7230,136,63,view,2026-07-02 05:07:38
7231,320,55,view,2026-05-29 01:51:33
7232,347,48,view,2026-07-02 02:58:11
7233,200,95,search,2026-07-17 21:38:41
7234,360,35,view,2026-05-26 03:15:49
7235,397,61,search,2026-05-15 10:10:47
7236,456,63,search,2026-06-22 19:40:41
7237,302,22,search,2026-04-27 11:58:17
7238,211,41,view,2026-06-19 12:23:57
7239,284,85,add_to_cart,2026-06-25 23:25:39
7240,320,27,view,2026-06-05 21:37:57
7241,10,61,view,2026-06-24 11:07:43
7242,60,6,view,2026-05-15 22:00:45
7243,362,35,search,2026-06-15 16:49:58
7244,61,41,view,2026-05-21 23:14:10
7245,498,30,search,2026-05-17 15:52:16
7246,211,56,search,2026-07-18 14:57:48
7247,83,68,view,2026-06-17 06:14:22
7248,380,53,search,2026-05-31 21:40:18
7249,257,92,view,2026-06-23 15:42:41
7250,253,28,view,2026-06-29 09:27:05
7251,283,51,view,2026-06-10 21:55:07
7252,203,11,search,2026-05-03 03:57:18
7253,34,12,search,2026-05-07 06:53:22
7254,238,22,search,2026-05-31 13:48:08
7255,195,84,view,2026-05-04 18:53:36
7256,316,3,add_to_cart,2026-05-07 09:30:40
7257,170,45,search,2026-04-30 14:56:03
7258,301,45,purchase,2026-06-22 14:24:38
7259,381,30,view,2026-05-30 23:22:54
7260,147,44,view,2026-05-21 13:09:58
7261,385,32,view,2026-06-07 16:59:35
7262,463,94,add_to_cart,2026-05-26 20:00:07
7263,22,58,search,2026-06-04 05:34:19
7264,413,47,search,2026-05-26 01:06:32
7265,278,29,view,2026-07-17 04:20:25
7266,156,72,add_to_cart,2026-07-11 06:38:23
7267,438,46,search,2026-07-06 12:28:59
7268,98,43,view,2026-05-11 06:25:51
7269,205,96,search,2026-05-22 21:50:06
7270,253,59,search,2026-07-15 19:41:23
7271,384,7,view,2026-06-11 10:58:39
7272,489,42,search,2026-07-16 10:35:55
7273,99,62,search,2026-06-25 07:38:16
7274,109,80,view,2026-06-30 06:44:50
7275,461,55,view,2026-05-10 10:48:05
7276,129,80,view,2026-05-19 10:46:38
7277,410,75,purchase,2026-06-18 10:40:11
7278,370,7,view,2026-07-13 07:38:34
7279,136,86,search,2026-05-20 20:21:15
7280,22,57,view,2026-06-18 02:35:11
7281,161,98,view,2026-06-19 02:04:23
7282,431,11,add_to_cart,2026-05-22 04:11:34
7283,91,54,search,2026-05-25 18:25:59
7284,284,41,view,2026-07-01 03:53:50
7285,326,44,view,2026-05-14 07:05:40
7286,406,78,add_to_cart,2026-05-31 03:08:42
7287,427,32,view,2026-06-23 10:10:41
7288,173,54,view,2026-05-07 09:56:34
7289,436,56,search,2026-04-26 19:46:43
7290,166,8,search,2026-05-08 09:00:11
7291,13,51,search,2026-05-14 13:33:53
7292,161,53,view,2026-06-14 21:32:59
7293,359,64,search,2026-05-13 01:07:35
7294,272,19,search,2026-06-26 21:19:06
7295,233,45,purchase,2026-07-20 10:08:19
7296,117,85,view,2026-06-12 23:49:44
7297,25,37,view,2026-06-23 05:23:15
7298,38,62,view,2026-07-19 13:39:16
7299,489,50,view,2026-05-18 12:26:22
7300,125,95,add_to_cart,2026-05-17 04:16:44
7301,36,65,add_to_cart,2026-05-23 01:10:49
7302,172,12,search,2026-05-23 23:17:07
7303,153,54,search,2026-07-17 16:42:06
7304,260,7,search,2026-06-29 10:32:50
7305,10,81,search,2026-05-14 01:16:10
7306,52,29,view,2026-06-17 10:24:08
7307,323,7,search,2026-06-30 03:15:16
7308,39,5,search,2026-06-04 01:15:22
7309,292,93,purchase,2026-06-03 19:52:36
7310,300,59,search,2026-06-07 21:06:01
7311,146,54,view,2026-06-07 23:56:42
7312,231,40,view,2026-05-23 17:18:16
7313,205,80,add_to_cart,2026-05-14 21:48:00
7314,154,65,view,2026-05-26 19:56:10
7315,489,90,view,2026-05-29 11:47:36
7316,468,95,search,2026-05-05 04:26:12
7317,30,18,view,2026-05-14 13:09:31
7318,343,41,view,2026-05-17 12:44:33
7319,30,69,search,2026-07-06 15:16:08
7320,86,25,search,2026-05-13 00:30:47
7321,393,11,view,2026-06-29 14:34:54
7322,449,9,view,2026-06-27 06:54:53
7323,312,41,view,2026-07-09 23:19:46
7324,17,60,view,2026-05-31 06:24:26
7325,154,3,view,2026-07-11 09:51:02
7326,484,55,view,2026-06-06 10:22:25
7327,172,92,view,2026-06-25 02:17:31
7328,77,96,add_to_cart,2026-05-24 09:24:59
7329,496,65,view,2026-05-09 23:19:57
7330,63,54,purchase,2026-06-18 07:45:04
7331,151,95,purchase,2026-06-27 21:04:33
7332,86,59,search,2026-07-14 19:24:08
7333,347,59,view,2026-05-11 15:07:40
7334,350,37,view,2026-06-18 17:46:02
7335,203,62,add_to_cart,2026-05-28 04:40:55
7336,104,86,view,2026-05-16 22:24:47
7337,447,100,purchase,2026-06-12 23:01:59
7338,372,27,view,2026-07-08 07:35:14
7339,69,21,view,2026-05-12 06:12:30
7340,321,34,search,2026-07-08 03:09:37
7341,335,78,add_to_cart,2026-06-21 03:55:02
7342,402,92,search,2026-05-23 20:28:31
7343,361,46,purchase,2026-06-01 00:03:47
7344,410,93,view,2026-06-20 06:05:56
7345,39,96,search,2026-06-20 09:49:33
7346,169,41,add_to_cart,2026-06-01 22:10:40
7347,396,38,purchase,2026-06-05 16:59:48
7348,154,99,view,2026-05-17 20:14:21
7349,351,1,view,2026-05-01 18:06:57
7350,226,22,view,2026-05-09 21:03:33
7351,445,68,view,2026-06-15 23:29:45
7352,224,43,view,2026-07-20 04:15:42
7353,6,9,search,2026-06-09 08:04:06
7354,462,63,search,2026-05-28 08:48:51
7355,463,6,view,2026-06-30 04:53:26
7356,189,49,view,2026-04-28 22:23:44
7357,453,79,search,2026-05-16 21:31:41
7358,256,63,view,2026-06-26 00:17:01
7359,212,6,search,2026-07-21 19:53:29
7360,302,90,view,2026-07-11 03:16:13
7361,418,40,search,2026-06-08 12:15:44
7362,291,92,view,2026-06-25 09:17:28
7363,297,31,view,2026-07-16 07:08:20
7364,256,6,search,2026-05-04 23:42:00
7365,250,13,view,2026-05-23 15:37:16
7366,8,96,view,2026-06-23 17:17:55
7367,80,88,search,2026-06-01 02:58:17
7368,165,45,view,2026-07-15 13:28:03
7369,110,63,view,2026-06-26 14:04:18
7370,111,92,search,2026-07-23 04:31:12
7371,401,26,add_to_cart,2026-07-07 12:38:37
7372,336,97,view,2026-06-30 10:30:25
7373,302,44,add_to_cart,2026-05-29 04:24:13
7374,412,7,view,2026-07-19 14:07:25
7375,239,67,add_to_cart,2026-05-01 12:43:26
7376,214,46,search,2026-05-05 08:56:27
7377,419,42,view,2026-06-04 02:07:54
7378,407,54,view,2026-06-04 14:55:11
7379,251,72,purchase,2026-07-20 06:22:32
7380,189,6,search,2026-06-04 13:04:43
7381,452,31,view,2026-06-03 06:12:50
7382,384,2,view,2026-07-19 09:41:15
7383,226,41,view,2026-06-03 20:10:06
7384,71,10,view,2026-06-20 16:53:57
7385,207,54,purchase,2026-05-12 21:39:17
7386,82,34,add_to_cart,2026-05-01 22:59:04
7387,307,20,view,2026-06-22 15:27:14
7388,245,9,search,2026-05-02 15:01:35
7389,92,83,search,2026-07-21 10:27:50
7390,339,58,add_to_cart,2026-07-20 07:31:42
7391,195,72,add_to_cart,2026-07-01 15:31:28
7392,237,75,view,2026-05-24 05:50:05
7393,316,62,search,2026-07-14 00:45:25
7394,305,81,search,2026-06-03 08:35:30
7395,446,26,view,2026-06-04 23:03:03
7396,136,8,view,2026-06-11 17:42:15
7397,378,7,view,2026-05-14 14:25:59
7398,238,74,add_to_cart,2026-05-12 11:57:14
7399,112,98,view,2026-06-18 09:52:32
7400,441,11,view,2026-05-07 15:19:00
7401,143,1,add_to_cart,2026-05-07 17:38:14
7402,291,37,view,2026-07-22 17:09:38
7403,433,99,view,2026-06-11 01:51:06
7404,238,27,purchase,2026-07-06 20:01:05
7405,363,12,search,2026-06-12 11:45:37
7406,257,32,view,2026-06-29 22:38:36
7407,392,3,add_to_cart,2026-05-29 22:29:42
7408,401,45,view,2026-06-01 09:52:52
7409,4,54,search,2026-05-11 13:59:26
7410,120,2,view,2026-05-28 12:39:16
7411,252,61,view,2026-07-05 06:10:48
7412,217,63,view,2026-06-01 17:32:20
7413,372,94,view,2026-07-08 02:47:20
7414,364,67,view,2026-05-01 00:15:08
7415,2,39,add_to_cart,2026-07-15 01:57:59
7416,429,5,view,2026-07-05 23:51:17
7417,100,61,view,2026-05-15 21:02:30
7418,456,17,view,2026-06-14 13:30:46
7419,109,91,view,2026-07-17 16:21:44
7420,420,49,view,2026-07-10 18:45:24
7421,202,17,search,2026-05-16 23:17:42
7422,478,44,add_to_cart,2026-05-02 13:29:13
7423,71,72,search,2026-07-06 19:12:09
7424,95,2,purchase,2026-07-14 18:17:49
7425,323,1,search,2026-06-05 09:19:37
7426,404,91,search,2026-05-26 16:53:14
7427,303,86,purchase,2026-05-08 04:20:59
7428,398,9,search,2026-05-14 02:47:38
7429,390,86,add_to_cart,2026-07-02 15:52:46
7430,61,13,search,2026-05-10 14:13:42
7431,302,98,view,2026-06-10 17:51:26
7432,484,78,view,2026-05-15 00:17:41
7433,383,51,view,2026-06-01 21:23:10
7434,140,51,search,2026-06-23 14:01:18
7435,190,62,view,2026-05-01 20:38:58
7436,390,32,view,2026-07-16 03:29:28
7437,203,75,search,2026-05-27 08:40:03
7438,7,25,view,2026-06-30 02:35:25
7439,295,79,view,2026-05-11 12:15:23
7440,401,85,search,2026-04-27 16:59:05
7441,137,63,view,2026-05-28 05:03:14
7442,381,89,view,2026-07-05 18:40:00
7443,64,85,view,2026-07-02 16:37:55
7444,154,95,view,2026-07-15 19:02:32
7445,417,58,purchase,2026-05-26 18:04:09
7446,251,58,add_to_cart,2026-06-20 05:19:48
7447,380,44,view,2026-07-11 23:43:56
7448,476,94,view,2026-05-30 13:15:05
7449,245,65,view,2026-04-30 16:34:15
7450,277,9,view,2026-07-17 00:38:02
7451,468,51,view,2026-05-22 06:55:10
7452,373,38,search,2026-06-22 07:37:37
7453,41,65,view,2026-07-11 07:37:03
7454,436,77,purchase,2026-05-17 19:32:44
7455,305,65,add_to_cart,2026-07-21 23:56:14
7456,4,92,view,2026-05-06 10:33:17
7457,169,76,view,2026-06-11 22:20:37
7458,250,35,search,2026-05-18 14:29:49
7459,243,93,view,2026-07-16 22:17:31
7460,217,57,view,2026-05-28 08:10:58
7461,87,66,add_to_cart,2026-05-10 21:05:21
7462,83,91,add_to_cart,2026-07-06 14:43:27
7463,237,14,add_to_cart,2026-06-27 08:30:54
7464,203,85,view,2026-06-18 10:14:10
7465,401,4,add_to_cart,2026-05-07 10:24:26
7466,337,40,search,2026-05-20 07:09:17
7467,348,100,view,2026-06-28 20:22:42
7468,449,33,search,2026-05-25 18:20:32
7469,278,62,add_to_cart,2026-06-03 10:45:03
7470,241,10,search,2026-05-17 18:58:23
7471,324,69,add_to_cart,2026-05-28 00:55:05
7472,376,44,view,2026-07-05 05:55:55
7473,20,91,add_to_cart,2026-07-16 07:36:16
7474,54,90,view,2026-05-28 08:52:53
7475,434,52,search,2026-06-13 18:25:21
7476,117,19,add_to_cart,2026-06-18 12:01:27
7477,422,84,purchase,2026-07-09 20:37:17
7478,463,47,purchase,2026-07-07 04:30:58
7479,354,97,view,2026-07-12 01:39:45
7480,9,15,search,2026-05-22 08:38:23
7481,52,20,search,2026-04-27 16:34:35
7482,251,50,view,2026-07-08 22:56:42
7483,203,86,view,2026-04-28 01:04:26
7484,427,68,view,2026-04-28 17:58:07
7485,267,18,view,2026-05-08 06:56:46
7486,17,29,add_to_cart,2026-07-02 20:02:22
7487,131,71,add_to_cart,2026-05-04 10:32:21
7488,39,21,view,2026-07-22 08:24:14
7489,345,80,view,2026-07-16 11:21:38
7490,288,55,purchase,2026-06-06 17:02:09
7491,102,3,view,2026-06-06 19:11:10
7492,136,38,search,2026-06-12 13:48:19
7493,136,49,view,2026-06-10 14:33:48
7494,2,59,search,2026-06-19 22:56:25
7495,379,90,view,2026-06-03 02:15:07
7496,397,42,view,2026-05-22 13:49:31
7497,121,76,view,2026-06-10 03:37:08
7498,20,41,view,2026-07-13 04:46:20
7499,273,26,search,2026-05-02 01:54:31
7500,239,33,search,2026-04-25 06:11:52
7501,354,96,purchase,2026-05-20 23:28:45
7502,257,71,search,2026-06-11 18:51:15
7503,452,31,search,2026-04-29 13:45:07
7504,458,46,search,2026-06-12 12:14:10
7505,259,69,view,2026-07-16 05:19:12
7506,101,43,view,2026-05-03 21:18:28
7507,86,76,add_to_cart,2026-06-04 17:22:30
7508,253,17,view,2026-06-11 19:16:55
7509,472,66,add_to_cart,2026-06-30 08:32:15
7510,19,73,view,2026-04-29 17:38:41
7511,191,2,add_to_cart,2026-07-09 09:36:56
7512,184,50,view,2026-05-25 08:11:30
7513,364,60,search,2026-04-25 23:20:40
7514,24,4,view,2026-06-20 00:20:33
7515,403,8,purchase,2026-07-23 12:58:18
7516,20,58,view,2026-06-12 21:13:01
7517,199,33,view,2026-07-22 19:23:55
7518,460,91,view,2026-05-24 17:09:14
7519,438,64,view,2026-07-15 17:00:14
7520,244,97,search,2026-07-13 08:27:18
7521,343,82,purchase,2026-06-17 13:04:31
7522,362,36,view,2026-05-05 03:07:03
7523,344,68,view,2026-06-19 13:28:06
7524,231,64,view,2026-05-15 23:27:00
7525,91,14,view,2026-04-25 23:59:17
7526,216,38,view,2026-06-27 19:39:40
7527,324,82,view,2026-07-10 16:46:10
7528,429,23,view,2026-05-01 06:57:46
7529,62,12,purchase,2026-06-20 07:22:26
7530,394,6,view,2026-05-29 00:28:46
7531,360,39,add_to_cart,2026-04-26 02:37:01
7532,345,38,view,2026-06-19 18:31:49
7533,172,9,add_to_cart,2026-05-25 03:36:03
7534,338,58,search,2026-07-05 09:29:47
7535,500,76,view,2026-06-30 01:07:45
7536,138,98,search,2026-05-18 16:23:09
7537,334,70,search,2026-06-29 16:08:04
7538,253,60,view,2026-06-05 11:30:50
7539,21,81,view,2026-05-10 18:16:54
7540,438,68,search,2026-05-25 19:08:15
7541,41,26,search,2026-07-14 10:28:33
7542,194,3,search,2026-06-18 11:41:04
7543,366,61,search,2026-06-15 12:47:46
7544,280,37,view,2026-07-01 15:31:50
7545,393,25,view,2026-05-04 09:53:28
7546,307,26,view,2026-05-10 08:24:17
7547,418,97,search,2026-05-14 13:38:50
7548,381,80,add_to_cart,2026-07-13 05:20:28
7549,272,91,view,2026-06-01 01:46:36
7550,456,49,view,2026-05-10 21:50:10
7551,4,61,view,2026-05-24 16:53:27
7552,335,11,search,2026-05-06 02:12:11
7553,135,29,add_to_cart,2026-05-04 22:45:11
7554,46,61,search,2026-04-30 04:40:12
7555,211,57,add_to_cart,2026-06-03 03:05:26
7556,275,64,view,2026-05-07 23:21:04
7557,426,86,search,2026-06-22 14:56:59
7558,86,98,view,2026-05-16 19:34:05
7559,35,20,search,2026-06-06 19:26:56
7560,199,57,view,2026-05-29 10:08:50
7561,302,80,search,2026-05-12 17:46:22
7562,144,87,add_to_cart,2026-05-15 00:33:56
7563,252,2,view,2026-06-11 04:03:20
7564,318,62,view,2026-07-18 08:46:02
7565,386,22,view,2026-06-21 16:24:09
7566,285,85,add_to_cart,2026-05-31 09:52:37
7567,201,44,search,2026-06-08 21:22:11
7568,37,25,add_to_cart,2026-05-22 01:42:43
7569,345,54,view,2026-05-19 20:01:27
7570,423,47,view,2026-07-06 01:16:18
7571,194,41,view,2026-05-29 07:31:53
7572,463,23,view,2026-07-03 12:51:46
7573,187,39,search,2026-07-13 16:11:11
7574,311,69,view,2026-07-16 19:50:49
7575,201,18,search,2026-06-27 06:36:41
7576,362,74,purchase,2026-07-02 08:56:52
7577,69,67,view,2026-05-04 19:55:52
7578,462,14,add_to_cart,2026-05-25 06:18:20
7579,443,56,view,2026-05-18 22:48:06
7580,479,30,search,2026-05-28 03:22:57
7581,45,41,view,2026-05-22 13:28:06
7582,443,54,view,2026-04-28 07:27:27
7583,390,48,view,2026-06-03 21:04:13
7584,454,69,view,2026-06-22 19:00:56
7585,326,26,search,2026-05-15 01:16:30
7586,39,75,view,2026-06-05 20:09:48
7587,201,90,view,2026-07-07 10:35:48
7588,292,41,search,2026-06-05 07:08:00
7589,31,32,add_to_cart,2026-05-23 18:14:12
7590,452,96,add_to_cart,2026-05-31 07:07:16
7591,125,89,view,2026-05-14 18:24:05
7592,472,70,search,2026-05-18 10:06:41
7593,187,80,purchase,2026-05-29 14:54:35
7594,87,36,search,2026-06-07 14:27:41
7595,32,44,view,2026-07-17 13:20:16
7596,209,93,view,2026-06-15 05:08:12
7597,383,18,view,2026-06-15 16:40:03
7598,326,1,add_to_cart,2026-05-14 08:59:23
7599,488,22,purchase,2026-06-29 11:07:44
7600,446,19,view,2026-05-31 08:47:03
7601,67,86,search,2026-06-28 22:16:45
7602,238,99,view,2026-06-30 12:15:51
7603,307,81,view,2026-06-08 15:12:51
7604,443,33,view,2026-07-03 22:33:48
7605,489,24,purchase,2026-05-15 15:26:44
7606,380,61,view,2026-06-30 04:07:53
7607,333,45,search,2026-05-21 19:25:58
7608,284,72,search,2026-07-06 17:34:47
7609,420,24,view,2026-05-04 00:43:02
7610,342,25,add_to_cart,2026-07-11 01:06:01
7611,365,20,view,2026-06-19 05:42:40
7612,171,12,search,2026-07-02 21:49:49
7613,109,90,view,2026-06-13 06:26:47
7614,456,90,view,2026-07-07 21:59:21
7615,239,24,view,2026-06-30 05:42:01
7616,347,33,add_to_cart,2026-05-03 21:56:43
7617,301,47,view,2026-05-30 10:41:46
7618,170,9,add_to_cart,2026-06-23 05:15:34
7619,103,41,search,2026-06-15 03:40:16
7620,146,11,view,2026-04-25 01:27:01
7621,31,30,view,2026-05-16 12:33:08
7622,17,26,add_to_cart,2026-05-10 02:25:27
7623,303,20,view,2026-05-13 05:37:13
7624,203,86,view,2026-06-23 03:59:39
7625,6,40,purchase,2026-06-19 23:33:42
7626,493,97,search,2026-05-31 15:13:56
7627,221,57,view,2026-07-14 03:10:59
7628,483,65,search,2026-06-06 02:36:50
7629,393,18,view,2026-05-09 01:21:54
7630,473,95,search,2026-04-30 12:07:54
7631,314,54,view,2026-06-16 03:06:26
7632,247,69,view,2026-05-23 01:52:18
7633,376,27,view,2026-06-01 05:54:28
7634,30,88,search,2026-07-13 17:08:00
7635,322,23,view,2026-06-19 16:40:58
7636,107,47,search,2026-05-11 21:43:07
7637,312,77,search,2026-06-25 20:04:03
7638,177,51,view,2026-07-18 16:14:31
7639,400,28,view,2026-05-02 06:53:38
7640,242,26,view,2026-07-16 10:12:08
7641,332,38,view,2026-05-04 17:21:59
7642,284,21,search,2026-07-20 07:56:47
7643,95,66,search,2026-05-17 14:05:15
7644,128,90,add_to_cart,2026-05-24 23:08:01
7645,364,7,search,2026-07-12 08:21:40
7646,173,86,view,2026-06-19 03:30:07
7647,48,81,view,2026-07-12 01:32:28
7648,146,33,add_to_cart,2026-07-02 09:20:23
7649,135,88,view,2026-05-03 22:28:03
7650,36,92,purchase,2026-05-04 05:14:04
7651,237,53,view,2026-05-31 03:40:46
7652,260,23,purchase,2026-05-08 15:51:13
7653,314,36,view,2026-05-25 14:24:48
7654,191,10,view,2026-04-24 23:15:39
7655,320,82,view,2026-06-23 10:51:51
7656,231,20,view,2026-06-19 12:45:43
7657,217,10,search,2026-05-04 19:36:47
7658,381,1,search,2026-06-14 21:10:25
7659,258,11,view,2026-07-04 16:40:52
7660,469,54,search,2026-07-05 12:51:27
7661,397,8,view,2026-06-01 12:34:58
7662,5,38,view,2026-04-26 10:02:35
7663,383,14,view,2026-06-23 04:15:02
7664,397,43,view,2026-07-14 05:29:48
7665,381,80,view,2026-07-13 14:23:09
7666,434,49,add_to_cart,2026-05-07 17:31:53
7667,195,36,view,2026-04-27 00:45:55
7668,252,50,search,2026-06-16 16:36:31
7669,326,37,view,2026-06-09 09:43:41
7670,135,19,add_to_cart,2026-06-05 12:22:13
7671,215,8,add_to_cart,2026-07-22 04:15:12
7672,413,36,view,2026-05-15 05:47:50
7673,469,68,search,2026-05-28 08:34:12
7674,164,96,view,2026-07-14 19:49:15
7675,9,59,view,2026-05-01 06:44:50
7676,385,2,search,2026-07-07 02:33:04
7677,107,79,search,2026-04-27 00:56:04
7678,106,32,search,2026-04-27 04:33:39
7679,214,82,add_to_cart,2026-04-27 15:58:17
7680,257,56,view,2026-05-19 05:37:08
7681,323,44,view,2026-05-16 07:14:00
7682,396,26,search,2026-06-12 05:15:03
7683,463,11,view,2026-06-19 12:42:04
7684,461,41,view,2026-07-05 02:59:57
7685,491,9,view,2026-07-22 22:44:36
7686,486,71,search,2026-05-23 03:07:03
7687,456,98,search,2026-05-09 21:59:55
7688,4,24,search,2026-06-28 21:42:29
7689,329,10,view,2026-06-27 04:00:09
7690,112,7,search,2026-07-17 03:54:07
7691,412,46,view,2026-07-15 17:27:19
7692,268,51,search,2026-05-06 09:08:36
7693,496,21,view,2026-06-05 11:17:35
7694,104,43,purchase,2026-07-16 08:07:21
7695,203,98,view,2026-07-05 05:37:35
7696,138,92,view,2026-07-06 12:18:18
7697,360,9,view,2026-06-22 00:59:27
7698,185,31,view,2026-07-13 03:55:18
7699,417,97,view,2026-04-29 03:50:49
7700,447,97,view,2026-05-19 01:00:26
7701,360,51,add_to_cart,2026-07-10 05:59:48
7702,146,72,view,2026-05-22 01:30:13
7703,185,7,search,2026-06-29 15:38:34
7704,141,62,search,2026-05-29 03:45:32
7705,158,27,search,2026-06-21 04:13:14
7706,164,20,add_to_cart,2026-06-18 06:56:52
7707,459,46,search,2026-04-26 13:42:07
7708,118,29,purchase,2026-06-14 11:07:35
7709,249,82,view,2026-05-04 00:49:29
7710,176,72,view,2026-05-18 13:47:53
7711,80,76,search,2026-06-13 17:53:45
7712,199,3,view,2026-04-30 06:24:28
7713,458,35,add_to_cart,2026-06-13 08:08:41
7714,297,85,view,2026-06-20 11:09:53
7715,17,41,view,2026-05-06 20:55:55
7716,130,60,view,2026-05-04 21:11:57
7717,35,79,view,2026-05-19 06:54:29
7718,176,33,view,2026-06-30 18:54:39
7719,141,73,view,2026-05-01 16:11:12
7720,285,16,view,2026-05-19 02:55:21
7721,431,2,view,2026-07-02 15:32:24
7722,158,46,view,2026-06-29 16:38:48
7723,303,89,view,2026-06-15 03:57:04
7724,241,43,search,2026-06-10 23:18:07
7725,458,27,view,2026-07-09 12:18:04
7726,170,77,view,2026-05-31 07:37:17
7727,4,57,view,2026-06-01 22:35:02
7728,231,94,view,2026-05-23 01:54:01
7729,484,61,view,2026-05-09 01:52:45
7730,5,72,view,2026-04-24 20:43:28
7731,120,56,search,2026-05-15 04:02:30
7732,301,82,view,2026-07-15 06:51:18
7733,82,69,search,2026-06-20 13:40:43
7734,376,37,view,2026-05-15 16:14:59
7735,348,32,search,2026-05-06 01:36:48
7736,244,3,view,2026-06-22 17:06:21
7737,469,91,view,2026-06-06 13:01:53
7738,228,17,search,2026-06-05 12:20:10
7739,253,72,view,2026-06-17 23:26:18
7740,31,28,search,2026-05-04 06:55:33
7741,258,26,view,2026-06-14 12:17:54
7742,40,59,view,2026-05-20 02:41:29
7743,389,71,view,2026-05-27 13:21:52
7744,150,63,view,2026-05-20 16:41:20
7745,99,79,add_to_cart,2026-06-13 17:25:52
7746,140,97,search,2026-04-25 19:40:52
7747,129,80,search,2026-05-29 11:01:11
7748,147,77,view,2026-07-05 14:32:41
7749,423,51,view,2026-06-27 03:44:29
7750,322,45,view,2026-06-21 23:22:04
7751,489,72,add_to_cart,2026-07-19 02:49:37
7752,144,38,search,2026-04-27 15:25:16
7753,55,11,view,2026-07-12 07:45:09
7754,361,63,add_to_cart,2026-05-24 06:47:06
7755,277,43,view,2026-06-11 05:32:56
7756,125,87,add_to_cart,2026-06-07 08:32:14
7757,281,5,view,2026-06-20 20:16:52
7758,370,6,search,2026-06-04 04:46:02
7759,278,69,view,2026-05-24 19:29:02
7760,223,50,purchase,2026-05-27 08:54:41
7761,344,62,add_to_cart,2026-05-17 08:01:27
7762,365,50,view,2026-04-27 18:02:24
7763,399,26,search,2026-05-19 01:30:35
7764,12,44,view,2026-07-21 22:04:29
7765,244,70,add_to_cart,2026-07-04 12:27:22
7766,348,13,add_to_cart,2026-06-14 02:09:35
7767,449,3,view,2026-05-05 08:13:38
7768,427,87,view,2026-07-19 12:07:50
7769,196,55,search,2026-05-21 16:38:50
7770,131,5,view,2026-07-02 23:25:34
7771,101,14,add_to_cart,2026-06-12 12:48:35
7772,398,65,view,2026-06-07 18:46:45
7773,487,9,search,2026-06-04 21:51:10
7774,345,76,view,2026-05-25 19:21:19
7775,305,60,view,2026-06-03 12:51:01
7776,152,40,search,2026-05-06 05:41:12
7777,19,34,search,2026-05-26 22:14:35
7778,268,72,add_to_cart,2026-06-04 10:45:07
7779,273,15,add_to_cart,2026-06-01 02:15:29
7780,203,62,search,2026-06-17 00:49:44
7781,39,71,purchase,2026-07-15 08:46:18
7782,467,76,add_to_cart,2026-05-10 20:26:36
7783,295,98,search,2026-06-25 23:29:15
7784,320,66,view,2026-06-26 16:13:50
7785,103,34,search,2026-06-29 03:03:36
7786,350,9,search,2026-06-02 23:13:45
7787,16,82,search,2026-05-04 09:53:35
7788,434,90,view,2026-06-18 02:33:36
7789,472,43,add_to_cart,2026-05-13 11:29:07
7790,282,92,view,2026-07-02 06:31:37
7791,483,36,view,2026-07-21 00:21:07
7792,252,27,view,2026-05-25 20:43:51
7793,225,73,view,2026-06-11 16:12:32
7794,13,64,add_to_cart,2026-06-05 23:10:03
7795,454,80,add_to_cart,2026-05-19 11:52:52
7796,328,91,add_to_cart,2026-05-03 23:32:29
7797,166,96,view,2026-04-25 04:11:41
7798,35,96,search,2026-04-28 05:26:06
7799,476,57,view,2026-04-29 02:14:06
7800,94,31,search,2026-05-06 15:45:32
7801,31,94,view,2026-07-09 00:06:41
7802,24,57,search,2026-06-22 16:05:47
7803,292,21,search,2026-06-14 14:11:49
7804,447,21,view,2026-06-18 06:11:16
7805,302,85,add_to_cart,2026-07-06 10:43:34
7806,482,40,view,2026-07-23 09:58:36
7807,127,96,view,2026-06-20 20:48:33
7808,430,63,search,2026-07-05 15:22:14
7809,359,20,add_to_cart,2026-05-31 02:29:16
7810,70,83,add_to_cart,2026-06-10 08:34:08
7811,418,25,add_to_cart,2026-06-03 07:27:24
7812,380,42,purchase,2026-06-06 22:48:53
7813,442,47,search,2026-07-14 20:38:39
7814,280,72,search,2026-06-28 11:16:29
7815,438,32,purchase,2026-06-10 17:35:49
7816,39,8,add_to_cart,2026-05-26 00:48:27
7817,117,76,search,2026-05-08 13:59:05
7818,218,83,search,2026-04-30 01:33:17
7819,484,56,search,2026-06-11 19:48:43
7820,279,16,search,2026-05-13 15:32:11
7821,431,52,view,2026-06-25 09:08:08
7822,63,61,view,2026-05-16 11:56:57
7823,424,3,view,2026-07-23 11:49:32
7824,99,45,view,2026-07-10 17:30:33
7825,35,6,view,2026-05-14 05:22:27
7826,58,53,search,2026-07-15 22:04:03
7827,297,60,view,2026-06-10 08:14:02
7828,470,1,view,2026-05-09 19:59:02
7829,272,74,purchase,2026-07-05 01:41:36
7830,417,60,view,2026-06-05 10:58:28
7831,131,95,purchase,2026-04-25 14:39:48
7832,249,98,view,2026-07-01 07:33:34
7833,278,21,search,2026-06-22 16:36:52
7834,14,89,view,2026-06-13 09:27:26
7835,328,81,view,2026-07-21 21:53:48
7836,434,53,view,2026-05-07 20:47:02
7837,104,57,view,2026-07-05 09:17:28
7838,215,40,view,2026-05-01 16:30:48
7839,241,82,purchase,2026-05-17 05:58:26
7840,344,9,view,2026-05-24 17:02:18
7841,254,35,add_to_cart,2026-05-06 22:55:14
7842,207,54,view,2026-05-22 03:56:21
7843,234,60,purchase,2026-06-13 10:58:35
7844,99,84,view,2026-05-14 12:47:56
7845,265,80,view,2026-07-01 01:30:37
7846,64,41,search,2026-07-01 23:01:21
7847,216,5,search,2026-05-12 15:38:15
7848,240,9,view,2026-04-27 13:49:43
7849,425,80,add_to_cart,2026-06-09 11:11:15
7850,137,12,add_to_cart,2026-05-09 17:36:21
7851,482,99,search,2026-07-12 21:24:03
7852,493,92,view,2026-06-06 08:07:41
7853,262,52,purchase,2026-05-22 12:37:28
7854,394,1,view,2026-07-05 03:47:39
7855,382,23,view,2026-06-24 14:33:58
7856,392,15,search,2026-06-03 16:47:47
7857,338,36,view,2026-05-16 10:14:07
7858,425,22,add_to_cart,2026-06-12 07:29:42
7859,449,56,add_to_cart,2026-06-08 23:45:47
7860,329,86,view,2026-06-17 12:01:22
7861,39,31,purchase,2026-06-14 03:06:13
7862,19,43,view,2026-05-12 20:18:56
7863,71,29,view,2026-07-12 00:14:19
7864,270,72,search,2026-07-22 07:37:01
7865,393,72,view,2026-05-29 08:41:39
7866,206,48,view,2026-05-05 09:52:39
7867,197,16,view,2026-04-25 19:00:23
7868,443,45,search,2026-06-12 00:50:48
7869,6,47,purchase,2026-05-09 21:35:30
7870,373,48,view,2026-06-02 09:34:54
7871,319,64,add_to_cart,2026-05-20 15:04:06
7872,177,12,view,2026-05-13 06:00:40
7873,212,87,search,2026-07-15 00:16:38
7874,423,70,search,2026-06-27 09:11:13
7875,108,41,search,2026-06-21 15:28:37
7876,95,52,view,2026-06-05 13:05:51
7877,14,5,view,2026-05-12 21:00:14
7878,207,86,view,2026-05-30 06:22:46
7879,52,62,add_to_cart,2026-06-20 17:45:13
7880,458,58,search,2026-05-29 23:27:08
7881,45,75,view,2026-07-18 21:46:19
7882,312,33,search,2026-05-15 20:45:27
7883,39,23,view,2026-05-13 22:10:05
7884,164,98,add_to_cart,2026-07-12 02:03:16
7885,207,68,search,2026-06-28 16:01:57
7886,38,80,purchase,2026-06-04 18:58:48
7887,417,21,view,2026-05-20 19:30:51
7888,252,98,view,2026-05-21 15:03:28
7889,413,49,view,2026-05-09 03:33:01
7890,424,56,search,2026-05-18 19:33:05
7891,95,19,view,2026-06-29 06:16:11
7892,480,34,add_to_cart,2026-07-08 20:06:02
7893,273,6,search,2026-06-13 05:34:57
7894,56,1,view,2026-06-14 23:26:59
7895,418,14,view,2026-07-03 16:02:39
7896,269,10,search,2026-06-15 16:16:13
7897,167,6,search,2026-06-17 15:36:06
7898,360,85,view,2026-06-07 03:39:56
7899,466,39,search,2026-07-07 22:01:50
7900,389,94,add_to_cart,2026-07-19 07:35:01
7901,74,18,add_to_cart,2026-06-13 17:51:32
7902,67,63,search,2026-06-22 02:35:49
7903,153,2,search,2026-06-14 07:32:06
7904,11,42,search,2026-07-12 00:10:33
7905,356,78,add_to_cart,2026-05-26 17:19:08
7906,394,66,view,2026-05-06 10:24:06
7907,165,3,view,2026-05-22 03:36:46
7908,430,4,view,2026-04-27 22:43:44
7909,332,95,view,2026-07-03 18:46:25
7910,29,44,view,2026-07-02 15:57:21
7911,135,44,purchase,2026-06-14 00:35:08
7912,434,85,view,2026-07-11 13:53:08
7913,354,76,view,2026-05-12 14:41:34
7914,63,100,view,2026-05-01 08:38:53
7915,57,53,search,2026-06-18 21:31:09
7916,190,54,view,2026-05-08 00:31:11
7917,382,10,view,2026-07-19 03:50:18
7918,177,56,purchase,2026-07-14 05:50:36
7919,256,100,view,2026-06-12 19:28:29
7920,70,20,search,2026-07-04 00:18:26
7921,438,45,search,2026-07-17 14:12:39
7922,118,51,search,2026-04-29 17:14:19
7923,278,35,search,2026-07-13 16:09:08
7924,335,34,search,2026-06-30 17:26:33
7925,436,42,search,2026-07-15 23:15:44
7926,108,50,view,2026-06-19 21:35:17
7927,94,1,view,2026-05-02 09:13:34
7928,436,34,search,2026-05-30 13:55:43
7929,252,88,view,2026-07-03 04:08:35
7930,74,98,view,2026-05-29 02:55:35
7931,295,66,search,2026-05-15 04:55:03
7932,13,37,purchase,2026-06-24 06:12:18
7933,213,8,view,2026-06-12 09:11:49
7934,340,87,search,2026-05-22 22:26:43
7935,390,13,view,2026-05-28 20:36:15
7936,24,68,view,2026-07-18 17:26:46
7937,436,91,add_to_cart,2026-07-18 21:48:09
7938,201,25,search,2026-05-07 08:24:39
7939,466,17,add_to_cart,2026-04-26 22:34:41
7940,285,19,purchase,2026-07-20 10:42:26
7941,438,71,add_to_cart,2026-06-01 03:27:13
7942,157,13,add_to_cart,2026-06-03 19:56:08
7943,58,28,search,2026-06-18 21:47:12
7944,223,100,view,2026-05-19 02:37:19
7945,200,70,view,2026-06-12 15:25:56
7946,449,2,search,2026-07-16 17:54:58
7947,303,26,search,2026-05-25 00:45:16
7948,21,67,view,2026-05-21 01:13:30
7949,381,36,add_to_cart,2026-06-29 06:41:30
7950,384,61,search,2026-05-28 23:18:31
7951,338,70,add_to_cart,2026-05-06 20:17:45
7952,353,23,view,2026-06-23 02:55:15
7953,234,48,view,2026-05-13 18:06:40
7954,111,48,search,2026-06-21 18:16:28
7955,251,19,purchase,2026-06-06 00:03:43
7956,417,21,view,2026-06-03 22:29:32
7957,322,31,view,2026-05-11 14:33:03
7958,284,44,view,2026-05-19 09:39:45
7959,75,69,view,2026-07-05 12:17:27
7960,363,91,search,2026-05-28 03:32:32
7961,210,82,purchase,2026-07-14 18:49:00
7962,336,96,search,2026-04-27 21:17:43
7963,101,18,add_to_cart,2026-04-26 10:25:01
7964,53,59,view,2026-06-29 12:47:06
7965,16,54,view,2026-05-23 11:15:31
7966,222,3,view,2026-06-01 05:50:44
7967,398,98,search,2026-05-20 16:16:47
7968,276,29,search,2026-06-28 11:09:29
7969,131,36,view,2026-07-19 04:06:46
7970,385,37,search,2026-06-24 00:45:36
7971,44,4,search,2026-05-12 19:07:24
7972,146,95,search,2026-07-14 00:04:17
7973,317,56,add_to_cart,2026-07-06 08:59:38
7974,258,60,add_to_cart,2026-06-25 13:43:29
7975,30,55,view,2026-06-10 22:20:40
7976,449,33,view,2026-06-26 10:06:59
7977,381,18,search,2026-07-02 21:08:40
7978,57,11,search,2026-04-30 16:24:22
7979,185,1,search,2026-06-13 03:48:32
7980,154,32,search,2026-07-15 20:48:50
7981,334,23,view,2026-07-10 15:22:59
7982,50,83,search,2026-06-09 05:23:15
7983,430,61,search,2026-07-06 19:31:38
7984,214,83,view,2026-07-17 20:06:37
7985,452,37,view,2026-05-26 05:12:24
7986,130,76,view,2026-06-23 12:21:52
7987,81,18,view,2026-05-29 16:06:59
7988,463,64,view,2026-07-08 11:12:15
7989,112,59,view,2026-05-29 20:50:36
7990,271,87,view,2026-05-10 17:12:09
7991,63,85,add_to_cart,2026-06-14 17:39:32
7992,213,24,view,2026-07-23 13:47:54
7993,172,68,view,2026-04-28 02:15:25
7994,138,92,view,2026-06-15 06:57:05
7995,140,75,add_to_cart,2026-07-02 18:59:10
7996,465,69,view,2026-07-14 12:11:35
7997,303,39,view,2026-07-09 19:22:46
7998,10,98,search,2026-06-28 11:38:24
7999,174,60,view,2026-06-30 12:21:36
8000,376,89,add_to_cart,2026-07-08 15:37:16
8001,335,32,view,2026-06-12 13:03:47
8002,482,77,view,2026-07-06 19:15:02
8003,287,8,add_to_cart,2026-06-19 15:46:14
8004,425,93,add_to_cart,2026-06-29 23:19:49
8005,353,23,search,2026-05-18 03:26:26
8006,81,83,search,2026-05-09 07:05:02
8007,198,40,view,2026-07-16 10:46:14
8008,253,92,search,2026-06-26 08:58:00
8009,286,76,purchase,2026-06-03 15:56:51
8010,452,57,search,2026-06-14 17:11:25
8011,400,9,search,2026-07-07 15:59:03
8012,340,67,search,2026-05-15 14:37:42
8013,433,54,search,2026-05-02 07:48:48
8014,137,74,view,2026-07-03 11:37:46
8015,177,100,search,2026-07-09 22:40:23
8016,351,18,search,2026-04-30 23:41:27
8017,70,92,search,2026-07-06 08:46:45
8018,267,23,view,2026-06-25 03:01:35
8019,206,81,view,2026-06-23 18:54:23
8020,171,59,view,2026-06-11 00:49:20
8021,342,55,view,2026-06-29 05:11:18
8022,122,65,add_to_cart,2026-06-20 08:30:43
8023,232,46,view,2026-06-18 08:18:18
8024,373,64,search,2026-06-19 01:42:20
8025,50,91,view,2026-06-24 14:10:48
8026,380,20,add_to_cart,2026-07-10 19:54:33
8027,86,3,view,2026-07-03 10:21:11
8028,388,16,view,2026-04-27 15:20:06
8029,57,96,view,2026-06-12 16:53:14
8030,498,53,search,2026-06-21 14:11:34
8031,34,51,view,2026-05-03 01:00:19
8032,200,63,view,2026-05-27 17:46:21
8033,64,33,add_to_cart,2026-07-08 04:48:40
8034,458,98,view,2026-07-01 14:30:47
8035,242,57,view,2026-07-01 09:51:21
8036,476,86,purchase,2026-04-26 01:43:50
8037,399,66,view,2026-07-02 22:52:26
8038,163,81,add_to_cart,2026-06-13 16:44:08
8039,420,62,add_to_cart,2026-05-21 04:57:28
8040,99,85,view,2026-07-16 23:53:56
8041,404,83,view,2026-07-03 16:24:19
8042,419,76,purchase,2026-06-04 19:58:44
8043,215,91,search,2026-06-23 19:48:03
8044,186,67,view,2026-04-29 01:37:29
8045,213,15,view,2026-06-20 15:17:40
8046,281,20,search,2026-04-30 22:03:58
8047,112,84,view,2026-07-22 01:42:51
8048,158,27,search,2026-05-17 12:41:14
8049,203,30,add_to_cart,2026-06-08 16:37:07
8050,228,87,view,2026-06-10 17:00:24
8051,299,57,view,2026-07-21 09:40:16
8052,435,17,view,2026-07-14 14:02:16
8053,466,43,search,2026-06-10 12:27:03
8054,201,7,view,2026-05-01 11:14:19
8055,6,39,search,2026-06-21 00:32:03
8056,267,77,view,2026-04-24 19:24:49
8057,284,62,view,2026-07-20 15:35:06
8058,416,81,view,2026-06-13 05:27:30
8059,18,53,view,2026-06-27 19:48:58
8060,345,77,view,2026-07-15 11:55:24
8061,163,51,view,2026-07-02 10:46:44
8062,250,78,search,2026-07-14 12:59:06
8063,402,35,view,2026-07-10 18:24:39
8064,453,12,view,2026-07-06 14:18:57
8065,107,38,search,2026-05-30 11:09:05
8066,238,55,search,2026-07-12 07:43:28
8067,151,95,view,2026-05-09 15:04:02
8068,215,97,view,2026-07-16 00:02:04
8069,343,48,search,2026-07-19 11:56:43
8070,222,42,search,2026-07-04 08:36:05
8071,443,49,view,2026-05-25 19:07:31
8072,439,2,view,2026-06-18 02:30:21
8073,460,12,search,2026-06-27 21:44:14
8074,300,23,search,2026-05-16 11:00:47
8075,393,77,view,2026-06-08 11:51:20
8076,235,35,add_to_cart,2026-06-04 00:32:41
8077,453,87,purchase,2026-05-01 16:46:42
8078,113,88,view,2026-05-19 23:37:23
8079,365,90,search,2026-06-22 16:37:30
8080,126,85,view,2026-05-17 16:13:41
8081,63,99,search,2026-05-11 19:17:54
8082,268,43,view,2026-05-23 15:42:55
8083,157,29,search,2026-07-07 16:46:29
8084,22,75,view,2026-06-24 20:00:46
8085,362,44,view,2026-06-02 15:13:20
8086,133,3,view,2026-06-01 22:50:05
8087,124,50,view,2026-07-23 13:49:15
8088,72,7,view,2026-05-02 04:59:53
8089,238,34,view,2026-06-13 06:25:14
8090,280,95,purchase,2026-07-12 08:04:03
8091,430,83,view,2026-05-23 21:11:01
8092,301,14,view,2026-07-05 15:28:23
8093,393,47,search,2026-07-20 07:33:38
8094,456,26,add_to_cart,2026-06-30 11:48:48
8095,439,61,search,2026-06-28 20:11:52
8096,380,32,search,2026-05-30 03:19:03
8097,100,62,add_to_cart,2026-07-19 19:32:41
8098,102,98,add_to_cart,2026-05-25 11:29:54
8099,348,96,search,2026-06-06 11:53:21
8100,279,61,search,2026-05-27 04:49:37
8101,221,39,search,2026-06-20 11:40:30
8102,431,99,view,2026-05-03 08:50:47
8103,113,89,search,2026-06-22 11:10:33
8104,234,78,search,2026-05-04 00:59:18
8105,202,38,search,2026-05-12 11:40:13
8106,500,62,view,2026-06-27 11:39:04
8107,80,74,view,2026-07-09 01:06:36
8108,422,14,view,2026-05-07 04:55:57
8109,239,66,search,2026-06-09 10:29:22
8110,496,34,view,2026-05-09 21:58:30
8111,37,32,view,2026-06-16 15:03:24
8112,321,37,view,2026-06-12 05:29:54
8113,290,11,search,2026-07-05 17:41:46
8114,364,9,search,2026-05-11 11:40:18
8115,424,81,search,2026-04-30 20:09:06
8116,435,76,view,2026-06-03 20:59:47
8117,456,11,view,2026-06-28 09:57:49
8118,223,44,search,2026-05-09 21:45:30
8119,98,29,search,2026-05-29 19:29:23
8120,81,89,search,2026-06-17 17:30:08
8121,295,86,view,2026-07-20 22:08:02
8122,265,25,view,2026-06-28 11:02:51
8123,95,99,view,2026-07-09 06:31:06
8124,431,23,search,2026-05-16 08:12:57
8125,485,31,view,2026-05-08 15:57:08
8126,326,57,search,2026-06-12 01:08:34
8127,62,48,search,2026-05-13 12:50:58
8128,216,77,search,2026-05-23 20:51:34
8129,292,21,view,2026-06-28 04:44:00
8130,194,95,view,2026-06-03 17:55:48
8131,169,87,view,2026-04-27 23:53:14
8132,276,88,view,2026-06-14 04:33:52
8133,151,14,search,2026-07-23 08:30:33
8134,75,71,add_to_cart,2026-07-04 04:42:15
8135,415,7,search,2026-04-29 11:30:50
8136,323,62,view,2026-07-05 13:28:00
8137,194,45,search,2026-07-06 06:06:10
8138,407,44,search,2026-06-26 20:51:36
8139,8,41,search,2026-05-05 06:45:08
8140,2,72,add_to_cart,2026-06-17 16:46:20
8141,412,54,view,2026-06-11 11:05:26
8142,488,34,view,2026-06-05 23:14:53
8143,47,76,view,2026-06-15 07:17:28
8144,492,99,search,2026-06-05 03:30:15
8145,229,25,add_to_cart,2026-07-10 00:07:19
8146,381,38,view,2026-05-26 19:10:07
8147,150,29,view,2026-07-13 01:21:54
8148,270,57,view,2026-06-19 10:45:15
8149,248,30,view,2026-06-10 06:24:16
8150,345,19,view,2026-07-17 17:22:39
8151,419,56,add_to_cart,2026-05-11 05:48:57
8152,302,15,search,2026-05-01 22:06:37
8153,213,1,view,2026-06-10 19:00:52
8154,177,27,search,2026-06-25 17:36:47
8155,300,32,view,2026-05-25 02:55:22
8156,30,42,purchase,2026-05-05 21:44:20
8157,360,38,view,2026-07-21 21:30:57
8158,381,1,view,2026-05-07 09:17:53
8159,454,54,view,2026-06-10 03:21:01
8160,385,73,view,2026-06-21 11:54:48
8161,45,35,view,2026-06-20 18:01:53
8162,293,58,view,2026-06-03 11:42:28
8163,231,3,search,2026-07-06 15:11:31
8164,447,41,search,2026-06-22 14:18:17
8165,334,12,view,2026-05-23 15:32:32
8166,292,93,view,2026-06-06 00:38:07
8167,223,27,search,2026-06-26 09:17:17
8168,317,68,view,2026-06-07 10:34:14
8169,489,39,search,2026-06-21 12:54:08
8170,413,88,view,2026-06-27 06:20:31
8171,222,58,view,2026-05-05 16:54:35
8172,486,81,search,2026-05-19 06:58:45
8173,161,34,purchase,2026-07-03 21:14:40
8174,360,50,view,2026-06-05 23:00:45
8175,150,73,view,2026-05-27 14:51:58
8176,289,33,view,2026-06-10 15:24:03
8177,170,31,view,2026-05-10 00:47:15
8178,47,19,view,2026-05-21 07:54:43
8179,309,59,view,2026-05-31 22:39:12
8180,496,10,search,2026-07-22 18:53:08
8181,372,11,add_to_cart,2026-07-07 02:33:41
8182,337,67,view,2026-05-30 22:56:35
8183,296,76,add_to_cart,2026-06-15 22:22:52
8184,135,17,search,2026-07-12 17:45:44
8185,357,6,search,2026-04-27 11:23:47
8186,35,42,search,2026-05-25 17:59:27
8187,174,45,search,2026-06-06 06:01:30
8188,140,49,view,2026-05-30 01:59:22
8189,173,5,view,2026-06-18 18:54:29
8190,39,74,view,2026-05-24 02:54:31
8191,114,38,view,2026-07-17 04:22:29
8192,396,95,add_to_cart,2026-05-04 17:24:55
8193,83,25,search,2026-05-18 16:31:35
8194,33,100,purchase,2026-06-03 04:05:18
8195,209,31,view,2026-07-18 21:16:35
8196,482,25,add_to_cart,2026-05-30 11:33:34
8197,366,61,view,2026-07-21 18:09:56
8198,500,75,search,2026-04-26 15:58:57
8199,342,51,purchase,2026-05-09 21:34:15
8200,302,24,search,2026-05-06 08:46:14
8201,357,52,add_to_cart,2026-06-14 17:12:33
8202,294,72,view,2026-06-24 19:13:02
8203,202,82,view,2026-06-26 23:29:38
8204,330,19,search,2026-07-10 02:21:58
8205,287,25,view,2026-06-04 23:12:16
8206,152,7,search,2026-06-09 05:35:27
8207,277,29,search,2026-07-12 15:22:59
8208,309,93,view,2026-06-06 04:08:54
8209,235,53,view,2026-06-12 05:01:24
8210,396,73,purchase,2026-06-12 13:42:24
8211,491,42,add_to_cart,2026-04-25 19:00:29
8212,480,97,view,2026-06-26 02:23:45
8213,183,36,purchase,2026-06-27 23:04:23
8214,28,57,search,2026-06-22 00:33:50
8215,243,21,add_to_cart,2026-07-20 13:53:58
8216,439,99,search,2026-06-30 08:10:59
8217,48,3,add_to_cart,2026-06-23 03:29:00
8218,141,91,view,2026-05-09 00:54:47
8219,246,46,view,2026-06-13 21:16:40
8220,100,45,view,2026-05-17 18:42:49
8221,10,43,search,2026-06-28 19:55:54
8222,47,95,view,2026-06-12 05:51:18
8223,74,9,view,2026-05-25 17:31:18
8224,126,75,search,2026-07-08 12:47:53
8225,437,57,view,2026-07-11 12:48:02
8226,383,41,search,2026-07-03 07:02:30
8227,354,71,view,2026-04-28 00:59:01
8228,305,86,search,2026-04-25 09:42:45
8229,297,43,search,2026-07-07 23:12:27
8230,124,89,search,2026-04-24 22:14:02
8231,223,26,search,2026-05-27 14:21:48
8232,371,81,view,2026-06-06 04:13:39
8233,313,28,add_to_cart,2026-05-30 17:27:21
8234,20,99,view,2026-07-01 12:01:09
8235,14,45,view,2026-05-13 03:31:05
8236,28,53,search,2026-06-07 05:59:20
8237,113,9,search,2026-06-15 15:04:15
8238,63,41,view,2026-05-18 05:44:09
8239,332,58,search,2026-07-14 02:18:38
8240,113,62,add_to_cart,2026-06-14 06:21:53
8241,206,29,view,2026-07-18 21:35:59
8242,493,72,search,2026-05-05 13:11:57
8243,176,93,search,2026-05-24 19:49:58
8244,50,29,view,2026-06-10 06:14:40
8245,147,1,add_to_cart,2026-06-05 01:57:18
8246,417,25,search,2026-07-14 04:29:05
8247,317,48,search,2026-04-27 22:44:49
8248,247,72,view,2026-07-23 03:54:43
8249,301,27,purchase,2026-06-04 23:30:13
8250,472,98,search,2026-05-06 17:07:21
8251,256,57,view,2026-06-15 17:24:11
8252,241,55,view,2026-06-03 21:12:00
8253,28,52,view,2026-05-30 18:28:14
8254,216,73,view,2026-07-09 21:27:23
8255,150,95,add_to_cart,2026-07-10 11:39:02
8256,203,38,view,2026-04-25 00:03:51
8257,199,96,search,2026-06-28 16:09:05
8258,269,62,add_to_cart,2026-05-07 09:56:14
8259,218,2,view,2026-05-12 01:46:41
8260,204,89,add_to_cart,2026-07-06 09:48:02
8261,319,84,search,2026-06-12 11:15:24
8262,328,9,view,2026-06-16 04:42:10
8263,199,42,search,2026-05-09 09:29:46
8264,130,44,view,2026-05-23 01:22:47
8265,459,47,search,2026-06-24 19:23:54
8266,94,6,search,2026-05-09 13:22:53
8267,176,15,view,2026-05-22 12:05:30
8268,50,48,view,2026-06-09 01:03:08
8269,443,98,view,2026-05-18 11:14:32
8270,71,52,view,2026-06-14 11:43:57
8271,403,16,view,2026-06-29 18:48:53
8272,500,15,view,2026-06-25 09:12:45
8273,224,81,view,2026-06-06 02:42:22
8274,53,30,search,2026-04-26 07:50:57
8275,426,36,view,2026-06-27 05:56:06
8276,219,6,view,2026-07-18 08:13:33
8277,195,43,search,2026-04-28 00:05:35
8278,385,71,search,2026-05-07 08:16:12
8279,376,62,view,2026-07-18 13:57:21
8280,342,80,search,2026-07-23 16:47:05
8281,392,50,view,2026-07-10 09:02:22
8282,192,80,view,2026-06-06 03:33:57
8283,390,45,search,2026-07-16 11:03:49
8284,390,65,add_to_cart,2026-07-23 01:32:57
8285,410,29,search,2026-06-01 22:32:43
8286,130,72,view,2026-05-23 03:31:27
8287,293,18,add_to_cart,2026-05-24 06:22:04
8288,222,42,search,2026-07-22 16:12:19
8289,448,13,view,2026-06-14 14:01:03
8290,439,29,view,2026-04-30 23:38:25
8291,475,98,search,2026-07-18 07:03:11
8292,386,86,view,2026-05-21 03:12:35
8293,389,82,add_to_cart,2026-06-23 04:27:48
8294,379,91,view,2026-07-01 21:39:04
8295,152,86,search,2026-07-08 12:15:23
8296,24,94,view,2026-05-29 08:51:08
8297,130,76,add_to_cart,2026-07-02 15:36:34
8298,328,3,view,2026-07-18 11:15:37
8299,436,71,add_to_cart,2026-06-16 12:03:02
8300,486,95,view,2026-06-25 01:38:58
8301,103,41,view,2026-04-25 16:56:07
8302,416,74,view,2026-07-05 10:27:04
8303,267,7,search,2026-06-12 10:43:01
8304,272,27,view,2026-07-13 18:35:59
8305,9,76,search,2026-05-05 22:40:35
8306,242,53,purchase,2026-07-22 03:54:58
8307,336,14,view,2026-04-26 10:34:51
8308,140,81,search,2026-05-31 13:53:29
8309,361,14,search,2026-06-17 01:31:34
8310,57,47,view,2026-05-31 16:54:26
8311,156,42,view,2026-06-03 09:45:35
8312,235,20,view,2026-05-17 04:48:29
8313,69,20,add_to_cart,2026-05-15 23:27:07
8314,254,14,view,2026-06-02 18:48:08
8315,356,65,view,2026-05-11 10:21:07
8316,467,21,search,2026-07-19 18:28:28
8317,351,46,add_to_cart,2026-07-10 14:02:34
8318,449,82,search,2026-05-24 17:16:05
8319,294,36,view,2026-06-17 15:10:27
8320,35,81,search,2026-06-12 19:13:20
8321,370,58,view,2026-07-21 10:56:07
8322,141,84,view,2026-07-07 08:21:55
8323,209,100,view,2026-06-04 21:45:23
8324,21,36,view,2026-07-14 00:03:40
8325,49,34,add_to_cart,2026-07-08 11:17:07
8326,156,58,view,2026-06-04 05:39:24
8327,206,5,add_to_cart,2026-05-20 04:42:46
8328,465,14,view,2026-06-05 11:21:39
8329,160,37,purchase,2026-06-29 22:40:21
8330,397,65,search,2026-05-08 15:17:15
8331,359,54,search,2026-05-22 11:02:19
8332,438,48,view,2026-06-27 18:38:45
8333,404,74,search,2026-05-05 19:52:26
8334,134,94,add_to_cart,2026-06-17 20:36:28
8335,26,33,search,2026-06-10 19:26:26
8336,259,18,view,2026-05-13 02:16:49
8337,492,71,add_to_cart,2026-06-06 20:13:28
8338,152,77,view,2026-05-26 06:58:42
8339,443,22,view,2026-05-11 13:37:24
8340,498,61,search,2026-04-24 22:43:30
8341,426,63,view,2026-06-29 07:57:39
8342,74,40,view,2026-07-15 17:43:23
8343,462,35,view,2026-05-11 06:01:18
8344,262,89,view,2026-05-28 21:59:19
8345,118,37,view,2026-05-29 00:07:39
8346,211,50,view,2026-05-13 21:10:10
8347,91,56,search,2026-07-14 09:42:56
8348,53,27,search,2026-05-06 15:23:41
8349,417,47,view,2026-07-15 12:08:56
8350,6,74,search,2026-05-21 05:35:40
8351,82,81,view,2026-05-08 10:27:40
8352,290,44,view,2026-06-02 17:42:12
8353,324,65,search,2026-06-13 06:44:15
8354,168,83,add_to_cart,2026-07-23 07:01:00
8355,108,90,view,2026-05-09 21:23:34
8356,285,10,view,2026-05-12 23:28:35
8357,127,40,view,2026-06-28 04:11:53
8358,114,85,search,2026-06-11 03:50:41
8359,318,14,search,2026-05-18 19:28:50
8360,95,53,view,2026-06-07 12:40:16
8361,152,32,view,2026-06-03 11:05:38
8362,79,58,view,2026-07-03 17:06:55
8363,259,57,view,2026-07-19 08:28:34
8364,369,43,add_to_cart,2026-07-10 18:01:58
8365,306,16,search,2026-07-15 16:56:39
8366,183,98,view,2026-06-07 01:07:48
8367,384,91,view,2026-05-23 06:38:59
8368,350,88,view,2026-06-19 13:19:22
8369,177,35,search,2026-05-13 12:50:25
8370,479,10,view,2026-06-11 04:28:34
8371,214,82,add_to_cart,2026-05-09 22:51:30
8372,438,97,add_to_cart,2026-06-03 09:47:47
8373,303,34,search,2026-06-22 07:24:27
8374,4,88,view,2026-06-02 23:14:11
8375,390,55,add_to_cart,2026-06-26 10:44:23
8376,301,27,search,2026-04-27 19:02:27
8377,118,10,view,2026-07-21 06:44:14
8378,431,92,search,2026-07-18 14:19:01
8379,63,62,view,2026-04-26 03:34:48
8380,211,32,view,2026-07-22 13:29:23
8381,128,71,search,2026-05-16 05:26:45
8382,117,26,view,2026-05-25 16:08:51
8383,484,86,add_to_cart,2026-07-04 09:37:45
8384,57,66,view,2026-06-02 08:29:56
8385,245,36,search,2026-04-25 19:27:56
8386,99,32,view,2026-06-15 22:05:58
8387,34,16,add_to_cart,2026-05-16 06:32:56
8388,301,68,add_to_cart,2026-07-05 07:48:03
8389,369,83,add_to_cart,2026-05-13 12:59:29
8390,41,15,view,2026-07-08 22:41:38
8391,402,31,search,2026-06-16 13:05:12
8392,56,47,view,2026-05-19 23:07:00
8393,491,12,add_to_cart,2026-06-20 00:05:52
8394,488,11,view,2026-05-31 08:53:11
8395,469,55,view,2026-06-04 12:17:21
8396,113,31,search,2026-05-29 00:06:54
8397,35,38,view,2026-05-08 09:57:40
8398,249,84,view,2026-05-08 15:33:38
8399,195,64,search,2026-06-22 11:06:14
8400,82,19,add_to_cart,2026-05-27 10:04:25
8401,62,82,search,2026-07-01 07:34:58
8402,92,55,purchase,2026-05-04 08:26:44
8403,482,100,view,2026-04-28 21:31:11
8404,251,17,view,2026-06-15 02:34:26
8405,177,5,view,2026-07-17 20:01:52
8406,289,79,add_to_cart,2026-06-11 21:48:08
8407,392,3,view,2026-07-02 13:22:36
8408,369,68,view,2026-06-18 12:02:54
8409,366,62,search,2026-05-12 13:39:43
8410,256,68,view,2026-05-31 00:56:19
8411,30,69,view,2026-06-17 08:07:05
8412,55,98,view,2026-07-12 07:23:19
8413,404,21,view,2026-04-28 18:51:49
8414,269,29,view,2026-05-13 17:41:32
8415,32,68,search,2026-06-07 17:30:21
8416,49,36,search,2026-06-19 21:12:47
8417,11,25,search,2026-06-22 05:37:18
8418,98,4,add_to_cart,2026-05-27 20:19:22
8419,480,95,search,2026-05-11 21:41:35
8420,242,6,view,2026-06-25 02:52:23
8421,110,84,add_to_cart,2026-06-11 12:31:27
8422,174,66,add_to_cart,2026-07-20 09:27:55
8423,393,58,search,2026-07-03 06:05:06
8424,320,68,search,2026-04-30 20:07:14
8425,141,22,view,2026-06-15 10:55:24
8426,72,43,add_to_cart,2026-05-09 12:49:21
8427,358,27,view,2026-06-19 12:40:05
8428,276,86,search,2026-07-08 13:16:59
8429,203,33,view,2026-05-23 12:27:27
8430,356,86,add_to_cart,2026-05-18 20:51:26
8431,329,88,purchase,2026-07-20 09:42:41
8432,185,63,search,2026-05-30 10:09:46
8433,183,31,search,2026-06-12 19:48:01
8434,321,52,search,2026-05-29 18:16:11
8435,360,35,view,2026-04-29 18:29:28
8436,34,61,add_to_cart,2026-07-14 09:47:38
8437,343,23,search,2026-05-20 21:15:59
8438,456,55,view,2026-06-03 14:58:21
8439,359,67,view,2026-07-15 11:41:39
8440,216,47,purchase,2026-06-26 18:39:47
8441,224,83,view,2026-07-14 10:46:53
8442,209,70,view,2026-06-11 13:27:23
8443,221,5,view,2026-07-05 17:18:36
8444,300,96,view,2026-04-27 18:06:33
8445,370,75,view,2026-05-12 23:47:50
8446,71,57,search,2026-05-03 22:24:13
8447,379,10,search,2026-07-08 01:42:05
8448,222,76,search,2026-04-24 22:34:17
8449,172,25,view,2026-05-05 09:21:34
8450,489,97,view,2026-06-04 13:10:02
8451,348,54,view,2026-05-05 22:16:12
8452,29,11,view,2026-04-27 17:16:59
8453,54,80,search,2026-07-23 03:48:38
8454,128,42,view,2026-07-16 03:51:29
8455,262,22,purchase,2026-07-12 07:13:19
8456,234,7,search,2026-05-14 19:33:48
8457,46,50,search,2026-05-07 09:02:19
8458,461,50,view,2026-05-16 17:20:49
8459,141,15,view,2026-05-23 03:24:58
8460,31,71,purchase,2026-05-13 04:29:44
8461,62,1,view,2026-05-03 00:47:31
8462,418,58,view,2026-07-10 19:05:58
8463,350,38,view,2026-07-23 03:42:27
8464,446,33,view,2026-07-07 17:36:17
8465,67,78,search,2026-06-19 07:26:58
8466,222,4,search,2026-06-21 18:32:29
8467,429,2,view,2026-07-14 07:12:30
8468,459,43,view,2026-06-06 12:36:36
8469,485,30,search,2026-05-09 23:35:29
8470,487,54,purchase,2026-05-30 03:06:38
8471,359,48,view,2026-07-11 08:40:17
8472,261,31,view,2026-05-20 07:36:13
8473,67,31,search,2026-04-27 10:36:38
8474,94,91,view,2026-06-14 21:39:26
8475,476,97,view,2026-05-04 04:59:10
8476,32,51,view,2026-07-05 19:11:26
8477,256,3,view,2026-06-20 03:10:04
8478,104,25,view,2026-06-06 23:44:13
8479,268,57,view,2026-06-28 04:58:31
8480,189,75,view,2026-06-09 10:08:54
8481,50,64,view,2026-05-09 09:17:13
8482,80,92,view,2026-06-29 22:51:52
8483,375,80,add_to_cart,2026-06-11 14:18:14
8484,420,87,search,2026-05-10 13:22:44
8485,240,16,view,2026-06-08 19:38:03
8486,313,80,search,2026-07-15 15:37:32
8487,314,77,add_to_cart,2026-05-05 21:50:14
8488,244,94,search,2026-05-18 21:54:46
8489,58,62,purchase,2026-05-25 12:18:13
8490,70,12,view,2026-05-10 11:40:18
8491,436,34,view,2026-05-23 03:14:52
8492,425,65,view,2026-05-30 01:51:02
8493,191,54,view,2026-05-01 22:20:23
8494,404,27,view,2026-07-23 08:00:53
8495,447,61,add_to_cart,2026-07-19 14:44:50
8496,431,34,view,2026-07-20 06:04:10
8497,2,88,view,2026-06-21 16:25:52
8498,200,40,add_to_cart,2026-05-25 12:50:29
8499,394,7,search,2026-06-09 21:15:25
8500,447,1,view,2026-04-25 10:23:50
8501,75,84,purchase,2026-05-03 12:33:04
8502,296,52,add_to_cart,2026-05-03 09:13:39
8503,280,4,view,2026-05-14 17:46:00
8504,390,5,view,2026-06-28 23:10:31
8505,79,58,view,2026-05-16 05:33:31
8506,54,86,purchase,2026-06-25 00:28:57
8507,390,12,view,2026-04-27 14:03:56
8508,151,41,view,2026-05-31 16:06:41
8509,220,55,view,2026-04-27 16:29:14
8510,37,73,view,2026-07-08 21:59:44
8511,390,95,add_to_cart,2026-05-22 22:36:12
8512,81,100,view,2026-04-30 06:27:55
8513,429,57,search,2026-05-09 03:12:49
8514,177,10,view,2026-07-18 04:28:13
8515,171,27,view,2026-06-30 13:22:56
8516,108,39,purchase,2026-07-02 09:20:19
8517,40,16,view,2026-06-09 15:17:35
8518,198,38,search,2026-06-06 02:10:32
8519,91,36,add_to_cart,2026-06-14 23:47:06
8520,92,17,view,2026-07-15 13:17:52
8521,36,83,view,2026-07-19 08:59:13
8522,184,17,search,2026-07-11 01:15:39
8523,47,55,add_to_cart,2026-05-20 02:53:36
8524,243,8,view,2026-07-12 00:47:40
8525,358,45,view,2026-07-01 20:07:30
8526,210,79,view,2026-05-21 19:21:34
8527,417,55,view,2026-05-08 23:16:31
8528,38,97,view,2026-06-04 22:39:22
8529,158,42,view,2026-07-23 13:28:25
8530,142,13,add_to_cart,2026-07-06 17:29:42
8531,166,75,search,2026-04-25 15:18:45
8532,260,5,search,2026-06-26 09:21:30
8533,500,37,view,2026-06-30 19:16:43
8534,131,61,purchase,2026-06-27 03:16:39
8535,62,29,search,2026-05-22 22:12:36
8536,385,55,search,2026-07-10 09:19:29
8537,147,81,view,2026-06-30 01:57:21
8538,8,64,search,2026-07-16 00:38:52
8539,415,6,search,2026-06-15 16:56:01
8540,259,74,add_to_cart,2026-07-06 11:18:46
8541,200,58,search,2026-04-29 21:45:20
8542,69,72,add_to_cart,2026-06-14 20:47:57
8543,138,2,view,2026-07-01 05:41:34
8544,404,42,search,2026-05-21 17:34:14
8545,384,37,view,2026-07-15 01:18:31
8546,300,31,view,2026-07-01 21:09:11
8547,136,48,purchase,2026-07-14 06:35:22
8548,393,78,view,2026-06-05 15:44:19
8549,460,78,view,2026-05-03 19:34:58
8550,400,55,search,2026-05-29 16:30:24
8551,98,47,add_to_cart,2026-05-02 03:19:36
8552,400,90,view,2026-07-17 11:03:32
8553,199,7,view,2026-04-25 02:36:29
8554,484,73,view,2026-04-26 12:15:56
8555,49,96,view,2026-05-26 12:07:51
8556,373,51,search,2026-07-01 08:05:49
8557,272,35,search,2026-07-05 08:08:49
8558,372,46,view,2026-04-26 18:34:06
8559,203,93,search,2026-05-29 02:39:35
8560,19,77,view,2026-07-23 04:46:46
8561,342,20,search,2026-06-15 05:32:11
8562,164,58,search,2026-06-01 15:09:30
8563,242,65,view,2026-05-14 15:53:13
8564,447,78,search,2026-07-20 06:57:47
8565,108,37,view,2026-06-25 09:45:42
8566,56,12,search,2026-07-17 09:17:02
8567,165,5,add_to_cart,2026-07-03 17:15:08
8568,436,82,add_to_cart,2026-07-10 08:07:37
8569,233,23,search,2026-06-13 11:58:15
8570,388,79,view,2026-06-15 10:26:15
8571,443,96,search,2026-06-01 22:34:18
8572,302,26,view,2026-05-06 15:03:43
8573,94,86,add_to_cart,2026-06-08 09:45:16
8574,350,43,search,2026-07-18 23:24:31
8575,332,20,search,2026-07-19 05:21:58
8576,101,27,view,2026-05-02 14:31:45
8577,114,43,view,2026-06-12 02:20:44
8578,87,45,view,2026-06-30 17:11:01
8579,428,28,search,2026-05-28 02:43:07
8580,459,55,view,2026-05-11 16:31:19
8581,417,59,search,2026-05-20 01:42:52
8582,55,25,view,2026-05-11 15:36:12
8583,299,84,search,2026-05-13 00:35:55
8584,91,26,view,2026-06-11 11:15:58
8585,142,90,view,2026-05-19 09:48:37
8586,112,13,search,2026-05-24 18:17:30
8587,435,20,view,2026-05-19 05:44:00
8588,114,5,view,2026-05-17 20:42:47
8589,290,34,view,2026-06-26 18:27:58
8590,306,59,view,2026-07-02 12:56:21
8591,370,37,view,2026-04-29 14:32:06
8592,399,43,purchase,2026-05-07 21:49:41
8593,399,43,view,2026-07-18 04:04:57
8594,385,1,add_to_cart,2026-06-19 12:09:28
8595,223,46,search,2026-07-05 11:30:06
8596,415,71,view,2026-06-22 17:19:36
8597,486,91,search,2026-06-02 02:21:58
8598,185,86,search,2026-06-11 03:29:48
8599,129,59,search,2026-06-07 18:33:55
8600,94,29,search,2026-06-24 13:41:58
8601,58,55,purchase,2026-07-09 21:57:13
8602,41,17,search,2026-05-02 23:16:57
8603,146,42,view,2026-06-27 18:17:06
8604,382,10,view,2026-05-14 20:31:05
8605,30,14,view,2026-05-26 13:45:37
8606,117,48,add_to_cart,2026-06-29 09:10:48
8607,26,23,add_to_cart,2026-06-03 00:47:34
8608,345,36,purchase,2026-07-14 12:25:37
8609,470,37,search,2026-07-18 20:17:09
8610,62,22,view,2026-07-13 14:16:05
8611,439,17,view,2026-07-16 19:55:25
8612,107,5,search,2026-07-09 23:03:52
8613,153,68,search,2026-07-19 18:43:11
8614,426,61,view,2026-07-08 06:56:51
8615,459,98,search,2026-05-24 06:22:47
8616,128,75,add_to_cart,2026-05-04 21:19:31
8617,153,62,view,2026-06-14 20:34:29
8618,217,72,add_to_cart,2026-06-14 02:50:13
8619,127,62,search,2026-05-06 17:45:17
8620,137,15,view,2026-07-05 14:47:32
8621,332,24,view,2026-06-26 18:30:41
8622,32,67,view,2026-07-12 07:49:05
8623,358,27,view,2026-05-30 20:45:40
8624,63,80,view,2026-07-23 13:25:07
8625,272,70,view,2026-07-03 01:39:44
8626,359,70,search,2026-07-08 17:22:07
8627,488,32,search,2026-05-13 20:54:08
8628,270,82,view,2026-06-26 19:43:29
8629,267,95,add_to_cart,2026-06-16 12:02:36
8630,77,13,view,2026-05-14 23:45:09
8631,271,8,search,2026-06-19 12:35:20
8632,164,51,view,2026-07-15 11:47:42
8633,224,41,view,2026-06-06 09:27:11
8634,293,2,view,2026-07-22 10:18:15
8635,142,46,view,2026-06-13 00:06:03
8636,311,17,add_to_cart,2026-07-22 18:20:15
8637,163,71,search,2026-06-28 11:36:04
8638,77,100,search,2026-06-28 13:01:49
8639,333,23,search,2026-07-06 03:26:29
8640,141,67,purchase,2026-04-30 08:06:55
8641,489,18,search,2026-06-15 15:34:02
8642,171,63,view,2026-06-17 10:25:19
8643,463,22,purchase,2026-06-13 18:08:08
8644,292,95,view,2026-06-08 19:25:01
8645,40,48,view,2026-05-23 07:57:54
8646,60,42,add_to_cart,2026-07-12 01:10:57
8647,143,28,search,2026-06-07 00:53:42
8648,468,3,view,2026-06-04 02:37:39
8649,412,64,view,2026-07-20 03:18:01
8650,399,90,view,2026-07-08 00:55:24
8651,142,12,view,2026-07-10 07:01:18
8652,40,92,view,2026-05-03 18:27:48
8653,62,76,view,2026-07-05 21:41:21
8654,134,4,search,2026-06-11 07:01:03
8655,127,93,view,2026-05-13 04:31:21
8656,157,88,view,2026-06-11 01:24:20
8657,296,80,view,2026-06-09 00:06:50
8658,6,100,add_to_cart,2026-06-10 20:41:50
8659,342,81,search,2026-04-27 09:05:53
8660,251,13,add_to_cart,2026-06-20 02:12:48
8661,87,7,add_to_cart,2026-05-22 13:20:37
8662,226,67,view,2026-06-10 00:07:40
8663,91,13,view,2026-07-14 02:44:00
8664,166,58,purchase,2026-05-23 16:46:37
8665,80,39,view,2026-05-20 22:14:42
8666,288,32,view,2026-07-19 01:27:43
8667,480,42,view,2026-06-04 22:27:00
8668,204,18,search,2026-06-22 12:55:16
8669,14,43,search,2026-05-15 23:00:11
8670,234,57,search,2026-05-06 07:51:33
8671,81,4,add_to_cart,2026-05-10 03:20:27
8672,452,94,view,2026-05-28 06:19:46
8673,288,71,add_to_cart,2026-06-22 11:36:13
8674,13,30,view,2026-07-01 20:10:52
8675,200,2,add_to_cart,2026-06-15 20:37:02
8676,58,73,search,2026-07-11 14:23:13
8677,480,54,search,2026-07-11 10:54:10
8678,452,34,view,2026-06-05 23:41:57
8679,203,91,view,2026-07-05 22:58:49
8680,422,93,search,2026-05-02 10:10:33
8681,439,58,view,2026-05-12 17:11:26
8682,20,41,view,2026-07-23 16:04:22
8683,382,47,add_to_cart,2026-07-20 11:10:57
8684,226,89,search,2026-06-04 11:19:47
8685,291,36,view,2026-07-10 03:03:11
8686,109,7,view,2026-06-01 22:07:08
8687,388,64,search,2026-06-22 02:28:03
8688,443,77,search,2026-04-28 03:37:51
8689,14,10,view,2026-05-19 17:04:04
8690,378,11,view,2026-04-27 22:35:03
8691,215,95,search,2026-04-29 18:36:38
8692,237,81,view,2026-06-19 03:22:50
8693,41,33,search,2026-05-21 02:19:44
8694,261,46,view,2026-05-19 16:48:25
8695,4,7,view,2026-07-20 01:39:12
8696,184,5,view,2026-07-02 22:57:43
8697,250,33,add_to_cart,2026-05-19 04:04:33
8698,375,60,view,2026-07-10 14:24:11
8699,130,38,search,2026-06-15 16:50:32
8700,491,57,view,2026-05-29 18:54:30
8701,247,3,view,2026-07-20 14:58:55
8702,330,75,search,2026-07-17 04:15:17
8703,172,51,view,2026-05-25 09:59:27
8704,270,55,view,2026-05-13 09:25:24
8705,318,6,search,2026-06-22 04:50:38
8706,205,95,view,2026-06-12 22:47:22
8707,69,22,search,2026-05-05 01:50:49
8708,482,50,view,2026-06-29 20:31:17
8709,396,48,view,2026-06-29 06:00:42
8710,72,48,search,2026-06-22 03:02:10
8711,13,40,view,2026-05-27 13:07:14
8712,13,57,add_to_cart,2026-07-16 06:25:50
8713,41,100,view,2026-05-01 14:52:02
8714,380,56,search,2026-06-10 09:56:09
8715,488,62,add_to_cart,2026-07-03 18:48:48
8716,398,50,add_to_cart,2026-07-13 04:26:27
8717,467,13,search,2026-06-30 18:41:53
8718,140,100,add_to_cart,2026-07-01 17:33:03
8719,152,16,search,2026-06-02 17:47:26
8720,285,8,view,2026-05-24 13:05:49
8721,229,13,view,2026-05-19 08:52:35
8722,183,36,view,2026-06-04 10:22:53
8723,172,47,search,2026-06-26 04:50:02
8724,303,78,add_to_cart,2026-05-12 04:31:22
8725,154,88,view,2026-06-28 04:56:19
8726,324,30,view,2026-07-20 13:56:16
8727,468,9,add_to_cart,2026-07-16 20:05:45
8728,486,31,add_to_cart,2026-06-25 03:23:40
8729,80,35,add_to_cart,2026-06-30 00:12:52
8730,412,36,search,2026-07-02 21:01:48
8731,357,91,view,2026-06-19 20:32:35
8732,278,96,search,2026-06-19 12:11:50
8733,55,92,add_to_cart,2026-07-22 14:12:39
8734,187,68,add_to_cart,2026-06-19 13:30:03
8735,191,3,add_to_cart,2026-06-19 11:35:10
8736,398,40,view,2026-07-16 07:25:08
8737,461,70,view,2026-06-03 01:11:33
8738,143,75,view,2026-07-06 09:50:09
8739,177,72,search,2026-07-11 10:28:47
8740,302,64,search,2026-06-26 05:44:10
8741,288,97,view,2026-06-02 06:49:51
8742,401,82,search,2026-06-10 01:20:46
8743,253,33,add_to_cart,2026-06-09 08:17:25
8744,127,58,search,2026-05-25 22:30:40
8745,153,36,add_to_cart,2026-05-28 18:02:39
8746,69,73,view,2026-06-15 22:44:17
8747,276,16,view,2026-07-15 21:58:10
8748,322,74,view,2026-06-06 13:55:26
8749,262,59,view,2026-07-01 02:39:52
8750,243,97,view,2026-06-22 23:53:53
8751,48,76,view,2026-05-13 03:09:22
8752,223,21,view,2026-05-19 06:52:11
8753,79,44,search,2026-06-26 16:30:35
8754,365,27,view,2026-06-05 23:13:01
8755,347,64,add_to_cart,2026-07-15 22:19:22
8756,9,68,search,2026-06-04 12:48:17
8757,456,58,view,2026-05-06 01:10:08
8758,16,81,view,2026-06-27 01:44:01
8759,265,94,search,2026-07-11 01:02:57
8760,442,76,search,2026-07-13 17:40:50
8761,251,63,view,2026-05-24 03:07:41
8762,170,58,view,2026-06-10 10:36:52
8763,67,35,view,2026-07-11 20:45:05
8764,273,60,add_to_cart,2026-04-30 02:09:52
8765,86,47,purchase,2026-07-06 12:22:50
8766,11,90,view,2026-05-30 11:47:36
8767,172,33,search,2026-04-28 04:26:14
8768,384,80,search,2026-07-18 23:05:07
8769,322,42,view,2026-05-26 03:29:54
8770,82,48,view,2026-06-24 20:54:19
8771,132,63,view,2026-07-21 17:15:05
8772,164,96,search,2026-05-29 08:47:02
8773,209,94,view,2026-06-28 16:11:11
8774,394,61,view,2026-07-14 15:07:51
8775,456,87,view,2026-05-18 05:01:20
8776,210,89,view,2026-05-12 13:12:58
8777,3,91,add_to_cart,2026-05-27 03:15:19
8778,16,73,add_to_cart,2026-05-15 15:56:59
8779,473,2,search,2026-05-10 07:09:59
8780,284,94,view,2026-06-14 23:19:33
8781,376,91,search,2026-05-08 14:03:59
8782,287,50,search,2026-06-28 23:31:14
8783,305,72,view,2026-07-03 08:41:52
8784,333,75,purchase,2026-07-15 09:53:18
8785,99,95,add_to_cart,2026-06-05 02:35:47
8786,498,52,view,2026-06-03 11:50:39
8787,256,79,search,2026-07-10 05:08:21
8788,382,24,search,2026-06-05 23:06:05
8789,412,40,view,2026-05-11 10:58:02
8790,385,99,search,2026-07-13 16:41:38
8791,488,37,view,2026-05-29 16:45:29
8792,28,8,purchase,2026-06-22 06:31:10
8793,242,14,view,2026-05-16 10:51:57
8794,288,64,add_to_cart,2026-06-09 01:19:49
8795,412,68,view,2026-05-21 17:17:57
8796,295,14,view,2026-05-22 15:58:44
8797,337,9,search,2026-06-01 12:52:28
8798,120,88,view,2026-05-27 02:34:32
8799,13,88,view,2026-05-11 13:34:42
8800,212,78,view,2026-04-28 05:07:20
8801,58,50,search,2026-05-28 13:33:07
8802,258,79,view,2026-04-30 17:28:53
8803,289,80,search,2026-05-14 22:06:31
8804,32,62,search,2026-04-26 18:18:32
8805,314,9,view,2026-07-06 22:30:29
8806,453,40,add_to_cart,2026-06-19 23:26:03
8807,11,19,view,2026-07-08 13:07:33
8808,289,39,view,2026-07-14 09:54:09
8809,261,74,add_to_cart,2026-05-11 18:12:59
8810,460,100,view,2026-05-22 00:47:11
8811,58,71,view,2026-07-01 08:29:57
8812,232,87,search,2026-05-28 22:20:54
8813,365,79,view,2026-06-26 07:41:50
8814,420,23,search,2026-05-23 21:20:26
8815,254,34,view,2026-05-01 07:54:43
8816,63,70,view,2026-06-08 13:56:35
8817,359,13,view,2026-07-22 12:47:58
8818,219,76,view,2026-05-02 16:23:21
8819,393,19,view,2026-05-13 00:27:05
8820,141,73,add_to_cart,2026-07-06 11:09:55
8821,35,48,search,2026-06-01 01:38:40
8822,261,88,view,2026-06-19 23:46:38
8823,156,20,view,2026-05-22 20:59:57
8824,117,72,search,2026-07-03 17:08:17
8825,290,46,add_to_cart,2026-06-29 08:06:20
8826,449,37,add_to_cart,2026-06-15 03:49:14
8827,301,39,view,2026-06-09 17:39:56
8828,434,62,view,2026-06-24 15:57:38
8829,329,81,search,2026-04-29 22:12:59
8830,443,32,view,2026-07-04 16:29:05
8831,111,58,view,2026-05-07 23:27:35
8832,415,11,purchase,2026-06-19 13:58:06
8833,126,10,view,2026-05-29 10:40:45
8834,28,43,view,2026-05-10 01:05:21
8835,257,57,search,2026-05-08 20:32:36
8836,170,84,search,2026-06-29 07:15:42
8837,469,90,search,2026-06-30 19:08:48
8838,282,19,view,2026-06-17 22:06:48
8839,433,60,search,2026-06-11 00:49:24
8840,353,31,search,2026-07-19 02:52:49
8841,400,68,search,2026-05-20 18:28:51
8842,357,11,add_to_cart,2026-07-16 17:25:34
8843,316,56,view,2026-06-12 21:07:05
8844,293,62,view,2026-07-10 06:17:21
8845,322,50,add_to_cart,2026-05-02 19:32:56
8846,31,38,view,2026-05-31 13:07:37
8847,426,22,search,2026-07-17 19:27:13
8848,372,49,view,2026-07-14 18:24:15
8849,453,37,view,2026-05-25 11:07:38
8850,292,29,view,2026-06-13 14:17:05
8851,30,19,view,2026-04-26 16:06:07
8852,163,10,search,2026-04-25 11:35:22
8853,279,14,search,2026-05-07 18:49:16
8854,357,100,add_to_cart,2026-05-18 22:05:38
8855,478,89,view,2026-04-30 04:05:04
8856,112,55,view,2026-06-15 01:58:28
8857,60,38,search,2026-05-16 06:23:58
8858,486,46,view,2026-05-02 09:01:21
8859,350,27,view,2026-07-21 08:21:50
8860,37,85,view,2026-07-19 08:52:28
8861,70,93,view,2026-05-24 01:06:19
8862,226,51,view,2026-05-16 13:55:38
8863,54,29,view,2026-07-01 03:08:38
8864,28,93,search,2026-05-01 01:55:51
8865,400,89,view,2026-06-18 18:47:48
8866,118,12,add_to_cart,2026-06-07 11:59:39
8867,221,54,purchase,2026-07-11 13:38:46
8868,300,30,view,2026-05-04 18:35:32
8869,427,90,purchase,2026-07-16 05:36:12
8870,270,28,view,2026-05-17 15:05:37
8871,357,62,add_to_cart,2026-06-27 16:33:41
8872,26,11,add_to_cart,2026-07-18 15:22:48
8873,4,13,search,2026-05-22 19:28:10
8874,338,22,view,2026-05-02 03:53:59
8875,486,71,search,2026-05-10 01:22:31
8876,100,93,search,2026-05-20 01:24:54
8877,9,1,view,2026-05-14 23:24:18
8878,314,49,view,2026-07-15 21:29:35
8879,419,76,view,2026-06-02 19:47:35
8880,32,22,add_to_cart,2026-05-25 02:37:09
8881,50,35,view,2026-06-16 09:08:38
8882,435,6,add_to_cart,2026-07-14 04:00:16
8883,285,11,view,2026-06-17 19:13:39
8884,430,4,purchase,2026-04-27 20:53:35
8885,190,44,view,2026-07-20 12:39:48
8886,197,96,view,2026-05-01 12:17:47
8887,428,15,search,2026-05-26 13:18:19
8888,365,81,view,2026-07-14 08:19:58
8889,95,62,view,2026-07-09 11:39:47
8890,118,90,add_to_cart,2026-07-11 01:29:10
8891,459,64,purchase,2026-06-22 15:21:39
8892,265,54,view,2026-05-26 11:48:22
8893,158,65,add_to_cart,2026-05-26 23:20:45
8894,229,20,view,2026-05-28 16:28:29
8895,6,35,view,2026-05-24 18:31:02
8896,244,34,search,2026-06-01 06:20:50
8897,354,34,search,2026-06-30 22:07:03
8898,301,54,search,2026-07-09 11:25:58
8899,439,98,view,2026-07-16 12:04:29
8900,159,14,search,2026-05-10 04:23:51
8901,300,100,view,2026-07-10 17:39:52
8902,71,39,search,2026-07-14 00:53:49
8903,479,13,view,2026-05-30 13:06:45
8904,333,3,add_to_cart,2026-06-18 19:29:03
8905,300,86,search,2026-05-26 18:45:36
8906,218,63,view,2026-05-11 06:07:52
8907,244,63,search,2026-05-31 17:49:33
8908,202,6,view,2026-07-04 23:41:21
8909,177,12,add_to_cart,2026-07-21 16:30:48
8910,170,96,view,2026-07-23 10:58:39
8911,160,99,view,2026-06-02 23:23:32
8912,296,81,view,2026-06-16 00:35:56
8913,36,90,view,2026-04-28 22:43:11
8914,38,43,add_to_cart,2026-05-16 18:46:48
8915,267,86,search,2026-06-04 00:12:00
8916,467,23,view,2026-05-19 04:25:07
8917,371,57,view,2026-05-08 14:13:40
8918,157,9,view,2026-06-18 09:58:17
8919,400,65,view,2026-05-09 06:16:41
8920,4,57,purchase,2026-06-27 17:43:37
8921,322,11,view,2026-04-25 17:47:01
8922,26,55,search,2026-07-21 06:06:49
8923,163,29,view,2026-06-19 17:03:34
8924,285,20,search,2026-05-16 14:49:13
8925,358,96,search,2026-06-09 02:28:49
8926,239,53,search,2026-06-30 00:57:50
8927,29,41,view,2026-07-17 17:55:51
8928,279,11,view,2026-04-27 13:19:34
8929,484,64,view,2026-05-02 12:14:19
8930,417,59,view,2026-05-05 11:26:06
8931,429,96,search,2026-04-25 06:57:52
8932,4,58,add_to_cart,2026-06-17 11:02:09
8933,154,23,search,2026-05-30 09:55:06
8934,222,59,view,2026-06-15 02:49:31
8935,376,55,add_to_cart,2026-06-10 12:42:44
8936,486,6,view,2026-06-11 02:25:34
8937,82,89,view,2026-07-04 05:03:40
8938,100,23,search,2026-05-17 06:57:26
8939,187,76,add_to_cart,2026-05-19 20:26:47
8940,127,2,purchase,2026-06-21 04:13:06
8941,484,20,view,2026-05-10 02:15:14
8942,275,23,search,2026-06-24 02:47:54
8943,292,69,view,2026-06-04 18:18:51
8944,281,36,search,2026-04-29 23:47:15
8945,314,87,search,2026-05-11 06:32:12
8946,416,99,view,2026-06-21 06:52:17
8947,351,35,add_to_cart,2026-06-30 12:23:22
8948,282,81,add_to_cart,2026-06-01 16:20:39
8949,354,95,add_to_cart,2026-07-17 06:19:26
8950,323,4,view,2026-06-28 21:00:28
8951,469,22,view,2026-06-03 00:47:26
8952,485,17,view,2026-05-15 16:47:37
8953,251,13,search,2026-07-17 04:17:58
8954,335,70,view,2026-05-29 10:30:26
8955,295,85,view,2026-05-01 11:51:18
8956,245,84,view,2026-04-29 07:11:52
8957,443,84,view,2026-05-18 02:32:01
8958,278,8,view,2026-05-30 19:05:44
8959,209,80,view,2026-07-19 10:18:56
8960,373,14,view,2026-06-01 17:08:52
8961,267,49,search,2026-06-06 00:03:59
8962,427,53,view,2026-06-19 07:10:39
8963,246,45,search,2026-06-02 05:07:50
8964,452,25,view,2026-04-29 23:42:28
8965,82,100,view,2026-07-17 09:01:38
8966,229,66,view,2026-07-23 15:05:53
8967,91,8,search,2026-05-11 23:20:22
8968,203,36,view,2026-07-11 21:00:56
8969,329,3,view,2026-05-20 18:05:13
8970,11,79,view,2026-07-11 10:57:34
8971,281,27,add_to_cart,2026-07-21 16:13:10
8972,390,72,view,2026-05-04 02:51:24
8973,498,69,add_to_cart,2026-06-25 11:02:49
8974,176,16,search,2026-04-29 15:39:07
8975,384,1,view,2026-05-26 00:48:16
8976,323,38,search,2026-05-18 02:16:32
8977,430,97,add_to_cart,2026-06-18 10:15:49
8978,141,4,search,2026-05-21 13:42:36
8979,260,8,view,2026-07-12 12:59:32
8980,196,84,search,2026-04-24 20:07:05
8981,428,69,search,2026-07-16 11:44:21
8982,378,64,add_to_cart,2026-05-31 23:24:38
8983,169,73,add_to_cart,2026-06-30 01:07:47
8984,151,61,view,2026-07-11 01:44:42
8985,4,37,view,2026-07-19 11:56:48
8986,365,7,search,2026-05-25 06:47:14
8987,452,71,add_to_cart,2026-04-30 07:28:38
8988,161,61,view,2026-06-11 03:31:11
8989,394,68,search,2026-05-10 05:26:09
8990,277,55,view,2026-05-05 17:43:37
8991,117,1,search,2026-07-08 06:29:42
8992,29,42,add_to_cart,2026-07-10 21:43:10
8993,30,16,add_to_cart,2026-06-16 15:58:47
8994,203,63,view,2026-06-10 12:39:41
8995,129,70,search,2026-04-24 17:36:54
8996,324,37,view,2026-05-24 13:29:16
8997,14,49,view,2026-05-10 16:37:49
8998,301,42,search,2026-06-06 20:37:01
8999,102,45,view,2026-05-12 13:18:36
9000,8,48,search,2026-06-15 18:36:03
9001,221,10,view,2026-05-30 14:44:38
9002,33,15,view,2026-05-09 22:54:01
9003,156,60,view,2026-07-11 11:28:08
9004,267,71,search,2026-06-29 00:04:09
9005,461,100,view,2026-07-03 13:44:36
9006,222,16,view,2026-07-17 17:42:48
9007,373,96,search,2026-07-18 21:10:48
9008,318,82,view,2026-06-13 12:09:46
9009,14,46,search,2026-07-13 11:48:12
9010,177,14,view,2026-07-02 22:54:09
9011,3,64,view,2026-07-23 12:31:52
9012,25,36,search,2026-05-30 23:48:11
9013,39,43,view,2026-06-22 07:48:05
9014,130,28,add_to_cart,2026-05-09 15:57:54
9015,286,53,search,2026-05-08 19:51:58
9016,476,100,view,2026-06-19 05:19:25
9017,350,34,view,2026-06-13 07:36:38
9018,282,79,view,2026-06-18 19:05:06
9019,95,87,view,2026-07-16 07:30:05
9020,126,78,view,2026-04-29 16:26:43
9021,224,53,view,2026-07-12 11:17:27
9022,28,57,view,2026-05-24 00:00:08
9023,493,16,view,2026-05-14 15:10:22
9024,365,39,search,2026-05-08 00:04:11
9025,388,41,search,2026-07-12 18:03:19
9026,40,73,view,2026-06-05 11:37:31
9027,238,75,view,2026-05-13 03:04:42
9028,260,39,view,2026-06-05 05:15:34
9029,216,87,search,2026-05-02 20:53:03
9030,396,40,add_to_cart,2026-05-25 07:20:16
9031,419,77,purchase,2026-05-21 21:23:19
9032,227,54,search,2026-05-06 02:29:06
9033,225,5,search,2026-06-20 09:05:10
9034,199,14,add_to_cart,2026-05-31 17:57:38
9035,425,30,search,2026-05-05 04:13:40
9036,320,58,search,2026-06-19 22:05:04
9037,289,53,search,2026-05-17 23:57:37
9038,404,98,view,2026-05-13 23:32:34
9039,6,36,view,2026-07-13 18:43:54
9040,129,31,add_to_cart,2026-06-30 20:22:39
9041,311,68,search,2026-05-17 22:42:36
9042,62,85,search,2026-04-25 02:32:20
9043,466,19,view,2026-06-22 23:49:16
9044,437,92,search,2026-06-11 20:01:51
9045,10,34,view,2026-07-09 06:25:37
9046,194,32,search,2026-06-16 17:57:41
9047,262,49,view,2026-05-24 03:35:51
9048,283,6,add_to_cart,2026-06-27 01:04:14
9049,97,50,view,2026-05-10 06:20:10
9050,281,41,view,2026-06-12 20:41:05
9051,363,54,purchase,2026-05-14 09:00:26
9052,250,65,view,2026-05-14 15:06:57
9053,292,25,search,2026-07-15 13:42:31
9054,333,100,search,2026-05-09 00:08:28
9055,125,25,add_to_cart,2026-04-28 21:38:08
9056,337,59,view,2026-06-22 19:26:55
9057,485,75,search,2026-05-23 07:32:24
9058,281,64,view,2026-06-30 10:52:16
9059,282,47,view,2026-06-30 22:27:41
9060,241,18,view,2026-06-18 09:58:47
9061,305,85,search,2026-07-11 00:02:52
9062,394,53,add_to_cart,2026-06-02 21:54:07
9063,279,68,add_to_cart,2026-06-30 06:36:53
9064,109,65,search,2026-05-01 07:33:43
9065,256,70,add_to_cart,2026-06-01 07:19:10
9066,7,2,view,2026-07-19 13:25:53
9067,243,65,search,2026-06-14 13:05:24
9068,37,21,view,2026-04-29 06:27:43
9069,195,94,add_to_cart,2026-05-30 14:01:28
9070,107,70,search,2026-05-31 08:32:36
9071,201,65,add_to_cart,2026-06-04 17:04:04
9072,327,100,view,2026-06-07 08:40:28
9073,358,18,view,2026-05-22 10:17:21
9074,60,86,search,2026-07-10 00:59:37
9075,277,78,view,2026-05-15 18:34:37
9076,77,6,search,2026-06-15 06:46:59
9077,130,34,search,2026-04-25 03:16:41
9078,371,70,add_to_cart,2026-05-28 06:42:28
9079,437,34,view,2026-06-15 05:41:58
9080,277,71,search,2026-07-13 07:37:35
9081,485,35,add_to_cart,2026-06-15 13:20:04
9082,152,25,view,2026-07-21 02:22:43
9083,484,41,search,2026-07-22 20:00:40
9084,419,59,add_to_cart,2026-06-25 07:19:27
9085,86,50,view,2026-05-04 09:58:56
9086,132,9,search,2026-06-12 16:17:31
9087,417,4,view,2026-06-04 17:33:06
9088,452,94,view,2026-04-30 03:48:46
9089,199,82,search,2026-06-19 19:48:32
9090,287,82,search,2026-05-16 07:41:17
9091,384,4,search,2026-07-04 01:57:55
9092,333,2,add_to_cart,2026-05-15 06:14:07
9093,270,68,view,2026-06-26 01:59:49
9094,470,43,search,2026-07-15 08:37:36
9095,147,57,view,2026-06-04 07:41:49
9096,443,68,search,2026-04-26 22:56:43
9097,176,11,view,2026-05-25 18:47:33
9098,293,70,purchase,2026-05-04 06:25:17
9099,143,81,search,2026-05-14 03:45:46
9100,431,10,view,2026-05-10 22:24:20
9101,74,62,search,2026-06-01 08:27:43
9102,87,35,view,2026-06-22 04:29:45
9103,169,93,view,2026-05-13 18:41:27
9104,67,64,purchase,2026-05-10 03:40:28
9105,273,29,search,2026-04-28 11:59:01
9106,217,84,add_to_cart,2026-06-10 01:55:59
9107,248,56,view,2026-06-14 23:06:13
9108,194,2,add_to_cart,2026-06-06 11:34:24
9109,312,36,search,2026-06-02 15:23:50
9110,156,2,search,2026-05-26 22:48:03
9111,269,58,view,2026-06-01 04:57:39
9112,89,15,search,2026-07-01 11:27:07
9113,292,66,search,2026-07-15 12:13:37
9114,258,44,search,2026-05-25 09:37:02
9115,212,85,add_to_cart,2026-05-09 05:51:43
9116,161,43,search,2026-06-04 16:11:05
9117,244,59,view,2026-05-12 01:21:32
9118,343,78,view,2026-06-08 16:27:05
9119,101,18,purchase,2026-06-04 11:47:13
9120,285,79,view,2026-06-05 19:05:03
9121,401,4,view,2026-07-08 19:29:07
9122,160,14,view,2026-05-10 14:22:19
9123,267,92,add_to_cart,2026-05-17 08:53:03
9124,334,53,search,2026-06-14 17:49:53
9125,133,31,search,2026-07-11 17:19:00
9126,125,69,search,2026-06-22 12:43:52
9127,314,50,view,2026-05-29 11:36:53
9128,389,33,view,2026-06-12 08:27:35
9129,446,54,view,2026-06-03 17:44:34
9130,260,12,view,2026-05-29 16:51:34
9131,244,48,view,2026-06-25 23:41:24
9132,332,7,search,2026-05-25 00:26:17
9133,124,63,search,2026-05-02 09:36:56
9134,427,40,add_to_cart,2026-06-19 23:40:46
9135,101,53,view,2026-05-17 05:13:41
9136,376,47,view,2026-06-02 10:18:23
9137,19,7,search,2026-05-09 03:25:53
9138,500,55,view,2026-05-22 10:01:06
9139,238,82,add_to_cart,2026-06-20 13:18:30
9140,486,56,view,2026-06-22 10:30:24
9141,475,5,search,2026-07-16 22:21:21
9142,49,1,view,2026-05-05 00:56:38
9143,260,51,view,2026-06-28 08:58:11
9144,356,42,view,2026-05-24 21:42:05
9145,434,32,view,2026-05-04 00:57:29
9146,286,67,add_to_cart,2026-07-16 15:31:06
9147,243,17,search,2026-07-18 02:24:25
9148,295,94,view,2026-07-07 10:51:51
9149,392,89,view,2026-07-13 13:03:32
9150,4,83,view,2026-07-13 10:55:57
9151,431,17,view,2026-06-29 05:25:08
9152,329,74,search,2026-07-20 09:42:40
9153,278,88,add_to_cart,2026-05-13 21:16:57
9154,33,64,search,2026-05-13 23:07:20
9155,99,14,view,2026-06-02 05:45:30
9156,228,100,add_to_cart,2026-06-19 00:12:35
9157,63,6,search,2026-04-30 10:48:58
9158,378,69,search,2026-06-02 22:29:15
9159,454,9,add_to_cart,2026-07-12 17:16:12
9160,297,12,view,2026-07-22 08:10:16
9161,156,1,search,2026-05-29 10:19:44
9162,20,3,view,2026-05-11 19:30:21
9163,93,59,purchase,2026-07-21 21:13:03
9164,479,33,view,2026-07-14 11:52:31
9165,344,83,view,2026-06-28 21:42:15
9166,250,44,view,2026-06-05 13:29:39
9167,404,88,add_to_cart,2026-04-30 14:54:14
9168,199,25,view,2026-07-20 00:01:57
9169,295,87,add_to_cart,2026-05-02 10:23:03
9170,48,53,view,2026-06-13 01:35:33
9171,228,90,search,2026-05-28 22:06:44
9172,120,92,add_to_cart,2026-07-21 09:42:47
9173,329,69,search,2026-05-28 01:09:08
9174,220,77,search,2026-06-18 04:08:46
9175,296,41,search,2026-07-05 10:31:59
9176,115,8,view,2026-05-01 11:35:48
9177,404,45,add_to_cart,2026-05-10 14:23:42
9178,480,68,search,2026-07-15 07:37:39
9179,103,98,view,2026-07-11 22:45:58
9180,58,52,add_to_cart,2026-05-21 07:00:51
9181,439,30,view,2026-06-27 16:20:09
9182,152,81,purchase,2026-05-07 17:04:06
9183,361,64,view,2026-05-21 19:45:45
9184,184,83,search,2026-05-16 18:37:25
9185,138,100,search,2026-05-08 20:03:13
9186,356,90,view,2026-06-29 15:29:28
9187,277,68,view,2026-07-22 22:19:50
9188,300,89,search,2026-05-22 03:01:46
9189,428,7,view,2026-07-16 21:28:34
9190,285,59,view,2026-06-25 11:43:31
9191,382,98,view,2026-05-21 07:24:20
9192,372,62,view,2026-07-17 23:18:12
9193,480,95,add_to_cart,2026-05-15 04:56:06
9194,398,100,view,2026-06-18 08:45:39
9195,484,2,view,2026-06-24 15:59:08
9196,482,85,add_to_cart,2026-04-26 19:49:11
9197,19,77,search,2026-06-17 23:42:37
9198,183,38,purchase,2026-06-23 06:52:24
9199,306,22,search,2026-05-18 18:04:56
9200,38,49,search,2026-05-07 10:37:36
9201,75,17,search,2026-06-04 20:17:11
9202,219,65,view,2026-06-22 09:31:05
9203,284,100,view,2026-07-23 00:18:26
9204,465,24,view,2026-06-21 04:50:47
9205,41,1,view,2026-05-30 00:36:28
9206,284,73,search,2026-05-03 07:29:59
9207,222,99,add_to_cart,2026-06-15 01:14:05
9208,448,34,view,2026-06-29 14:11:23
9209,216,49,view,2026-05-06 01:38:10
9210,392,19,purchase,2026-05-16 08:34:57
9211,174,27,add_to_cart,2026-05-21 10:24:02
9212,33,92,add_to_cart,2026-06-30 21:01:05
9213,16,66,search,2026-06-03 22:41:33
9214,392,28,view,2026-07-04 22:49:07
9215,146,76,view,2026-06-26 16:06:03
9216,183,31,view,2026-06-07 09:10:16
9217,323,96,search,2026-07-22 16:22:54
9218,165,42,search,2026-07-05 19:02:27
9219,285,27,purchase,2026-07-04 09:58:15
9220,77,20,search,2026-05-01 19:55:09
9221,383,13,search,2026-05-12 10:17:22
9222,240,40,search,2026-05-03 21:38:15
9223,397,66,view,2026-05-19 13:38:55
9224,161,99,view,2026-06-17 11:06:11
9225,303,75,view,2026-06-08 19:11:26
9226,382,59,view,2026-04-30 08:46:10
9227,226,4,view,2026-06-24 01:45:53
9228,226,83,search,2026-06-25 16:46:59
9229,244,17,view,2026-05-15 19:26:13
9230,114,57,view,2026-05-19 12:07:05
9231,431,85,add_to_cart,2026-07-18 21:34:16
9232,125,17,view,2026-06-07 16:38:13
9233,97,1,purchase,2026-06-11 20:54:01
9234,363,68,view,2026-07-05 10:22:57
9235,295,6,view,2026-06-24 01:17:20
9236,482,96,add_to_cart,2026-05-18 04:04:12
9237,268,78,add_to_cart,2026-06-12 03:15:03
9238,297,85,view,2026-07-01 17:02:20
9239,392,25,search,2026-06-24 01:45:48
9240,262,25,view,2026-07-11 22:06:08
9241,64,67,view,2026-05-21 14:46:34
9242,165,14,add_to_cart,2026-07-12 00:20:23
9243,352,70,search,2026-06-12 22:19:16
9244,222,58,purchase,2026-07-20 03:35:58
9245,340,20,search,2026-06-02 12:35:38
9246,490,19,search,2026-04-26 10:39:57
9247,60,54,add_to_cart,2026-05-28 21:03:12
9248,62,41,search,2026-06-19 18:14:36
9249,196,22,view,2026-05-22 06:58:10
9250,271,70,add_to_cart,2026-06-11 16:28:12
9251,58,47,search,2026-07-05 00:44:37
9252,136,25,purchase,2026-05-01 13:45:02
9253,389,58,search,2026-07-08 20:45:31
9254,138,10,search,2026-05-15 09:46:11
9255,385,39,add_to_cart,2026-05-26 16:46:37
9256,234,9,search,2026-06-04 18:46:20
9257,453,13,add_to_cart,2026-05-31 13:16:01
9258,221,81,view,2026-05-05 15:20:38
9259,487,3,add_to_cart,2026-07-10 00:19:52
9260,26,22,view,2026-06-04 21:24:14
9261,192,85,search,2026-06-18 09:03:56
9262,219,67,search,2026-07-07 01:07:37
9263,281,8,search,2026-05-28 19:01:54
9264,74,82,view,2026-05-26 07:44:05
9265,138,66,add_to_cart,2026-04-29 21:30:32
9266,390,54,view,2026-06-23 07:56:24
9267,424,1,view,2026-05-15 15:49:55
9268,297,50,purchase,2026-05-14 22:11:17
9269,107,94,search,2026-06-25 05:40:56
9270,344,88,view,2026-07-18 06:37:21
9271,299,37,search,2026-07-10 17:55:31
9272,235,100,view,2026-06-02 01:59:45
9273,309,87,search,2026-05-25 12:19:45
9274,121,12,view,2026-07-19 07:44:15
9275,215,21,search,2026-07-07 11:10:50
9276,483,27,search,2026-05-07 17:17:55
9277,396,4,view,2026-06-07 00:28:14
9278,361,25,search,2026-05-24 20:32:04
9279,392,39,view,2026-06-22 19:27:09
9280,165,15,search,2026-06-18 12:24:27
9281,229,85,view,2026-06-29 14:09:21
9282,344,98,search,2026-06-01 00:41:40
9283,110,82,view,2026-05-14 08:56:21
9284,332,36,view,2026-06-19 12:12:28
9285,432,19,search,2026-06-07 02:04:39
9286,400,10,add_to_cart,2026-06-07 10:43:31
9287,140,86,search,2026-06-14 23:15:23
9288,205,1,search,2026-04-30 10:03:24
9289,200,87,view,2026-06-16 07:10:03
9290,98,45,view,2026-07-21 20:34:41
9291,72,4,add_to_cart,2026-05-03 09:57:15
9292,393,69,view,2026-05-07 09:20:06
9293,11,62,view,2026-05-04 22:41:38
9294,168,36,add_to_cart,2026-05-30 22:52:43
9295,251,55,purchase,2026-05-02 04:53:07
9296,372,53,add_to_cart,2026-07-04 09:53:09
9297,279,88,view,2026-04-25 15:19:15
9298,55,93,view,2026-07-03 06:20:53
9299,166,31,view,2026-04-24 20:29:12
9300,466,11,view,2026-05-12 17:00:08
9301,239,84,view,2026-06-07 18:01:49
9302,231,89,view,2026-05-30 15:33:17
9303,253,83,add_to_cart,2026-07-15 00:55:15
9304,241,47,search,2026-07-19 09:12:51
9305,120,93,view,2026-06-26 03:05:24
9306,288,62,purchase,2026-05-02 19:50:17
9307,463,8,view,2026-06-05 18:32:19
9308,312,42,search,2026-07-10 15:11:28
9309,456,93,view,2026-05-18 08:50:12
9310,32,79,search,2026-07-20 05:42:31
9311,258,98,search,2026-05-06 02:20:29
9312,195,90,view,2026-04-26 23:38:52
9313,253,13,add_to_cart,2026-07-14 14:18:44
9314,207,29,add_to_cart,2026-07-20 20:03:46
9315,280,29,add_to_cart,2026-07-10 11:06:24
9316,8,42,view,2026-07-18 16:25:11
9317,185,22,search,2026-04-24 17:13:27
9318,295,91,search,2026-06-25 08:35:27
9319,252,20,search,2026-04-30 18:29:17
9320,344,84,view,2026-05-28 20:23:17
9321,33,62,view,2026-07-15 11:35:46
9322,30,56,view,2026-06-02 06:51:18
9323,362,7,view,2026-07-15 23:33:47
9324,279,8,view,2026-04-30 09:37:06
9325,165,16,view,2026-06-27 11:47:41
9326,343,82,add_to_cart,2026-06-09 06:33:57
9327,269,78,view,2026-05-14 09:27:38
9328,62,77,search,2026-05-22 09:22:48
9329,250,57,view,2026-06-24 02:15:31
9330,237,87,view,2026-06-08 11:42:08
9331,166,79,view,2026-05-01 10:22:14
9332,94,20,search,2026-06-13 08:24:39
9333,134,3,search,2026-07-06 14:55:24
9334,294,70,search,2026-07-02 20:29:25
9335,284,58,add_to_cart,2026-06-16 01:23:30
9336,306,65,view,2026-07-09 05:11:46
9337,132,59,view,2026-06-02 20:44:37
9338,318,95,view,2026-06-30 08:51:37
9339,260,23,view,2026-05-19 08:04:30
9340,302,24,add_to_cart,2026-05-17 11:05:41
9341,8,100,add_to_cart,2026-06-19 00:58:44
9342,431,57,view,2026-05-26 05:05:32
9343,158,63,add_to_cart,2026-06-21 00:48:55
9344,218,3,view,2026-05-13 14:02:39
9345,461,28,view,2026-07-17 00:06:09
9346,95,94,search,2026-05-01 02:00:18
9347,203,49,view,2026-07-04 18:27:06
9348,313,9,view,2026-06-15 17:20:11
9349,100,69,view,2026-05-23 05:36:34
9350,456,52,view,2026-06-22 20:25:41
9351,385,16,search,2026-06-07 08:11:36
9352,47,54,search,2026-04-30 03:24:11
9353,339,36,search,2026-05-10 23:45:43
9354,399,28,search,2026-05-30 23:50:45
9355,340,53,search,2026-06-09 06:20:17
9356,322,11,search,2026-05-06 04:23:56
9357,393,79,view,2026-05-05 00:32:38
9358,308,94,view,2026-05-18 03:21:06
9359,233,75,add_to_cart,2026-04-27 06:25:20
9360,169,57,search,2026-05-24 05:06:55
9361,261,94,view,2026-06-21 19:29:34
9362,161,8,search,2026-06-29 23:03:40
9363,489,70,view,2026-05-04 05:58:47
9364,362,98,view,2026-05-19 11:09:33
9365,98,64,search,2026-07-19 19:03:59
9366,55,91,search,2026-05-01 18:20:07
9367,373,88,view,2026-07-10 08:58:39
9368,320,77,view,2026-06-24 06:13:36
9369,301,55,purchase,2026-04-29 13:31:26
9370,384,55,add_to_cart,2026-06-14 10:53:31
9371,44,38,view,2026-05-02 13:09:11
9372,259,82,view,2026-07-03 20:38:33
9373,238,13,view,2026-07-07 10:13:08
9374,282,88,view,2026-06-22 20:52:59
9375,170,21,purchase,2026-06-03 10:37:56
9376,284,7,search,2026-04-27 14:29:54
9377,212,95,search,2026-05-28 04:07:46
9378,332,20,view,2026-06-29 13:42:45
9379,7,33,search,2026-06-10 06:39:22
9380,292,92,search,2026-07-01 21:22:38
9381,201,90,view,2026-05-22 08:51:37
9382,5,5,view,2026-05-13 20:47:39
9383,49,47,view,2026-07-10 01:27:08
9384,312,53,view,2026-05-28 10:54:34
9385,353,72,search,2026-05-12 00:00:08
9386,468,20,search,2026-06-23 00:15:55
9387,190,82,add_to_cart,2026-06-04 10:12:21
9388,163,83,purchase,2026-06-22 22:30:51
9389,166,76,purchase,2026-05-28 07:51:00
9390,305,28,view,2026-05-29 22:40:19
9391,45,77,search,2026-05-02 17:52:59
9392,7,18,add_to_cart,2026-07-12 08:03:14
9393,245,30,view,2026-06-24 04:12:19
9394,83,19,view,2026-07-06 17:08:58
9395,292,90,search,2026-04-30 00:54:22
9396,319,42,search,2026-07-16 06:28:58
9397,410,22,view,2026-05-11 10:33:26
9398,143,79,search,2026-05-29 16:52:41
9399,447,48,view,2026-07-01 02:29:21
9400,170,33,search,2026-05-12 08:46:08
9401,54,31,search,2026-04-25 02:48:35
9402,72,16,view,2026-07-16 23:38:01
9403,210,62,view,2026-05-21 13:16:10
9404,472,13,search,2026-05-30 16:45:23
9405,61,27,search,2026-07-07 18:32:07
9406,222,48,add_to_cart,2026-05-18 19:55:06
9407,99,27,view,2026-04-26 01:30:29
9408,303,98,view,2026-06-11 18:25:43
9409,150,16,view,2026-07-20 19:45:16
9410,104,41,view,2026-07-03 08:39:03
9411,134,19,view,2026-05-19 02:12:09
9412,423,19,view,2026-05-14 13:37:08
9413,340,45,search,2026-06-10 13:29:31
9414,482,74,add_to_cart,2026-05-26 08:27:14
9415,265,22,search,2026-06-11 08:46:54
9416,123,29,view,2026-04-25 21:45:33
9417,254,91,view,2026-06-30 18:42:15
9418,202,99,view,2026-06-14 12:12:35
9419,26,40,search,2026-05-11 06:48:01
9420,366,38,view,2026-07-17 00:09:29
9421,410,70,view,2026-05-31 12:17:40
9422,115,47,search,2026-06-14 08:24:04
9423,268,96,view,2026-05-13 02:06:11
9424,442,96,view,2026-07-08 02:19:34
9425,259,97,view,2026-06-25 19:53:27
9426,221,65,purchase,2026-07-03 23:59:02
9427,133,49,view,2026-04-30 14:00:26
9428,225,46,search,2026-07-13 22:45:34
9429,407,18,view,2026-07-07 02:02:44
9430,125,91,search,2026-06-03 09:33:39
9431,279,48,add_to_cart,2026-04-30 21:03:53
9432,50,48,view,2026-05-07 21:12:57
9433,382,58,search,2026-07-08 23:57:57
9434,132,39,search,2026-07-14 05:46:34
9435,174,57,view,2026-05-27 11:25:07
9436,459,49,add_to_cart,2026-06-16 14:35:03
9437,306,90,search,2026-05-15 05:59:40
9438,443,63,view,2026-06-06 09:21:32
9439,354,76,search,2026-04-25 11:28:23
9440,314,4,add_to_cart,2026-06-30 17:33:53
9441,206,32,search,2026-06-16 02:28:38
9442,350,71,search,2026-05-02 00:25:14
9443,485,23,search,2026-06-27 06:39:43
9444,475,100,view,2026-06-27 16:33:33
9445,366,50,add_to_cart,2026-05-26 18:14:18
9446,275,89,search,2026-07-15 18:08:31
9447,121,98,search,2026-07-10 14:47:19
9448,460,50,view,2026-05-22 16:29:42
9449,206,15,view,2026-05-26 12:38:20
9450,234,20,add_to_cart,2026-05-09 14:01:27
9451,8,70,purchase,2026-06-27 11:31:22
9452,127,36,search,2026-07-14 09:42:52
9453,158,87,view,2026-05-07 11:30:11
9454,353,73,search,2026-06-01 06:00:26
9455,75,27,search,2026-06-07 03:58:13
9456,45,72,search,2026-05-31 05:23:46
9457,26,94,view,2026-06-21 05:58:09
9458,485,84,view,2026-06-21 20:25:26
9459,161,44,view,2026-06-01 00:37:35
9460,396,68,view,2026-07-03 15:48:44
9461,95,79,view,2026-05-31 17:10:03
9462,92,75,search,2026-07-04 15:33:43
9463,231,2,view,2026-05-12 17:24:12
9464,292,65,view,2026-06-11 19:20:43
9465,484,14,search,2026-05-18 13:02:22
9466,254,84,view,2026-04-25 22:06:40
9467,221,49,search,2026-06-26 22:47:48
9468,392,97,view,2026-05-11 19:39:14
9469,197,81,view,2026-06-20 03:31:11
9470,234,79,view,2026-05-08 07:41:03
9471,131,41,view,2026-06-15 01:01:01
9472,327,79,search,2026-07-10 18:16:34
9473,2,87,purchase,2026-06-16 22:59:25
9474,309,98,search,2026-05-31 22:54:46
9475,462,4,search,2026-05-03 14:52:57
9476,3,59,view,2026-06-21 13:28:03
9477,449,23,add_to_cart,2026-05-14 13:12:08
9478,426,52,view,2026-07-09 10:29:33
9479,250,66,view,2026-06-26 20:01:45
9480,206,72,search,2026-05-22 11:57:55
9481,160,99,view,2026-07-11 14:21:55
9482,293,18,search,2026-07-15 07:21:57
9483,123,23,view,2026-07-10 10:33:16
9484,431,91,view,2026-06-11 20:19:06
9485,252,28,add_to_cart,2026-07-09 13:42:43
9486,136,100,add_to_cart,2026-07-03 03:22:22
9487,352,10,search,2026-06-12 16:10:16
9488,33,39,view,2026-07-20 07:21:22
9489,186,90,view,2026-07-08 13:56:44
9490,354,61,search,2026-06-11 02:40:40
9491,204,99,view,2026-07-03 05:23:33
9492,478,34,view,2026-06-17 15:03:36
9493,75,72,search,2026-04-27 21:50:01
9494,38,68,add_to_cart,2026-06-09 14:07:20
9495,170,60,view,2026-05-03 14:15:45
9496,431,89,add_to_cart,2026-05-04 21:15:21
9497,75,21,purchase,2026-05-29 08:28:38
9498,371,89,view,2026-06-01 08:20:52
9499,5,28,view,2026-06-30 07:38:48
9500,130,14,view,2026-06-11 05:15:45
9501,317,15,view,2026-07-06 15:28:27
9502,10,40,view,2026-05-18 10:46:57
9503,89,64,add_to_cart,2026-06-14 18:27:25
9504,326,71,view,2026-05-02 09:58:20
9505,319,41,search,2026-05-10 21:38:02
9506,14,54,view,2026-07-16 22:05:55
9507,160,15,view,2026-05-07 08:39:17
9508,276,22,add_to_cart,2026-05-03 09:27:01
9509,332,73,view,2026-06-19 12:25:50
9510,213,29,view,2026-04-28 20:08:43
9511,11,9,view,2026-06-27 16:12:11
9512,112,97,view,2026-05-16 14:31:13
9513,242,82,view,2026-05-13 15:22:14
9514,326,84,view,2026-05-15 14:48:52
9515,399,58,purchase,2026-05-11 20:37:55
9516,18,73,search,2026-06-18 02:00:53
9517,54,77,view,2026-05-01 23:14:23
9518,458,36,view,2026-06-01 08:02:18
9519,49,91,view,2026-06-02 20:04:52
9520,21,60,view,2026-07-20 13:21:29
9521,295,21,view,2026-07-05 20:21:24
9522,172,47,view,2026-07-02 22:28:50
9523,342,71,view,2026-07-05 03:38:55
9524,126,89,search,2026-07-19 15:17:32
9525,216,30,view,2026-05-14 18:57:42
9526,222,4,view,2026-06-02 18:22:17
9527,429,24,view,2026-05-26 07:26:05
9528,39,5,view,2026-07-14 15:20:39
9529,345,35,view,2026-05-06 07:33:23
9530,292,32,view,2026-07-20 13:04:57
9531,222,86,view,2026-07-04 12:16:23
9532,210,13,view,2026-06-27 13:12:32
9533,79,4,search,2026-06-06 17:37:45
9534,125,8,add_to_cart,2026-06-20 15:41:03
9535,482,20,view,2026-04-24 17:20:32
9536,288,40,view,2026-07-15 12:10:33
9537,125,44,search,2026-06-29 18:12:58
9538,253,54,view,2026-05-17 16:08:57
9539,337,7,view,2026-05-31 23:35:34
9540,137,85,purchase,2026-05-29 20:21:27
9541,290,36,view,2026-06-22 10:50:28
9542,60,76,view,2026-06-12 16:19:46
9543,11,90,view,2026-07-10 22:29:45
9544,330,39,view,2026-05-08 11:02:36
9545,413,49,view,2026-04-28 23:07:17
9546,55,92,view,2026-06-14 03:37:09
9547,147,83,view,2026-06-01 16:55:23
9548,222,1,purchase,2026-07-09 14:15:45
9549,11,29,search,2026-07-08 07:53:05
9550,381,48,add_to_cart,2026-05-29 17:40:47
9551,307,92,search,2026-07-03 11:25:40
9552,177,50,add_to_cart,2026-05-22 15:09:29
9553,386,21,view,2026-06-12 10:49:00
9554,63,98,search,2026-06-21 18:02:57
9555,12,18,view,2026-04-24 22:09:57
9556,56,49,purchase,2026-05-04 22:06:12
9557,360,67,search,2026-06-22 08:28:52
9558,5,52,search,2026-07-15 13:34:00
9559,357,15,add_to_cart,2026-07-08 01:07:29
9560,215,5,view,2026-05-28 01:34:51
9561,74,96,search,2026-05-10 09:25:19
9562,238,60,view,2026-05-29 02:41:08
9563,487,3,view,2026-05-03 20:25:56
9564,239,83,view,2026-05-08 19:47:28
9565,404,82,add_to_cart,2026-06-24 14:45:49
9566,173,26,search,2026-06-29 03:17:17
9567,260,45,view,2026-07-19 03:03:09
9568,448,82,search,2026-07-07 08:48:54
9569,384,64,search,2026-05-10 16:45:53
9570,7,19,add_to_cart,2026-05-19 16:07:40
9571,333,63,view,2026-04-27 14:40:41
9572,138,50,search,2026-05-27 15:49:34
9573,138,37,view,2026-07-06 17:32:09
9574,185,12,view,2026-07-09 22:41:53
9575,91,93,purchase,2026-07-17 06:09:01
9576,452,61,view,2026-07-21 18:14:33
9577,350,57,add_to_cart,2026-05-27 10:35:53
9578,133,9,add_to_cart,2026-05-29 23:40:36
9579,348,48,view,2026-06-18 01:47:57
9580,31,7,view,2026-06-23 15:16:10
9581,11,55,search,2026-05-28 16:50:04
9582,191,61,view,2026-05-25 07:22:46
9583,257,33,view,2026-06-07 07:29:24
9584,417,18,search,2026-05-14 10:23:06
9585,250,81,view,2026-07-09 18:20:27
9586,365,4,search,2026-05-10 04:41:29
9587,160,42,view,2026-06-14 08:17:00
9588,71,34,search,2026-06-28 06:39:23
9589,186,57,view,2026-07-14 21:10:24
9590,123,54,view,2026-05-23 09:51:47
9591,69,63,view,2026-06-05 06:07:19
9592,8,22,view,2026-05-11 04:43:24
9593,207,42,add_to_cart,2026-05-14 08:06:50
9594,398,85,view,2026-05-19 10:20:09
9595,448,12,view,2026-05-12 19:34:48
9596,115,70,view,2026-06-19 15:13:59
9597,214,39,add_to_cart,2026-06-11 11:00:24
9598,226,35,search,2026-05-04 01:15:27
9599,237,32,purchase,2026-06-07 07:36:45
9600,369,5,view,2026-06-17 01:10:26
9601,165,71,view,2026-05-05 17:47:43
9602,271,25,search,2026-05-15 05:23:42
9603,458,79,search,2026-06-23 18:07:26
9604,379,14,view,2026-07-22 18:11:24
9605,462,70,view,2026-06-20 12:18:35
9606,256,84,search,2026-05-29 01:49:26
9607,262,14,view,2026-04-30 14:59:04
9608,475,49,view,2026-05-21 16:19:38
9609,435,53,add_to_cart,2026-06-10 06:23:57
9610,229,34,view,2026-07-12 23:52:01
9611,219,49,view,2026-07-20 23:47:32
9612,29,72,view,2026-05-28 23:35:28
9613,34,96,search,2026-06-26 16:48:28
9614,191,32,search,2026-07-14 02:50:49
9615,343,75,search,2026-05-29 07:01:33
9616,283,2,add_to_cart,2026-06-19 22:06:57
9617,107,66,view,2026-04-25 12:21:58
9618,91,67,view,2026-05-27 05:32:38
9619,463,14,view,2026-06-15 01:03:04
9620,407,20,view,2026-05-27 02:19:10
9621,90,2,view,2026-07-23 13:37:51
9622,404,93,search,2026-06-03 11:02:46
9623,209,73,view,2026-07-07 17:56:21
9624,75,73,search,2026-06-15 01:56:44
9625,21,100,view,2026-06-15 04:14:42
9626,127,78,search,2026-07-19 07:43:26
9627,25,44,view,2026-06-05 18:10:23
9628,294,29,add_to_cart,2026-07-04 23:17:38
9629,403,70,view,2026-04-29 20:45:04
9630,138,72,add_to_cart,2026-05-22 19:39:59
9631,11,14,search,2026-06-25 14:11:12
9632,287,60,search,2026-06-21 05:37:05
9633,90,90,search,2026-05-01 00:54:41
9634,348,83,view,2026-04-26 09:33:17
9635,204,2,add_to_cart,2026-07-19 06:17:28
9636,60,75,view,2026-06-22 03:32:09
9637,218,63,view,2026-07-22 04:32:26
9638,460,40,view,2026-07-02 07:42:32
9639,170,4,add_to_cart,2026-06-21 02:25:07
9640,71,40,view,2026-06-07 20:21:04
9641,485,56,view,2026-06-17 08:01:27
9642,386,40,view,2026-07-08 15:16:09
9643,419,82,view,2026-07-11 11:29:31
9644,227,53,view,2026-06-22 18:27:51
9645,197,77,add_to_cart,2026-06-24 09:15:28
9646,102,73,view,2026-07-05 06:04:27
9647,248,30,view,2026-06-09 21:54:48
9648,133,22,purchase,2026-05-16 21:10:59
9649,294,97,view,2026-06-29 09:09:47
9650,381,79,view,2026-06-28 10:45:46
9651,24,42,view,2026-07-07 23:09:00
9652,200,88,add_to_cart,2026-05-05 07:32:16
9653,163,9,search,2026-05-24 15:11:55
9654,118,3,add_to_cart,2026-06-02 06:32:52
9655,311,84,add_to_cart,2026-05-09 07:18:58
9656,345,100,search,2026-06-01 01:21:41
9657,492,89,search,2026-06-25 22:33:39
9658,381,96,view,2026-05-29 02:27:34
9659,491,93,search,2026-06-20 07:34:49
9660,61,61,search,2026-05-10 06:13:13
9661,412,35,view,2026-05-17 19:02:36
9662,259,96,view,2026-05-19 00:25:31
9663,439,85,view,2026-05-18 22:10:03
9664,320,6,view,2026-05-02 00:23:43
9665,316,34,view,2026-05-01 23:59:21
9666,117,45,add_to_cart,2026-06-10 11:08:45
9667,432,16,add_to_cart,2026-07-06 11:46:58
9668,336,19,view,2026-05-01 01:24:24
9669,64,95,purchase,2026-06-08 11:53:23
9670,233,22,view,2026-05-14 14:40:56
9671,157,60,search,2026-07-19 17:11:08
9672,482,97,view,2026-05-28 02:11:44
9673,195,16,view,2026-05-26 03:09:27
9674,215,54,add_to_cart,2026-06-07 14:26:51
9675,121,9,search,2026-07-09 06:57:27
9676,241,66,search,2026-06-21 05:34:40
9677,110,52,view,2026-06-09 16:12:24
9678,383,93,view,2026-06-16 16:01:21
9679,389,67,add_to_cart,2026-05-20 18:47:30
9680,136,71,view,2026-05-06 19:20:35
9681,186,71,search,2026-06-09 17:22:51
9682,305,95,purchase,2026-05-04 19:30:48
9683,246,48,add_to_cart,2026-04-25 15:50:07
9684,311,68,purchase,2026-07-20 02:59:55
9685,410,34,add_to_cart,2026-06-13 01:22:56
9686,415,80,view,2026-06-28 20:35:21
9687,81,37,view,2026-06-02 18:07:52
9688,489,92,view,2026-06-14 20:43:49
9689,475,22,view,2026-06-09 01:55:20
9690,127,34,search,2026-04-28 00:15:01
9691,492,70,view,2026-07-07 21:32:44
9692,490,56,add_to_cart,2026-05-02 07:15:46
9693,161,73,view,2026-05-03 19:22:19
9694,310,11,view,2026-07-22 03:36:34
9695,83,98,view,2026-07-05 09:02:28
9696,125,67,search,2026-04-25 09:10:17
9697,191,44,view,2026-05-16 23:09:24
9698,3,100,add_to_cart,2026-06-14 15:36:04
9699,479,95,view,2026-06-18 19:51:57
9700,69,84,view,2026-05-22 12:01:18
9701,294,53,view,2026-05-12 15:57:35
9702,437,62,view,2026-06-30 17:53:50
9703,247,72,add_to_cart,2026-05-14 11:10:07
9704,142,94,view,2026-05-07 11:27:46
9705,423,21,search,2026-07-12 08:06:15
9706,422,100,search,2026-06-17 21:54:53
9707,45,47,view,2026-05-14 20:40:16
9708,397,75,view,2026-06-30 13:05:29
9709,302,69,view,2026-05-11 16:37:21
9710,53,26,view,2026-04-30 20:55:59
9711,247,7,search,2026-05-18 10:26:26
9712,302,40,view,2026-07-04 04:41:59
9713,286,98,search,2026-06-02 21:40:03
9714,8,20,search,2026-05-24 18:52:49
9715,359,2,view,2026-06-03 20:54:22
9716,418,88,view,2026-06-13 02:40:46
9717,41,1,view,2026-04-27 15:37:25
9718,153,76,view,2026-06-10 09:20:29
9719,321,10,view,2026-06-13 07:08:43
9720,402,32,view,2026-06-25 05:41:50
9721,135,78,search,2026-05-26 15:32:10
9722,381,73,view,2026-07-07 04:36:35
9723,34,100,search,2026-05-09 18:50:58
9724,482,24,search,2026-06-26 10:55:41
9725,310,13,view,2026-06-19 06:19:14
9726,215,32,search,2026-05-18 12:09:14
9727,469,54,search,2026-07-04 12:02:12
9728,94,32,add_to_cart,2026-07-09 01:55:51
9729,109,6,view,2026-06-25 02:31:07
9730,187,66,view,2026-07-17 04:34:13
9731,410,11,view,2026-07-11 08:39:40
9732,404,100,search,2026-05-17 03:47:38
9733,31,89,view,2026-06-17 08:34:27
9734,18,9,search,2026-05-21 20:12:00
9735,235,63,view,2026-05-02 22:18:55
9736,169,91,purchase,2026-07-16 02:49:08
9737,95,72,add_to_cart,2026-04-24 19:06:04
9738,157,38,view,2026-07-19 19:51:17
9739,100,5,purchase,2026-05-14 06:41:52
9740,459,54,view,2026-06-16 23:09:23
9741,271,40,search,2026-06-02 19:24:26
9742,115,28,add_to_cart,2026-06-16 13:55:40
9743,389,72,view,2026-05-01 12:41:43
9744,289,29,add_to_cart,2026-05-07 07:49:46
9745,485,58,view,2026-06-03 05:58:13
9746,14,91,view,2026-07-07 07:30:29
9747,117,79,add_to_cart,2026-06-30 08:55:08
9748,205,82,view,2026-05-18 00:43:06
9749,247,72,search,2026-06-20 05:31:17
9750,30,55,view,2026-06-09 18:46:03
9751,183,10,search,2026-06-21 08:23:51
9752,328,33,search,2026-07-19 21:34:47
9753,251,52,add_to_cart,2026-05-18 08:53:05
9754,406,32,view,2026-07-14 17:07:32
9755,227,54,search,2026-07-21 16:38:41
9756,305,35,view,2026-05-27 23:30:09
9757,290,58,view,2026-06-11 20:44:55
9758,314,47,search,2026-06-30 12:11:58
9759,365,36,purchase,2026-06-12 18:01:59
9760,142,53,view,2026-06-29 20:14:04
9761,488,66,add_to_cart,2026-05-13 08:06:26
9762,268,38,view,2026-07-18 18:42:00
9763,338,22,view,2026-06-23 20:31:36
9764,231,5,view,2026-05-20 19:06:55
9765,164,42,view,2026-05-28 19:53:59
9766,238,64,search,2026-05-09 19:10:58
9767,74,62,add_to_cart,2026-05-11 12:18:58
9768,371,43,search,2026-06-20 18:32:06
9769,333,70,add_to_cart,2026-07-22 08:49:43
9770,242,98,view,2026-04-25 00:54:31
9771,142,57,search,2026-05-14 22:29:21
9772,463,21,search,2026-04-24 23:00:45
9773,136,66,purchase,2026-07-04 05:18:49
9774,18,39,view,2026-05-19 12:19:45
9775,54,81,view,2026-06-23 00:40:06
9776,500,71,add_to_cart,2026-06-13 11:17:25
9777,441,49,view,2026-07-17 01:42:20
9778,74,2,search,2026-07-09 02:54:03
9779,61,79,add_to_cart,2026-06-08 14:48:22
9780,3,64,add_to_cart,2026-07-06 04:02:51
9781,302,27,search,2026-05-14 18:31:55
9782,410,11,view,2026-06-24 03:32:57
9783,190,5,view,2026-06-09 10:27:03
9784,483,47,search,2026-05-12 08:14:43
9785,220,6,view,2026-06-02 21:21:49
9786,228,58,view,2026-05-25 17:11:05
9787,287,39,search,2026-05-15 07:29:45
9788,381,20,search,2026-04-25 18:07:24
9789,415,86,view,2026-07-06 08:31:44
9790,458,1,search,2026-06-01 23:50:01
9791,35,44,purchase,2026-06-10 04:51:03
9792,129,67,search,2026-07-07 19:14:54
9793,173,15,view,2026-06-03 00:08:34
9794,5,100,view,2026-06-05 14:44:21
9795,232,15,view,2026-07-11 18:42:47
9796,406,9,search,2026-05-13 12:21:55
9797,47,57,view,2026-04-26 17:38:16
9798,488,89,view,2026-05-23 01:10:13
9799,420,48,view,2026-06-08 15:58:55
9800,425,76,view,2026-05-02 22:14:39
9801,184,28,view,2026-06-30 17:58:53
9802,498,50,add_to_cart,2026-06-07 13:14:55
9803,204,59,view,2026-07-10 14:45:24
9804,222,34,view,2026-04-26 07:58:52
9805,234,72,view,2026-07-08 22:31:38
9806,112,54,view,2026-05-13 13:56:38
9807,143,68,search,2026-07-12 15:11:17
9808,379,40,search,2026-06-20 21:06:48
9809,262,76,view,2026-07-04 04:36:43
9810,30,70,search,2026-07-16 17:13:25
9811,437,88,view,2026-06-08 23:30:32
9812,459,41,search,2026-04-28 05:24:26
9813,176,14,view,2026-04-26 14:51:05
9814,120,54,purchase,2026-05-24 09:38:31
9815,316,57,view,2026-05-04 22:25:25
9816,87,96,view,2026-07-21 20:26:43
9817,337,31,add_to_cart,2026-06-23 04:12:33
9818,33,22,view,2026-07-05 19:00:44
9819,363,27,add_to_cart,2026-06-22 00:42:06
9820,389,89,view,2026-05-15 15:05:34
9821,40,88,view,2026-07-10 12:24:42
9822,123,36,purchase,2026-07-02 22:25:19
9823,201,43,add_to_cart,2026-06-22 14:40:43
9824,365,77,view,2026-04-28 16:24:44
9825,287,24,view,2026-06-01 07:40:45
9826,475,97,search,2026-05-07 10:35:35
9827,153,8,view,2026-05-15 01:47:30
9828,253,45,view,2026-06-14 20:46:58
9829,123,57,search,2026-06-26 13:29:54
9830,412,48,view,2026-07-10 04:04:21
9831,31,37,view,2026-06-02 10:38:55
9832,292,59,view,2026-05-31 13:41:58
9833,293,78,view,2026-06-20 00:35:02
9834,396,89,search,2026-07-05 21:16:03
9835,80,93,purchase,2026-05-21 01:15:32
9836,360,50,view,2026-06-09 03:22:52
9837,47,76,view,2026-05-25 03:49:13
9838,204,100,view,2026-05-06 04:39:01
9839,491,17,view,2026-06-22 10:19:38
9840,191,43,view,2026-04-27 00:46:51
9841,102,69,search,2026-07-19 11:32:08
9842,417,36,add_to_cart,2026-05-14 10:57:56
9843,335,95,search,2026-05-31 07:41:34
9844,353,58,view,2026-05-21 18:46:58
9845,74,31,search,2026-06-01 06:33:41
9846,293,35,search,2026-06-14 06:51:40
9847,258,65,search,2026-06-20 07:50:17
9848,239,78,add_to_cart,2026-06-14 03:15:46
9849,465,62,search,2026-05-17 05:31:57
9850,338,11,purchase,2026-05-23 13:09:48
9851,75,70,search,2026-05-26 02:59:32
9852,351,5,search,2026-07-21 00:15:18
9853,375,37,search,2026-06-30 09:53:03
9854,172,38,view,2026-05-21 18:47:58
9855,115,59,view,2026-05-08 01:56:33
9856,222,39,view,2026-07-04 05:33:42
9857,95,62,search,2026-04-30 21:35:42
9858,36,78,view,2026-06-08 09:05:41
9859,390,21,search,2026-05-21 15:08:14
9860,33,59,view,2026-05-03 11:37:56
9861,369,32,search,2026-05-19 05:32:49
9862,233,1,view,2026-06-16 17:39:21
9863,106,72,add_to_cart,2026-04-27 17:16:28
9864,138,41,view,2026-06-21 19:16:17
9865,364,89,view,2026-07-21 11:40:18
9866,11,72,search,2026-05-30 20:04:00
9867,320,64,view,2026-04-24 18:03:01
9868,434,61,view,2026-05-05 00:47:10
9869,118,74,search,2026-06-24 07:17:03
9870,132,77,search,2026-05-26 00:05:45
9871,240,58,add_to_cart,2026-06-10 03:13:00
9872,419,99,view,2026-06-29 09:25:44
9873,491,51,add_to_cart,2026-05-03 15:24:53
9874,462,62,search,2026-05-01 05:17:45
9875,311,52,view,2026-06-03 04:00:33
9876,441,57,search,2026-07-16 07:40:42
9877,317,53,view,2026-07-21 06:57:32
9878,142,29,search,2026-06-01 19:15:10
9879,128,69,view,2026-04-25 17:10:48
9880,123,19,search,2026-06-03 12:36:16
9881,81,39,search,2026-06-23 10:03:01
9882,310,54,view,2026-06-22 22:33:42
9883,156,52,view,2026-07-12 06:32:30
9884,169,73,view,2026-04-27 15:42:02
9885,472,41,view,2026-05-23 12:59:20
9886,165,32,add_to_cart,2026-06-18 09:17:11
9887,390,44,view,2026-05-07 12:32:28
9888,64,84,view,2026-05-11 06:05:31
9889,29,70,search,2026-07-16 00:40:50
9890,46,90,view,2026-06-15 06:28:04
9891,370,32,add_to_cart,2026-07-22 19:53:42
9892,305,21,search,2026-07-22 18:06:46
9893,14,87,search,2026-07-13 14:22:04
9894,11,46,view,2026-06-01 02:55:29
9895,200,4,view,2026-05-29 04:01:35
9896,243,68,view,2026-06-04 08:51:25
9897,359,6,view,2026-05-02 10:36:55
9898,360,22,add_to_cart,2026-05-12 23:28:04
9899,53,41,view,2026-05-23 21:11:57
9900,9,35,add_to_cart,2026-05-06 15:16:42
9901,196,82,view,2026-06-13 14:50:11
9902,418,35,search,2026-05-08 19:50:52
9903,280,55,search,2026-07-15 19:27:58
9904,55,84,add_to_cart,2026-06-10 08:24:57
9905,272,94,purchase,2026-06-19 02:41:55
9906,448,26,add_to_cart,2026-05-16 16:08:45
9907,146,43,view,2026-07-15 09:44:23
9908,370,40,add_to_cart,2026-04-26 15:29:09
9909,55,71,view,2026-07-11 01:05:50
9910,200,58,view,2026-05-31 10:20:41
9911,49,54,add_to_cart,2026-07-03 08:27:48
9912,402,23,add_to_cart,2026-07-15 09:16:32
9913,432,99,view,2026-07-04 17:14:53
9914,251,37,view,2026-05-15 11:15:53
9915,46,69,view,2026-06-25 11:47:03
9916,392,63,add_to_cart,2026-06-28 14:28:01
9917,112,82,view,2026-07-13 22:40:34
9918,89,28,view,2026-06-05 06:26:08
9919,226,90,add_to_cart,2026-05-29 20:35:29
9920,172,55,search,2026-05-07 02:05:54
9921,498,85,add_to_cart,2026-05-16 02:35:15
9922,461,98,search,2026-07-05 07:23:30
9923,249,59,search,2026-06-06 00:04:01
9924,160,39,search,2026-05-02 02:26:53
9925,361,97,search,2026-05-11 11:54:46
9926,427,66,add_to_cart,2026-05-05 19:55:15
9927,187,87,view,2026-05-27 03:12:44
9928,130,44,add_to_cart,2026-06-25 21:49:14
9929,161,24,view,2026-07-03 03:19:22
9930,499,56,view,2026-06-15 10:55:23
9931,402,55,add_to_cart,2026-06-26 11:33:39
9932,3,64,search,2026-06-13 08:12:16
9933,50,98,view,2026-06-12 21:57:10
9934,173,92,view,2026-05-27 01:13:23
9935,44,32,search,2026-05-19 16:38:56
9936,469,6,view,2026-05-21 05:41:04
9937,371,12,search,2026-07-05 02:17:10
9938,198,3,view,2026-07-18 20:28:25
9939,321,18,search,2026-04-29 17:44:33
9940,460,45,search,2026-05-25 07:41:20
9941,466,35,view,2026-05-28 19:41:58
9942,46,17,view,2026-06-23 14:21:40
9943,13,85,search,2026-06-05 12:47:53
9944,64,13,search,2026-07-09 15:51:16
9945,435,45,search,2026-06-07 19:44:04
9946,133,82,view,2026-05-26 13:48:48
9947,146,1,view,2026-05-25 08:26:55
9948,320,35,view,2026-05-16 20:06:27
9949,463,77,search,2026-05-21 01:37:16
9950,460,17,search,2026-06-30 12:06:49
9951,200,33,search,2026-04-30 15:37:27
9952,351,22,search,2026-07-04 17:13:01
9953,458,27,view,2026-05-29 04:05:11
9954,29,61,search,2026-05-18 07:08:39
9955,9,44,search,2026-06-20 04:49:17
9956,16,5,view,2026-05-21 01:51:28
9957,381,94,search,2026-05-15 00:27:36
9958,115,96,search,2026-07-19 03:27:02
9959,237,19,view,2026-05-26 19:56:21
9960,412,47,search,2026-05-30 09:50:34
9961,427,45,add_to_cart,2026-07-04 02:01:41
9962,233,19,add_to_cart,2026-05-23 23:41:06
9963,363,64,view,2026-07-11 01:24:31
9964,213,94,add_to_cart,2026-06-16 18:11:05
9965,419,29,add_to_cart,2026-07-12 09:06:56
9966,140,77,view,2026-06-20 01:36:39
9967,468,38,view,2026-04-27 13:45:53
9968,347,88,view,2026-06-16 02:10:45
9969,303,66,view,2026-06-06 21:47:59
9970,328,57,search,2026-05-12 20:21:09
9971,478,68,add_to_cart,2026-04-26 04:18:25
9972,410,73,view,2026-05-12 04:44:53
9973,437,66,view,2026-06-06 23:36:45
9974,311,26,view,2026-07-16 14:53:01
9975,41,72,search,2026-06-05 16:04:41
9976,493,47,search,2026-06-20 20:23:47
9977,465,88,search,2026-06-02 22:56:39
9978,459,82,search,2026-04-26 10:21:56
9979,273,97,view,2026-07-18 02:13:35
9980,253,21,search,2026-06-29 15:02:50
9981,452,49,search,2026-04-25 01:19:12
9982,129,21,view,2026-06-15 14:02:55
9983,490,82,search,2026-05-29 08:11:17
9984,312,58,add_to_cart,2026-04-29 21:37:10
9985,483,75,search,2026-04-27 19:18:38
9986,400,17,view,2026-05-27 20:35:03
9987,399,17,view,2026-06-02 14:02:07
9988,483,75,add_to_cart,2026-07-19 19:08:58
9989,280,37,view,2026-04-26 17:41:28
9990,380,52,add_to_cart,2026-07-22 23:52:16
9991,319,33,view,2026-06-11 18:20:02
9992,118,79,view,2026-05-09 04:21:44
9993,186,81,search,2026-07-13 18:44:14
9994,472,35,view,2026-06-10 02:06:05
9995,143,82,view,2026-06-10 16:21:54
9996,48,70,search,2026-07-06 10:21:28
9997,404,1,view,2026-05-12 06:31:44
9998,34,97,view,2026-06-02 07:27:07
9999,294,24,search,2026-06-26 17:14:40
10000,41,95,view,2026-07-11 21:56:11
